Loan_ID,Gender,Married,Dependents,Education,Self_Employed,ApplicantIncome,CoapplicantIncome,LoanAmount,Loan_Amount_Term,Credit_History,Property_Area,Loan_Status
LP001002,Male,No,0,Graduate,No,5849,0.0,,360.0,1.0,Urban,Y
LP001003,Male,Yes,1,Graduate,No,4583,1508.0,128.0,360.0,1.0,Rural,N
LP001005,Male,Yes,0,Graduate,Yes,3000,0.0,66.0,360.0,1.0,Urban,Y
LP001006,Male,Yes,0,Not Graduate,No,2583,2358.0,120.0,360.0,1.0,Urban,Y
LP001008,Male,No,0,Graduate,No,6000,0.0,141.0,360.0,1.0,Urban,Y
LP001011,Male,Yes,2,Graduate,Yes,5417,4196.0,267.0,360.0,1.0,Urban,Y
LP001013,Male,Yes,0,Not Graduate,No,2333,1516.0,95.0,360.0,1.0,Urban,Y
LP001014,Male,Yes,3+,Graduate,No,3036,2504.0,158.0,360.0,0.0,Semiurban,N
LP001018,Male,Yes,2,Graduate,No,4006,1526.0,168.0,360.0,1.0,Urban,Y
LP001020,Male,Yes,1,Graduate,No,12841,10968.0,349.0,360.0,1.0,Semiurban,N
LP001024,Male,Yes,2,Graduate,No,3200,700.0,70.0,360.0,1.0,Urban,Y
LP001027,Male,Yes,2,Graduate,,2500,1840.0,109.0,360.0,1.0,Urban,Y
LP001028,Male,Yes,2,Graduate,No,3073,8106.0,200.0,360.0,1.0,Urban,Y
LP001029,Male,No,0,Graduate,No,1853,2840.0,114.0,360.0,1.0,Rural,N
LP001030,Male,Yes,2,Graduate,No,1299,1086.0,17.0,120.0,1.0,Urban,Y
LP001032,Male,No,0,Graduate,No,4950,0.0,125.0,360.0,1.0,Urban,Y
LP001034,Male,No,1,Not Graduate,No,3596,0.0,100.0,240.0,,Urban,Y
LP001036,Female,No,0,Graduate,No,3510,0.0,76.0,360.0,0.0,Urban,N
LP001038,Male,Yes,0,Not Graduate,No,4887,0.0,133.0,360.0,1.0,Rural,N
LP001041,Male,Yes,0,Graduate,,2600,3500.0,115.0,,1.0,Urban,Y
LP001043,Male,Yes,0,Not Graduate,No,7660,0.0,104.0,360.0,0.0,Urban,N
LP001046,Male,Yes,1,Graduate,No,5955,5625.0,315.0,360.0,1.0,Urban,Y
LP001047,Male,Yes,0,Not Graduate,No,2600,1911.0,116.0,360.0,0.0,Semiurban,N
LP001050,,Yes,2,Not Graduate,No,3365,1917.0,112.0,360.0,0.0,Rural,N
LP001052,Male,Yes,1,Graduate,,3717,2925.0,151.0,360.0,,Semiurban,N
LP001066,Male,Yes,0,Graduate,Yes,9560,0.0,191.0,360.0,1.0,Semiurban,Y
LP001068,Male,Yes,0,Graduate,No,2799,2253.0,122.0,360.0,1.0,Semiurban,Y
LP001073,Male,Yes,2,Not Graduate,No,4226,1040.0,110.0,360.0,1.0,Urban,Y
LP001086,Male,No,0,Not Graduate,No,1442,0.0,35.0,360.0,1.0,Urban,N
LP001087,Female,No,2,Graduate,,3750,2083.0,120.0,360.0,1.0,Semiurban,Y
LP001091,Male,Yes,1,Graduate,,4166,3369.0,201.0,360.0,,Urban,N
LP001095,Male,No,0,Graduate,No,3167,0.0,74.0,360.0,1.0,Urban,N
LP001097,Male,No,1,Graduate,Yes,4692,0.0,106.0,360.0,1.0,Rural,N
LP001098,Male,Yes,0,Graduate,No,3500,1667.0,114.0,360.0,1.0,Semiurban,Y
LP001100,Male,No,3+,Graduate,No,12500,3000.0,320.0,360.0,1.0,Rural,N
LP001106,Male,Yes,0,Graduate,No,2275,2067.0,,360.0,1.0,Urban,Y
LP001109,Male,Yes,0,Graduate,No,1828,1330.0,100.0,,0.0,Urban,N
LP001112,Female,Yes,0,Graduate,No,3667,1459.0,144.0,360.0,1.0,Semiurban,Y
LP001114,Male,No,0,Graduate,No,4166,7210.0,184.0,360.0,1.0,Urban,Y
LP001116,Male,No,0,Not Graduate,No,3748,1668.0,110.0,360.0,1.0,Semiurban,Y
LP001119,Male,No,0,Graduate,No,3600,0.0,80.0,360.0,1.0,Urban,N
LP001120,Male,No,0,Graduate,No,1800,1213.0,47.0,360.0,1.0,Urban,Y
LP001123,Male,Yes,0,Graduate,No,2400,0.0,75.0,360.0,,Urban,Y
LP001131,Male,Yes,0,Graduate,No,3941,2336.0,134.0,360.0,1.0,Semiurban,Y
LP001136,Male,Yes,0,Not Graduate,Yes,4695,0.0,96.0,,1.0,Urban,Y
LP001137,Female,No,0,Graduate,No,3410,0.0,88.0,,1.0,Urban,Y
LP001138,Male,Yes,1,Graduate,No,5649,0.0,44.0,360.0,1.0,Urban,Y
LP001144,Male,Yes,0,Graduate,No,5821,0.0,144.0,360.0,1.0,Urban,Y
LP001146,Female,Yes,0,Graduate,No,2645,3440.0,120.0,360.0,0.0,Urban,N
LP001151,Female,No,0,Graduate,No,4000,2275.0,144.0,360.0,1.0,Semiurban,Y
LP001155,Female,Yes,0,Not Graduate,No,1928,1644.0,100.0,360.0,1.0,Semiurban,Y
LP001157,Female,No,0,Graduate,No,3086,0.0,120.0,360.0,1.0,Semiurban,Y
LP001164,Female,No,0,Graduate,No,4230,0.0,112.0,360.0,1.0,Semiurban,N
LP001179,Male,Yes,2,Graduate,No,4616,0.0,134.0,360.0,1.0,Urban,N
LP001186,Female,Yes,1,Graduate,Yes,11500,0.0,286.0,360.0,0.0,Urban,N
LP001194,Male,Yes,2,Graduate,No,2708,1167.0,97.0,360.0,1.0,Semiurban,Y
LP001195,Male,Yes,0,Graduate,No,2132,1591.0,96.0,360.0,1.0,Semiurban,Y
LP001197,Male,Yes,0,Graduate,No,3366,2200.0,135.0,360.0,1.0,Rural,N
LP001198,Male,Yes,1,Graduate,No,8080,2250.0,180.0,360.0,1.0,Urban,Y
LP001199,Male,Yes,2,Not Graduate,No,3357,2859.0,144.0,360.0,1.0,Urban,Y
LP001205,Male,Yes,0,Graduate,No,2500,3796.0,120.0,360.0,1.0,Urban,Y
LP001206,Male,Yes,3+,Graduate,No,3029,0.0,99.0,360.0,1.0,Urban,Y
LP001207,Male,Yes,0,Not Graduate,Yes,2609,3449.0,165.0,180.0,0.0,Rural,N
LP001213,Male,Yes,1,Graduate,No,4945,0.0,,360.0,0.0,Rural,N
LP001222,Female,No,0,Graduate,No,4166,0.0,116.0,360.0,0.0,Semiurban,N
LP001225,Male,Yes,0,Graduate,No,5726,4595.0,258.0,360.0,1.0,Semiurban,N
LP001228,Male,No,0,Not Graduate,No,3200,2254.0,126.0,180.0,0.0,Urban,N
LP001233,Male,Yes,1,Graduate,No,10750,0.0,312.0,360.0,1.0,Urban,Y
LP001238,Male,Yes,3+,Not Graduate,Yes,7100,0.0,125.0,60.0,1.0,Urban,Y
LP001241,Female,No,0,Graduate,No,4300,0.0,136.0,360.0,0.0,Semiurban,N
LP001243,Male,Yes,0,Graduate,No,3208,3066.0,172.0,360.0,1.0,Urban,Y
LP001245,Male,Yes,2,Not Graduate,Yes,1875,1875.0,97.0,360.0,1.0,Semiurban,Y
LP001248,Male,No,0,Graduate,No,3500,0.0,81.0,300.0,1.0,Semiurban,Y
LP001250,Male,Yes,3+,Not Graduate,No,4755,0.0,95.0,,0.0,Semiurban,N
LP001253,Male,Yes,3+,Graduate,Yes,5266,1774.0,187.0,360.0,1.0,Semiurban,Y
LP001255,Male,No,0,Graduate,No,3750,0.0,113.0,480.0,1.0,Urban,N
LP001256,Male,No,0,Graduate,No,3750,4750.0,176.0,360.0,1.0,Urban,N
LP001259,Male,Yes,1,Graduate,Yes,1000,3022.0,110.0,360.0,1.0,Urban,N
LP001263,Male,Yes,3+,Graduate,No,3167,4000.0,180.0,300.0,0.0,Semiurban,N
LP001264,Male,Yes,3+,Not Graduate,Yes,3333,2166.0,130.0,360.0,,Semiurban,Y
LP001265,Female,No,0,Graduate,No,3846,0.0,111.0,360.0,1.0,Semiurban,Y
LP001266,Male,Yes,1,Graduate,Yes,2395,0.0,,360.0,1.0,Semiurban,Y
LP001267,Female,Yes,2,Graduate,No,1378,1881.0,167.0,360.0,1.0,Urban,N
LP001273,Male,Yes,0,Graduate,No,6000,2250.0,265.0,360.0,,Semiurban,N
LP001275,Male,Yes,1,Graduate,No,3988,0.0,50.0,240.0,1.0,Urban,Y
LP001279,Male,No,0,Graduate,No,2366,2531.0,136.0,360.0,1.0,Semiurban,Y
LP001280,Male,Yes,2,Not Graduate,No,3333,2000.0,99.0,360.0,,Semiurban,Y
LP001282,Male,Yes,0,Graduate,No,2500,2118.0,104.0,360.0,1.0,Semiurban,Y
LP001289,Male,No,0,Graduate,No,8566,0.0,210.0,360.0,1.0,Urban,Y
LP001310,Male,Yes,0,Graduate,No,5695,4167.0,175.0,360.0,1.0,Semiurban,Y
LP001316,Male,Yes,0,Graduate,No,2958,2900.0,131.0,360.0,1.0,Semiurban,Y
LP001318,Male,Yes,2,Graduate,No,6250,5654.0,188.0,180.0,1.0,Semiurban,Y
LP001319,Male,Yes,2,Not Graduate,No,3273,1820.0,81.0,360.0,1.0,Urban,Y
LP001322,Male,No,0,Graduate,No,4133,0.0,122.0,360.0,1.0,Semiurban,Y
LP001325,Male,No,0,Not Graduate,No,3620,0.0,25.0,120.0,1.0,Semiurban,Y
LP001326,Male,No,0,Graduate,,6782,0.0,,360.0,,Urban,N
LP001327,Female,Yes,0,Graduate,No,2484,2302.0,137.0,360.0,1.0,Semiurban,Y
LP001333,Male,Yes,0,Graduate,No,1977,997.0,50.0,360.0,1.0,Semiurban,Y
LP001334,Male,Yes,0,Not Graduate,No,4188,0.0,115.0,180.0,1.0,Semiurban,Y
LP001343,Male,Yes,0,Graduate,No,1759,3541.0,131.0,360.0,1.0,Semiurban,Y
LP001345,Male,Yes,2,Not Graduate,No,4288,3263.0,133.0,180.0,1.0,Urban,Y
LP001349,Male,No,0,Graduate,No,4843,3806.0,151.0,360.0,1.0,Semiurban,Y
LP001350,Male,Yes,,Graduate,No,13650,0.0,,360.0,1.0,Urban,Y
LP001356,Male,Yes,0,Graduate,No,4652,3583.0,,360.0,1.0,Semiurban,Y
LP001357,Male,,,Graduate,No,3816,754.0,160.0,360.0,1.0,Urban,Y
LP001367,Male,Yes,1,Graduate,No,3052,1030.0,100.0,360.0,1.0,Urban,Y
LP001369,Male,Yes,2,Graduate,No,11417,1126.0,225.0,360.0,1.0,Urban,Y
LP001370,Male,No,0,Not Graduate,,7333,0.0,120.0,360.0,1.0,Rural,N
LP001379,Male,Yes,2,Graduate,No,3800,3600.0,216.0,360.0,0.0,Urban,N
LP001384,Male,Yes,3+,Not Graduate,No,2071,754.0,94.0,480.0,1.0,Semiurban,Y
LP001385,Male,No,0,Graduate,No,5316,0.0,136.0,360.0,1.0,Urban,Y
LP001387,Female,Yes,0,Graduate,,2929,2333.0,139.0,360.0,1.0,Semiurban,Y
LP001391,Male,Yes,0,Not Graduate,No,3572,4114.0,152.0,,0.0,Rural,N
LP001392,Female,No,1,Graduate,Yes,7451,0.0,,360.0,1.0,Semiurban,Y
LP001398,Male,No,0,Graduate,,5050,0.0,118.0,360.0,1.0,Semiurban,Y
LP001401,Male,Yes,1,Graduate,No,14583,0.0,185.0,180.0,1.0,Rural,Y
LP001404,Female,Yes,0,Graduate,No,3167,2283.0,154.0,360.0,1.0,Semiurban,Y
LP001405,Male,Yes,1,Graduate,No,2214,1398.0,85.0,360.0,,Urban,Y
LP001421,Male,Yes,0,Graduate,No,5568,2142.0,175.0,360.0,1.0,Rural,N
LP001422,Female,No,0,Graduate,No,10408,0.0,259.0,360.0,1.0,Urban,Y
LP001426,Male,Yes,,Graduate,No,5667,2667.0,180.0,360.0,1.0,Rural,Y
LP001430,Female,No,0,Graduate,No,4166,0.0,44.0,360.0,1.0,Semiurban,Y
LP001431,Female,No,0,Graduate,No,2137,8980.0,137.0,360.0,0.0,Semiurban,Y
LP001432,Male,Yes,2,Graduate,No,2957,0.0,81.0,360.0,1.0,Semiurban,Y
LP001439,Male,Yes,0,Not Graduate,No,4300,2014.0,194.0,360.0,1.0,Rural,Y
LP001443,Female,No,0,Graduate,No,3692,0.0,93.0,360.0,,Rural,Y
LP001448,,Yes,3+,Graduate,No,23803,0.0,370.0,360.0,1.0,Rural,Y
LP001449,Male,No,0,Graduate,No,3865,1640.0,,360.0,1.0,Rural,Y
LP001451,Male,Yes,1,Graduate,Yes,10513,3850.0,160.0,180.0,0.0,Urban,N
LP001465,Male,Yes,0,Graduate,No,6080,2569.0,182.0,360.0,,Rural,N
LP001469,Male,No,0,Graduate,Yes,20166,0.0,650.0,480.0,,Urban,Y
LP001473,Male,No,0,Graduate,No,2014,1929.0,74.0,360.0,1.0,Urban,Y
LP001478,Male,No,0,Graduate,No,2718,0.0,70.0,360.0,1.0,Semiurban,Y
LP001482,Male,Yes,0,Graduate,Yes,3459,0.0,25.0,120.0,1.0,Semiurban,Y
LP001487,Male,No,0,Graduate,No,4895,0.0,102.0,360.0,1.0,Semiurban,Y
LP001488,Male,Yes,3+,Graduate,No,4000,7750.0,290.0,360.0,1.0,Semiurban,N
LP001489,Female,Yes,0,Graduate,No,4583,0.0,84.0,360.0,1.0,Rural,N
LP001491,Male,Yes,2,Graduate,Yes,3316,3500.0,88.0,360.0,1.0,Urban,Y
LP001492,Male,No,0,Graduate,No,14999,0.0,242.0,360.0,0.0,Semiurban,N
LP001493,Male,Yes,2,Not Graduate,No,4200,1430.0,129.0,360.0,1.0,Rural,N
LP001497,Male,Yes,2,Graduate,No,5042,2083.0,185.0,360.0,1.0,Rural,N
LP001498,Male,No,0,Graduate,No,5417,0.0,168.0,360.0,1.0,Urban,Y
LP001504,Male,No,0,Graduate,Yes,6950,0.0,175.0,180.0,1.0,Semiurban,Y
LP001507,Male,Yes,0,Graduate,No,2698,2034.0,122.0,360.0,1.0,Semiurban,Y
LP001508,Male,Yes,2,Graduate,No,11757,0.0,187.0,180.0,1.0,Urban,Y
LP001514,Female,Yes,0,Graduate,No,2330,4486.0,100.0,360.0,1.0,Semiurban,Y
LP001516,Female,Yes,2,Graduate,No,14866,0.0,70.0,360.0,1.0,Urban,Y
LP001518,Male,Yes,1,Graduate,No,1538,1425.0,30.0,360.0,1.0,Urban,Y
LP001519,Female,No,0,Graduate,No,10000,1666.0,225.0,360.0,1.0,Rural,N
LP001520,Male,Yes,0,Graduate,No,4860,830.0,125.0,360.0,1.0,Semiurban,Y
LP001528,Male,No,0,Graduate,No,6277,0.0,118.0,360.0,0.0,Rural,N
LP001529,Male,Yes,0,Graduate,Yes,2577,3750.0,152.0,360.0,1.0,Rural,Y
LP001531,Male,No,0,Graduate,No,9166,0.0,244.0,360.0,1.0,Urban,N
LP001532,Male,Yes,2,Not Graduate,No,2281,0.0,113.0,360.0,1.0,Rural,N
LP001535,Male,No,0,Graduate,No,3254,0.0,50.0,360.0,1.0,Urban,Y
LP001536,Male,Yes,3+,Graduate,No,39999,0.0,600.0,180.0,0.0,Semiurban,Y
LP001541,Male,Yes,1,Graduate,No,6000,0.0,160.0,360.0,,Rural,Y
LP001543,Male,Yes,1,Graduate,No,9538,0.0,187.0,360.0,1.0,Urban,Y
LP001546,Male,No,0,Graduate,,2980,2083.0,120.0,360.0,1.0,Rural,Y
LP001552,Male,Yes,0,Graduate,No,4583,5625.0,255.0,360.0,1.0,Semiurban,Y
LP001560,Male,Yes,0,Not Graduate,No,1863,1041.0,98.0,360.0,1.0,Semiurban,Y
LP001562,Male,Yes,0,Graduate,No,7933,0.0,275.0,360.0,1.0,Urban,N
LP001565,Male,Yes,1,Graduate,No,3089,1280.0,121.0,360.0,0.0,Semiurban,N
LP001570,Male,Yes,2,Graduate,No,4167,1447.0,158.0,360.0,1.0,Rural,Y
LP001572,Male,Yes,0,Graduate,No,9323,0.0,75.0,180.0,1.0,Urban,Y
LP001574,Male,Yes,0,Graduate,No,3707,3166.0,182.0,,1.0,Rural,Y
LP001577,Female,Yes,0,Graduate,No,4583,0.0,112.0,360.0,1.0,Rural,N
LP001578,Male,Yes,0,Graduate,No,2439,3333.0,129.0,360.0,1.0,Rural,Y
LP001579,Male,No,0,Graduate,No,2237,0.0,63.0,480.0,0.0,Semiurban,N
LP001580,Male,Yes,2,Graduate,No,8000,0.0,200.0,360.0,1.0,Semiurban,Y
LP001581,Male,Yes,0,Not Graduate,,1820,1769.0,95.0,360.0,1.0,Rural,Y
LP001585,,Yes,3+,Graduate,No,51763,0.0,700.0,300.0,1.0,Urban,Y
LP001586,Male,Yes,3+,Not Graduate,No,3522,0.0,81.0,180.0,1.0,Rural,N
LP001594,Male,Yes,0,Graduate,No,5708,5625.0,187.0,360.0,1.0,Semiurban,Y
LP001603,Male,Yes,0,Not Graduate,Yes,4344,736.0,87.0,360.0,1.0,Semiurban,N
LP001606,Male,Yes,0,Graduate,No,3497,1964.0,116.0,360.0,1.0,Rural,Y
LP001608,Male,Yes,2,Graduate,No,2045,1619.0,101.0,360.0,1.0,Rural,Y
LP001610,Male,Yes,3+,Graduate,No,5516,11300.0,495.0,360.0,0.0,Semiurban,N
LP001616,Male,Yes,1,Graduate,No,3750,0.0,116.0,360.0,1.0,Semiurban,Y
LP001630,Male,No,0,Not Graduate,No,2333,1451.0,102.0,480.0,0.0,Urban,N
LP001633,Male,Yes,1,Graduate,No,6400,7250.0,180.0,360.0,0.0,Urban,N
LP001634,Male,No,0,Graduate,No,1916,5063.0,67.0,360.0,,Rural,N
LP001636,Male,Yes,0,Graduate,No,4600,0.0,73.0,180.0,1.0,Semiurban,Y
LP001637,Male,Yes,1,Graduate,No,33846,0.0,260.0,360.0,1.0,Semiurban,N
LP001639,Female,Yes,0,Graduate,No,3625,0.0,108.0,360.0,1.0,Semiurban,Y
LP001640,Male,Yes,0,Graduate,Yes,39147,4750.0,120.0,360.0,1.0,Semiurban,Y
LP001641,Male,Yes,1,Graduate,Yes,2178,0.0,66.0,300.0,0.0,Rural,N
LP001643,Male,Yes,0,Graduate,No,2383,2138.0,58.0,360.0,,Rural,Y
LP001644,,Yes,0,Graduate,Yes,674,5296.0,168.0,360.0,1.0,Rural,Y
LP001647,Male,Yes,0,Graduate,No,9328,0.0,188.0,180.0,1.0,Rural,Y
LP001653,Male,No,0,Not Graduate,No,4885,0.0,48.0,360.0,1.0,Rural,Y
LP001656,Male,No,0,Graduate,No,12000,0.0,164.0,360.0,1.0,Semiurban,N
LP001657,Male,Yes,0,Not Graduate,No,6033,0.0,160.0,360.0,1.0,Urban,N
LP001658,Male,No,0,Graduate,No,3858,0.0,76.0,360.0,1.0,Semiurban,Y
LP001664,Male,No,0,Graduate,No,4191,0.0,120.0,360.0,1.0,Rural,Y
LP001665,Male,Yes,1,Graduate,No,3125,2583.0,170.0,360.0,1.0,Semiurban,N
LP001666,Male,No,0,Graduate,No,8333,3750.0,187.0,360.0,1.0,Rural,Y
LP001669,Female,No,0,Not Graduate,No,1907,2365.0,120.0,,1.0,Urban,Y
LP001671,Female,Yes,0,Graduate,No,3416,2816.0,113.0,360.0,,Semiurban,Y
LP001673,Male,No,0,Graduate,Yes,11000,0.0,83.0,360.0,1.0,Urban,N
LP001674,Male,Yes,1,Not Graduate,No,2600,2500.0,90.0,360.0,1.0,Semiurban,Y
LP001677,Male,No,2,Graduate,No,4923,0.0,166.0,360.0,0.0,Semiurban,Y
LP001682,Male,Yes,3+,Not Graduate,No,3992,0.0,,180.0,1.0,Urban,N
LP001688,Male,Yes,1,Not Graduate,No,3500,1083.0,135.0,360.0,1.0,Urban,Y
LP001691,Male,Yes,2,Not Graduate,No,3917,0.0,124.0,360.0,1.0,Semiurban,Y
LP001692,Female,No,0,Not Graduate,No,4408,0.0,120.0,360.0,1.0,Semiurban,Y
LP001693,Female,No,0,Graduate,No,3244,0.0,80.0,360.0,1.0,Urban,Y
LP001698,Male,No,0,Not Graduate,No,3975,2531.0,55.0,360.0,1.0,Rural,Y
LP001699,Male,No,0,Graduate,No,2479,0.0,59.0,360.0,1.0,Urban,Y
LP001702,Male,No,0,Graduate,No,3418,0.0,127.0,360.0,1.0,Semiurban,N
LP001708,Female,No,0,Graduate,No,10000,0.0,214.0,360.0,1.0,Semiurban,N
LP001711,Male,Yes,3+,Graduate,No,3430,1250.0,128.0,360.0,0.0,Semiurban,N
LP001713,Male,Yes,1,Graduate,Yes,7787,0.0,240.0,360.0,1.0,Urban,Y
LP001715,Male,Yes,3+,Not Graduate,Yes,5703,0.0,130.0,360.0,1.0,Rural,Y
LP001716,Male,Yes,0,Graduate,No,3173,3021.0,137.0,360.0,1.0,Urban,Y
LP001720,Male,Yes,3+,Not Graduate,No,3850,983.0,100.0,360.0,1.0,Semiurban,Y
LP001722,Male,Yes,0,Graduate,No,150,1800.0,135.0,360.0,1.0,Rural,N
LP001726,Male,Yes,0,Graduate,No,3727,1775.0,131.0,360.0,1.0,Semiurban,Y
LP001732,Male,Yes,2,Graduate,,5000,0.0,72.0,360.0,0.0,Semiurban,N
LP001734,Female,Yes,2,Graduate,No,4283,2383.0,127.0,360.0,,Semiurban,Y
LP001736,Male,Yes,0,Graduate,No,2221,0.0,60.0,360.0,0.0,Urban,N
LP001743,Male,Yes,2,Graduate,No,4009,1717.0,116.0,360.0,1.0,Semiurban,Y
LP001744,Male,No,0,Graduate,No,2971,2791.0,144.0,360.0,1.0,Semiurban,Y
LP001749,Male,Yes,0,Graduate,No,7578,1010.0,175.0,,1.0,Semiurban,Y
LP001750,Male,Yes,0,Graduate,No,6250,0.0,128.0,360.0,1.0,Semiurban,Y
LP001751,Male,Yes,0,Graduate,No,3250,0.0,170.0,360.0,1.0,Rural,N
LP001754,Male,Yes,,Not Graduate,Yes,4735,0.0,138.0,360.0,1.0,Urban,N
LP001758,Male,Yes,2,Graduate,No,6250,1695.0,210.0,360.0,1.0,Semiurban,Y
LP001760,Male,,,Graduate,No,4758,0.0,158.0,480.0,1.0,Semiurban,Y
LP001761,Male,No,0,Graduate,Yes,6400,0.0,200.0,360.0,1.0,Rural,Y
LP001765,Male,Yes,1,Graduate,No,2491,2054.0,104.0,360.0,1.0,Semiurban,Y
LP001768,Male,Yes,0,Graduate,,3716,0.0,42.0,180.0,1.0,Rural,Y
LP001770,Male,No,0,Not Graduate,No,3189,2598.0,120.0,,1.0,Rural,Y
LP001776,Female,No,0,Graduate,No,8333,0.0,280.0,360.0,1.0,Semiurban,Y
LP001778,Male,Yes,1,Graduate,No,3155,1779.0,140.0,360.0,1.0,Semiurban,Y
LP001784,Male,Yes,1,Graduate,No,5500,1260.0,170.0,360.0,1.0,Rural,Y
LP001786,Male,Yes,0,Graduate,,5746,0.0,255.0,360.0,,Urban,N
LP001788,Female,No,0,Graduate,Yes,3463,0.0,122.0,360.0,,Urban,Y
LP001790,Female,No,1,Graduate,No,3812,0.0,112.0,360.0,1.0,Rural,Y
LP001792,Male,Yes,1,Graduate,No,3315,0.0,96.0,360.0,1.0,Semiurban,Y
LP001798,Male,Yes,2,Graduate,No,5819,5000.0,120.0,360.0,1.0,Rural,Y
LP001800,Male,Yes,1,Not Graduate,No,2510,1983.0,140.0,180.0,1.0,Urban,N
LP001806,Male,No,0,Graduate,No,2965,5701.0,155.0,60.0,1.0,Urban,Y
LP001807,Male,Yes,2,Graduate,Yes,6250,1300.0,108.0,360.0,1.0,Rural,Y
LP001811,Male,Yes,0,Not Graduate,No,3406,4417.0,123.0,360.0,1.0,Semiurban,Y
LP001813,Male,No,0,Graduate,Yes,6050,4333.0,120.0,180.0,1.0,Urban,N
LP001814,Male,Yes,2,Graduate,No,9703,0.0,112.0,360.0,1.0,Urban,Y
LP001819,Male,Yes,1,Not Graduate,No,6608,0.0,137.0,180.0,1.0,Urban,Y
LP001824,Male,Yes,1,Graduate,No,2882,1843.0,123.0,480.0,1.0,Semiurban,Y
LP001825,Male,Yes,0,Graduate,No,1809,1868.0,90.0,360.0,1.0,Urban,Y
LP001835,Male,Yes,0,Not Graduate,No,1668,3890.0,201.0,360.0,0.0,Semiurban,N
LP001836,Female,No,2,Graduate,No,3427,0.0,138.0,360.0,1.0,Urban,N
LP001841,Male,No,0,Not Graduate,Yes,2583,2167.0,104.0,360.0,1.0,Rural,Y
LP001843,Male,Yes,1,Not Graduate,No,2661,7101.0,279.0,180.0,1.0,Semiurban,Y
LP001844,Male,No,0,Graduate,Yes,16250,0.0,192.0,360.0,0.0,Urban,N
LP001846,Female,No,3+,Graduate,No,3083,0.0,255.0,360.0,1.0,Rural,Y
LP001849,Male,No,0,Not Graduate,No,6045,0.0,115.0,360.0,0.0,Rural,N
LP001854,Male,Yes,3+,Graduate,No,5250,0.0,94.0,360.0,1.0,Urban,N
LP001859,Male,Yes,0,Graduate,No,14683,2100.0,304.0,360.0,1.0,Rural,N
LP001864,Male,Yes,3+,Not Graduate,No,4931,0.0,128.0,360.0,,Semiurban,N
LP001865,Male,Yes,1,Graduate,No,6083,4250.0,330.0,360.0,,Urban,Y
LP001868,Male,No,0,Graduate,No,2060,2209.0,134.0,360.0,1.0,Semiurban,Y
LP001870,Female,No,1,Graduate,No,3481,0.0,155.0,36.0,1.0,Semiurban,N
LP001871,Female,No,0,Graduate,No,7200,0.0,120.0,360.0,1.0,Rural,Y
LP001872,Male,No,0,Graduate,Yes,5166,0.0,128.0,360.0,1.0,Semiurban,Y
LP001875,Male,No,0,Graduate,No,4095,3447.0,151.0,360.0,1.0,Rural,Y
LP001877,Male,Yes,2,Graduate,No,4708,1387.0,150.0,360.0,1.0,Semiurban,Y
LP001882,Male,Yes,3+,Graduate,No,4333,1811.0,160.0,360.0,0.0,Urban,Y
LP001883,Female,No,0,Graduate,,3418,0.0,135.0,360.0,1.0,Rural,N
LP001884,Female,No,1,Graduate,No,2876,1560.0,90.0,360.0,1.0,Urban,Y
LP001888,Female,No,0,Graduate,No,3237,0.0,30.0,360.0,1.0,Urban,Y
LP001891,Male,Yes,0,Graduate,No,11146,0.0,136.0,360.0,1.0,Urban,Y
LP001892,Male,No,0,Graduate,No,2833,1857.0,126.0,360.0,1.0,Rural,Y
LP001894,Male,Yes,0,Graduate,No,2620,2223.0,150.0,360.0,1.0,Semiurban,Y
LP001896,Male,Yes,2,Graduate,No,3900,0.0,90.0,360.0,1.0,Semiurban,Y
LP001900,Male,Yes,1,Graduate,No,2750,1842.0,115.0,360.0,1.0,Semiurban,Y
LP001903,Male,Yes,0,Graduate,No,3993,3274.0,207.0,360.0,1.0,Semiurban,Y
LP001904,Male,Yes,0,Graduate,No,3103,1300.0,80.0,360.0,1.0,Urban,Y
LP001907,Male,Yes,0,Graduate,No,14583,0.0,436.0,360.0,1.0,Semiurban,Y
LP001908,Female,Yes,0,Not Graduate,No,4100,0.0,124.0,360.0,,Rural,Y
LP001910,Male,No,1,Not Graduate,Yes,4053,2426.0,158.0,360.0,0.0,Urban,N
LP001914,Male,Yes,0,Graduate,No,3927,800.0,112.0,360.0,1.0,Semiurban,Y
LP001915,Male,Yes,2,Graduate,No,2301,985.7999878,78.0,180.0,1.0,Urban,Y
LP001917,Female,No,0,Graduate,No,1811,1666.0,54.0,360.0,1.0,Urban,Y
LP001922,Male,Yes,0,Graduate,No,20667,0.0,,360.0,1.0,Rural,N
LP001924,Male,No,0,Graduate,No,3158,3053.0,89.0,360.0,1.0,Rural,Y
LP001925,Female,No,0,Graduate,Yes,2600,1717.0,99.0,300.0,1.0,Semiurban,N
LP001926,Male,Yes,0,Graduate,No,3704,2000.0,120.0,360.0,1.0,Rural,Y
LP001931,Female,No,0,Graduate,No,4124,0.0,115.0,360.0,1.0,Semiurban,Y
LP001935,Male,No,0,Graduate,No,9508,0.0,187.0,360.0,1.0,Rural,Y
LP001936,Male,Yes,0,Graduate,No,3075,2416.0,139.0,360.0,1.0,Rural,Y
LP001938,Male,Yes,2,Graduate,No,4400,0.0,127.0,360.0,0.0,Semiurban,N
LP001940,Male,Yes,2,Graduate,No,3153,1560.0,134.0,360.0,1.0,Urban,Y
LP001945,Female,No,,Graduate,No,5417,0.0,143.0,480.0,0.0,Urban,N
LP001947,Male,Yes,0,Graduate,No,2383,3334.0,172.0,360.0,1.0,Semiurban,Y
LP001949,Male,Yes,3+,Graduate,,4416,1250.0,110.0,360.0,1.0,Urban,Y
LP001953,Male,Yes,1,Graduate,No,6875,0.0,200.0,360.0,1.0,Semiurban,Y
LP001954,Female,Yes,1,Graduate,No,4666,0.0,135.0,360.0,1.0,Urban,Y
LP001955,Female,No,0,Graduate,No,5000,2541.0,151.0,480.0,1.0,Rural,N
LP001963,Male,Yes,1,Graduate,No,2014,2925.0,113.0,360.0,1.0,Urban,N
LP001964,Male,Yes,0,Not Graduate,No,1800,2934.0,93.0,360.0,0.0,Urban,N
LP001972,Male,Yes,,Not Graduate,No,2875,1750.0,105.0,360.0,1.0,Semiurban,Y
LP001974,Female,No,0,Graduate,No,5000,0.0,132.0,360.0,1.0,Rural,Y
LP001977,Male,Yes,1,Graduate,No,1625,1803.0,96.0,360.0,1.0,Urban,Y
LP001978,Male,No,0,Graduate,No,4000,2500.0,140.0,360.0,1.0,Rural,Y
LP001990,Male,No,0,Not Graduate,No,2000,0.0,,360.0,1.0,Urban,N
LP001993,Female,No,0,Graduate,No,3762,1666.0,135.0,360.0,1.0,Rural,Y
LP001994,Female,No,0,Graduate,No,2400,1863.0,104.0,360.0,0.0,Urban,N
LP001996,Male,No,0,Graduate,No,20233,0.0,480.0,360.0,1.0,Rural,N
LP001998,Male,Yes,2,Not Graduate,No,7667,0.0,185.0,360.0,,Rural,Y
LP002002,Female,No,0,Graduate,No,2917,0.0,84.0,360.0,1.0,Semiurban,Y
LP002004,Male,No,0,Not Graduate,No,2927,2405.0,111.0,360.0,1.0,Semiurban,Y
LP002006,Female,No,0,Graduate,No,2507,0.0,56.0,360.0,1.0,Rural,Y
LP002008,Male,Yes,2,Graduate,Yes,5746,0.0,144.0,84.0,,Rural,Y
LP002024,,Yes,0,Graduate,No,2473,1843.0,159.0,360.0,1.0,Rural,N
LP002031,Male,Yes,1,Not Graduate,No,3399,1640.0,111.0,180.0,1.0,Urban,Y
LP002035,Male,Yes,2,Graduate,No,3717,0.0,120.0,360.0,1.0,Semiurban,Y
LP002036,Male,Yes,0,Graduate,No,2058,2134.0,88.0,360.0,,Urban,Y
LP002043,Female,No,1,Graduate,No,3541,0.0,112.0,360.0,,Semiurban,Y
LP002050,Male,Yes,1,Graduate,Yes,10000,0.0,155.0,360.0,1.0,Rural,N
LP002051,Male,Yes,0,Graduate,No,2400,2167.0,115.0,360.0,1.0,Semiurban,Y
LP002053,Male,Yes,3+,Graduate,No,4342,189.0,124.0,360.0,1.0,Semiurban,Y
LP002054,Male,Yes,2,Not Graduate,No,3601,1590.0,,360.0,1.0,Rural,Y
LP002055,Female,No,0,Graduate,No,3166,2985.0,132.0,360.0,,Rural,Y
LP002065,Male,Yes,3+,Graduate,No,15000,0.0,300.0,360.0,1.0,Rural,Y
LP002067,Male,Yes,1,Graduate,Yes,8666,4983.0,376.0,360.0,0.0,Rural,N
LP002068,Male,No,0,Graduate,No,4917,0.0,130.0,360.0,0.0,Rural,Y
LP002082,Male,Yes,0,Graduate,Yes,5818,2160.0,184.0,360.0,1.0,Semiurban,Y
LP002086,Female,Yes,0,Graduate,No,4333,2451.0,110.0,360.0,1.0,Urban,N
LP002087,Female,No,0,Graduate,No,2500,0.0,67.0,360.0,1.0,Urban,Y
LP002097,Male,No,1,Graduate,No,4384,1793.0,117.0,360.0,1.0,Urban,Y
LP002098,Male,No,0,Graduate,No,2935,0.0,98.0,360.0,1.0,Semiurban,Y
LP002100,Male,No,,Graduate,No,2833,0.0,71.0,360.0,1.0,Urban,Y
LP002101,Male,Yes,0,Graduate,,63337,0.0,490.0,180.0,1.0,Urban,Y
LP002103,,Yes,1,Graduate,Yes,9833,1833.0,182.0,180.0,1.0,Urban,Y
LP002106,Male,Yes,,Graduate,Yes,5503,4490.0,70.0,,1.0,Semiurban,Y
LP002110,Male,Yes,1,Graduate,,5250,688.0,160.0,360.0,1.0,Rural,Y
LP002112,Male,Yes,2,Graduate,Yes,2500,4600.0,176.0,360.0,1.0,Rural,Y
LP002113,Female,No,3+,Not Graduate,No,1830,0.0,,360.0,0.0,Urban,N
LP002114,Female,No,0,Graduate,No,4160,0.0,71.0,360.0,1.0,Semiurban,Y
LP002115,Male,Yes,3+,Not Graduate,No,2647,1587.0,173.0,360.0,1.0,Rural,N
LP002116,Female,No,0,Graduate,No,2378,0.0,46.0,360.0,1.0,Rural,N
LP002119,Male,Yes,1,Not Graduate,No,4554,1229.0,158.0,360.0,1.0,Urban,Y
LP002126,Male,Yes,3+,Not Graduate,No,3173,0.0,74.0,360.0,1.0,Semiurban,Y
LP002128,Male,Yes,2,Graduate,,2583,2330.0,125.0,360.0,1.0,Rural,Y
LP002129,Male,Yes,0,Graduate,No,2499,2458.0,160.0,360.0,1.0,Semiurban,Y
LP002130,Male,Yes,,Not Graduate,No,3523,3230.0,152.0,360.0,0.0,Rural,N
LP002131,Male,Yes,2,Not Graduate,No,3083,2168.0,126.0,360.0,1.0,Urban,Y
LP002137,Male,Yes,0,Graduate,No,6333,4583.0,259.0,360.0,,Semiurban,Y
LP002138,Male,Yes,0,Graduate,No,2625,6250.0,187.0,360.0,1.0,Rural,Y
LP002139,Male,Yes,0,Graduate,No,9083,0.0,228.0,360.0,1.0,Semiurban,Y
LP002140,Male,No,0,Graduate,No,8750,4167.0,308.0,360.0,1.0,Rural,N
LP002141,Male,Yes,3+,Graduate,No,2666,2083.0,95.0,360.0,1.0,Rural,Y
LP002142,Female,Yes,0,Graduate,Yes,5500,0.0,105.0,360.0,0.0,Rural,N
LP002143,Female,Yes,0,Graduate,No,2423,505.0,130.0,360.0,1.0,Semiurban,Y
LP002144,Female,No,,Graduate,No,3813,0.0,116.0,180.0,1.0,Urban,Y
LP002149,Male,Yes,2,Graduate,No,8333,3167.0,165.0,360.0,1.0,Rural,Y
LP002151,Male,Yes,1,Graduate,No,3875,0.0,67.0,360.0,1.0,Urban,N
LP002158,Male,Yes,0,Not Graduate,No,3000,1666.0,100.0,480.0,0.0,Urban,N
LP002160,Male,Yes,3+,Graduate,No,5167,3167.0,200.0,360.0,1.0,Semiurban,Y
LP002161,Female,No,1,Graduate,No,4723,0.0,81.0,360.0,1.0,Semiurban,N
LP002170,Male,Yes,2,Graduate,No,5000,3667.0,236.0,360.0,1.0,Semiurban,Y
LP002175,Male,Yes,0,Graduate,No,4750,2333.0,130.0,360.0,1.0,Urban,Y
LP002178,Male,Yes,0,Graduate,No,3013,3033.0,95.0,300.0,,Urban,Y
LP002180,Male,No,0,Graduate,Yes,6822,0.0,141.0,360.0,1.0,Rural,Y
LP002181,Male,No,0,Not Graduate,No,6216,0.0,133.0,360.0,1.0,Rural,N
LP002187,Male,No,0,Graduate,No,2500,0.0,96.0,480.0,1.0,Semiurban,N
LP002188,Male,No,0,Graduate,No,5124,0.0,124.0,,0.0,Rural,N
LP002190,Male,Yes,1,Graduate,No,6325,0.0,175.0,360.0,1.0,Semiurban,Y
LP002191,Male,Yes,0,Graduate,No,19730,5266.0,570.0,360.0,1.0,Rural,N
LP002194,Female,No,0,Graduate,Yes,15759,0.0,55.0,360.0,1.0,Semiurban,Y
LP002197,Male,Yes,2,Graduate,No,5185,0.0,155.0,360.0,1.0,Semiurban,Y
LP002201,Male,Yes,2,Graduate,Yes,9323,7873.0,380.0,300.0,1.0,Rural,Y
LP002205,Male,No,1,Graduate,No,3062,1987.0,111.0,180.0,0.0,Urban,N
LP002209,Female,No,0,Graduate,,2764,1459.0,110.0,360.0,1.0,Urban,Y
LP002211,Male,Yes,0,Graduate,No,4817,923.0,120.0,180.0,1.0,Urban,Y
LP002219,Male,Yes,3+,Graduate,No,8750,4996.0,130.0,360.0,1.0,Rural,Y
LP002223,Male,Yes,0,Graduate,No,4310,0.0,130.0,360.0,,Semiurban,Y
LP002224,Male,No,0,Graduate,No,3069,0.0,71.0,480.0,1.0,Urban,N
LP002225,Male,Yes,2,Graduate,No,5391,0.0,130.0,360.0,1.0,Urban,Y
LP002226,Male,Yes,0,Graduate,,3333,2500.0,128.0,360.0,1.0,Semiurban,Y
LP002229,Male,No,0,Graduate,No,5941,4232.0,296.0,360.0,1.0,Semiurban,Y
LP002231,Female,No,0,Graduate,No,6000,0.0,156.0,360.0,1.0,Urban,Y
LP002234,Male,No,0,Graduate,Yes,7167,0.0,128.0,360.0,1.0,Urban,Y
LP002236,Male,Yes,2,Graduate,No,4566,0.0,100.0,360.0,1.0,Urban,N
LP002237,Male,No,1,Graduate,,3667,0.0,113.0,180.0,1.0,Urban,Y
LP002239,Male,No,0,Not Graduate,No,2346,1600.0,132.0,360.0,1.0,Semiurban,Y
LP002243,Male,Yes,0,Not Graduate,No,3010,3136.0,,360.0,0.0,Urban,N
LP002244,Male,Yes,0,Graduate,No,2333,2417.0,136.0,360.0,1.0,Urban,Y
LP002250,Male,Yes,0,Graduate,No,5488,0.0,125.0,360.0,1.0,Rural,Y
LP002255,Male,No,3+,Graduate,No,9167,0.0,185.0,360.0,1.0,Rural,Y
LP002262,Male,Yes,3+,Graduate,No,9504,0.0,275.0,360.0,1.0,Rural,Y
LP002263,Male,Yes,0,Graduate,No,2583,2115.0,120.0,360.0,,Urban,Y
LP002265,Male,Yes,2,Not Graduate,No,1993,1625.0,113.0,180.0,1.0,Semiurban,Y
LP002266,Male,Yes,2,Graduate,No,3100,1400.0,113.0,360.0,1.0,Urban,Y
LP002272,Male,Yes,2,Graduate,No,3276,484.0,135.0,360.0,,Semiurban,Y
LP002277,Female,No,0,Graduate,No,3180,0.0,71.0,360.0,0.0,Urban,N
LP002281,Male,Yes,0,Graduate,No,3033,1459.0,95.0,360.0,1.0,Urban,Y
LP002284,Male,No,0,Not Graduate,No,3902,1666.0,109.0,360.0,1.0,Rural,Y
LP002287,Female,No,0,Graduate,No,1500,1800.0,103.0,360.0,0.0,Semiurban,N
LP002288,Male,Yes,2,Not Graduate,No,2889,0.0,45.0,180.0,0.0,Urban,N
LP002296,Male,No,0,Not Graduate,No,2755,0.0,65.0,300.0,1.0,Rural,N
LP002297,Male,No,0,Graduate,No,2500,20000.0,103.0,360.0,1.0,Semiurban,Y
LP002300,Female,No,0,Not Graduate,No,1963,0.0,53.0,360.0,1.0,Semiurban,Y
LP002301,Female,No,0,Graduate,Yes,7441,0.0,194.0,360.0,1.0,Rural,N
LP002305,Female,No,0,Graduate,No,4547,0.0,115.0,360.0,1.0,Semiurban,Y
LP002308,Male,Yes,0,Not Graduate,No,2167,2400.0,115.0,360.0,1.0,Urban,Y
LP002314,Female,No,0,Not Graduate,No,2213,0.0,66.0,360.0,1.0,Rural,Y
LP002315,Male,Yes,1,Graduate,No,8300,0.0,152.0,300.0,0.0,Semiurban,N
LP002317,Male,Yes,3+,Graduate,No,81000,0.0,360.0,360.0,0.0,Rural,N
LP002318,Female,No,1,Not Graduate,Yes,3867,0.0,62.0,360.0,1.0,Semiurban,N
LP002319,Male,Yes,0,Graduate,,6256,0.0,160.0,360.0,,Urban,Y
LP002328,Male,Yes,0,Not Graduate,No,6096,0.0,218.0,360.0,0.0,Rural,N
LP002332,Male,Yes,0,Not Graduate,No,2253,2033.0,110.0,360.0,1.0,Rural,Y
LP002335,Female,Yes,0,Not Graduate,No,2149,3237.0,178.0,360.0,0.0,Semiurban,N
LP002337,Female,No,0,Graduate,No,2995,0.0,60.0,360.0,1.0,Urban,Y
LP002341,Female,No,1,Graduate,No,2600,0.0,160.0,360.0,1.0,Urban,N
LP002342,Male,Yes,2,Graduate,Yes,1600,20000.0,239.0,360.0,1.0,Urban,N
LP002345,Male,Yes,0,Graduate,No,1025,2773.0,112.0,360.0,1.0,Rural,Y
LP002347,Male,Yes,0,Graduate,No,3246,1417.0,138.0,360.0,1.0,Semiurban,Y
LP002348,Male,Yes,0,Graduate,No,5829,0.0,138.0,360.0,1.0,Rural,Y
LP002357,Female,No,0,Not Graduate,No,2720,0.0,80.0,,0.0,Urban,N
LP002361,Male,Yes,0,Graduate,No,1820,1719.0,100.0,360.0,1.0,Urban,Y
LP002362,Male,Yes,1,Graduate,No,7250,1667.0,110.0,,0.0,Urban,N
LP002364,Male,Yes,0,Graduate,No,14880,0.0,96.0,360.0,1.0,Semiurban,Y
LP002366,Male,Yes,0,Graduate,No,2666,4300.0,121.0,360.0,1.0,Rural,Y
LP002367,Female,No,1,Not Graduate,No,4606,0.0,81.0,360.0,1.0,Rural,N
LP002368,Male,Yes,2,Graduate,No,5935,0.0,133.0,360.0,1.0,Semiurban,Y
LP002369,Male,Yes,0,Graduate,No,2920,16.12000084,87.0,360.0,1.0,Rural,Y
LP002370,Male,No,0,Not Graduate,No,2717,0.0,60.0,180.0,1.0,Urban,Y
LP002377,Female,No,1,Graduate,Yes,8624,0.0,150.0,360.0,1.0,Semiurban,Y
LP002379,Male,No,0,Graduate,No,6500,0.0,105.0,360.0,0.0,Rural,N
LP002386,Male,No,0,Graduate,,12876,0.0,405.0,360.0,1.0,Semiurban,Y
LP002387,Male,Yes,0,Graduate,No,2425,2340.0,143.0,360.0,1.0,Semiurban,Y
LP002390,Male,No,0,Graduate,No,3750,0.0,100.0,360.0,1.0,Urban,Y
LP002393,Female,,,Graduate,No,10047,0.0,,240.0,1.0,Semiurban,Y
LP002398,Male,No,0,Graduate,No,1926,1851.0,50.0,360.0,1.0,Semiurban,Y
LP002401,Male,Yes,0,Graduate,No,2213,1125.0,,360.0,1.0,Urban,Y
LP002403,Male,No,0,Graduate,Yes,10416,0.0,187.0,360.0,0.0,Urban,N
LP002407,Female,Yes,0,Not Graduate,Yes,7142,0.0,138.0,360.0,1.0,Rural,Y
LP002408,Male,No,0,Graduate,No,3660,5064.0,187.0,360.0,1.0,Semiurban,Y
LP002409,Male,Yes,0,Graduate,No,7901,1833.0,180.0,360.0,1.0,Rural,Y
LP002418,Male,No,3+,Not Graduate,No,4707,1993.0,148.0,360.0,1.0,Semiurban,Y
LP002422,Male,No,1,Graduate,No,37719,0.0,152.0,360.0,1.0,Semiurban,Y
LP002424,Male,Yes,0,Graduate,No,7333,8333.0,175.0,300.0,,Rural,Y
LP002429,Male,Yes,1,Graduate,Yes,3466,1210.0,130.0,360.0,1.0,Rural,Y
LP002434,Male,Yes,2,Not Graduate,No,4652,0.0,110.0,360.0,1.0,Rural,Y
LP002435,Male,Yes,0,Graduate,,3539,1376.0,55.0,360.0,1.0,Rural,N
LP002443,Male,Yes,2,Graduate,No,3340,1710.0,150.0,360.0,0.0,Rural,N
LP002444,Male,No,1,Not Graduate,Yes,2769,1542.0,190.0,360.0,,Semiurban,N
LP002446,Male,Yes,2,Not Graduate,No,2309,1255.0,125.0,360.0,0.0,Rural,N
LP002447,Male,Yes,2,Not Graduate,No,1958,1456.0,60.0,300.0,,Urban,Y
LP002448,Male,Yes,0,Graduate,No,3948,1733.0,149.0,360.0,0.0,Rural,N
LP002449,Male,Yes,0,Graduate,No,2483,2466.0,90.0,180.0,0.0,Rural,Y
LP002453,Male,No,0,Graduate,Yes,7085,0.0,84.0,360.0,1.0,Semiurban,Y
LP002455,Male,Yes,2,Graduate,No,3859,0.0,96.0,360.0,1.0,Semiurban,Y
LP002459,Male,Yes,0,Graduate,No,4301,0.0,118.0,360.0,1.0,Urban,Y
LP002467,Male,Yes,0,Graduate,No,3708,2569.0,173.0,360.0,1.0,Urban,N
LP002472,Male,No,2,Graduate,No,4354,0.0,136.0,360.0,1.0,Rural,Y
LP002473,Male,Yes,0,Graduate,No,8334,0.0,160.0,360.0,1.0,Semiurban,N
LP002478,,Yes,0,Graduate,Yes,2083,4083.0,160.0,360.0,,Semiurban,Y
LP002484,Male,Yes,3+,Graduate,No,7740,0.0,128.0,180.0,1.0,Urban,Y
LP002487,Male,Yes,0,Graduate,No,3015,2188.0,153.0,360.0,1.0,Rural,Y
LP002489,Female,No,1,Not Graduate,,5191,0.0,132.0,360.0,1.0,Semiurban,Y
LP002493,Male,No,0,Graduate,No,4166,0.0,98.0,360.0,0.0,Semiurban,N
LP002494,Male,No,0,Graduate,No,6000,0.0,140.0,360.0,1.0,Rural,Y
LP002500,Male,Yes,3+,Not Graduate,No,2947,1664.0,70.0,180.0,0.0,Urban,N
LP002501,,Yes,0,Graduate,No,16692,0.0,110.0,360.0,1.0,Semiurban,Y
LP002502,Female,Yes,2,Not Graduate,,210,2917.0,98.0,360.0,1.0,Semiurban,Y
LP002505,Male,Yes,0,Graduate,No,4333,2451.0,110.0,360.0,1.0,Urban,N
LP002515,Male,Yes,1,Graduate,Yes,3450,2079.0,162.0,360.0,1.0,Semiurban,Y
LP002517,Male,Yes,1,Not Graduate,No,2653,1500.0,113.0,180.0,0.0,Rural,N
LP002519,Male,Yes,3+,Graduate,No,4691,0.0,100.0,360.0,1.0,Semiurban,Y
LP002522,Female,No,0,Graduate,Yes,2500,0.0,93.0,360.0,,Urban,Y
LP002524,Male,No,2,Graduate,No,5532,4648.0,162.0,360.0,1.0,Rural,Y
LP002527,Male,Yes,2,Graduate,Yes,16525,1014.0,150.0,360.0,1.0,Rural,Y
LP002529,Male,Yes,2,Graduate,No,6700,1750.0,230.0,300.0,1.0,Semiurban,Y
LP002530,,Yes,2,Graduate,No,2873,1872.0,132.0,360.0,0.0,Semiurban,N
LP002531,Male,Yes,1,Graduate,Yes,16667,2250.0,86.0,360.0,1.0,Semiurban,Y
LP002533,Male,Yes,2,Graduate,No,2947,1603.0,,360.0,1.0,Urban,N
LP002534,Female,No,0,Not Graduate,No,4350,0.0,154.0,360.0,1.0,Rural,Y
LP002536,Male,Yes,3+,Not Graduate,No,3095,0.0,113.0,360.0,1.0,Rural,Y
LP002537,Male,Yes,0,Graduate,No,2083,3150.0,128.0,360.0,1.0,Semiurban,Y
LP002541,Male,Yes,0,Graduate,No,10833,0.0,234.0,360.0,1.0,Semiurban,Y
LP002543,Male,Yes,2,Graduate,No,8333,0.0,246.0,360.0,1.0,Semiurban,Y
LP002544,Male,Yes,1,Not Graduate,No,1958,2436.0,131.0,360.0,1.0,Rural,Y
LP002545,Male,No,2,Graduate,No,3547,0.0,80.0,360.0,0.0,Rural,N
LP002547,Male,Yes,1,Graduate,No,18333,0.0,500.0,360.0,1.0,Urban,N
LP002555,Male,Yes,2,Graduate,Yes,4583,2083.0,160.0,360.0,1.0,Semiurban,Y
LP002556,Male,No,0,Graduate,No,2435,0.0,75.0,360.0,1.0,Urban,N
LP002560,Male,No,0,Not Graduate,No,2699,2785.0,96.0,360.0,,Semiurban,Y
LP002562,Male,Yes,1,Not Graduate,No,5333,1131.0,186.0,360.0,,Urban,Y
LP002571,Male,No,0,Not Graduate,No,3691,0.0,110.0,360.0,1.0,Rural,Y
LP002582,Female,No,0,Not Graduate,Yes,17263,0.0,225.0,360.0,1.0,Semiurban,Y
LP002585,Male,Yes,0,Graduate,No,3597,2157.0,119.0,360.0,0.0,Rural,N
LP002586,Female,Yes,1,Graduate,No,3326,913.0,105.0,84.0,1.0,Semiurban,Y
LP002587,Male,Yes,0,Not Graduate,No,2600,1700.0,107.0,360.0,1.0,Rural,Y
LP002588,Male,Yes,0,Graduate,No,4625,2857.0,111.0,12.0,,Urban,Y
LP002600,Male,Yes,1,Graduate,Yes,2895,0.0,95.0,360.0,1.0,Semiurban,Y
LP002602,Male,No,0,Graduate,No,6283,4416.0,209.0,360.0,0.0,Rural,N
LP002603,Female,No,0,Graduate,No,645,3683.0,113.0,480.0,1.0,Rural,Y
LP002606,Female,No,0,Graduate,No,3159,0.0,100.0,360.0,1.0,Semiurban,Y
LP002615,Male,Yes,2,Graduate,No,4865,5624.0,208.0,360.0,1.0,Semiurban,Y
LP002618,Male,Yes,1,Not Graduate,No,4050,5302.0,138.0,360.0,,Rural,N
LP002619,Male,Yes,0,Not Graduate,No,3814,1483.0,124.0,300.0,1.0,Semiurban,Y
LP002622,Male,Yes,2,Graduate,No,3510,4416.0,243.0,360.0,1.0,Rural,Y
LP002624,Male,Yes,0,Graduate,No,20833,6667.0,480.0,360.0,,Urban,Y
LP002625,,No,0,Graduate,No,3583,0.0,96.0,360.0,1.0,Urban,N
LP002626,Male,Yes,0,Graduate,Yes,2479,3013.0,188.0,360.0,1.0,Urban,Y
LP002634,Female,No,1,Graduate,No,13262,0.0,40.0,360.0,1.0,Urban,Y
LP002637,Male,No,0,Not Graduate,No,3598,1287.0,100.0,360.0,1.0,Rural,N
LP002640,Male,Yes,1,Graduate,No,6065,2004.0,250.0,360.0,1.0,Semiurban,Y
LP002643,Male,Yes,2,Graduate,No,3283,2035.0,148.0,360.0,1.0,Urban,Y
LP002648,Male,Yes,0,Graduate,No,2130,6666.0,70.0,180.0,1.0,Semiurban,N
LP002652,Male,No,0,Graduate,No,5815,3666.0,311.0,360.0,1.0,Rural,N
LP002659,Male,Yes,3+,Graduate,No,3466,3428.0,150.0,360.0,1.0,Rural,Y
LP002670,Female,Yes,2,Graduate,No,2031,1632.0,113.0,480.0,1.0,Semiurban,Y
LP002682,Male,Yes,,Not Graduate,No,3074,1800.0,123.0,360.0,0.0,Semiurban,N
LP002683,Male,No,0,Graduate,No,4683,1915.0,185.0,360.0,1.0,Semiurban,N
LP002684,Female,No,0,Not Graduate,No,3400,0.0,95.0,360.0,1.0,Rural,N
LP002689,Male,Yes,2,Not Graduate,No,2192,1742.0,45.0,360.0,1.0,Semiurban,Y
LP002690,Male,No,0,Graduate,No,2500,0.0,55.0,360.0,1.0,Semiurban,Y
LP002692,Male,Yes,3+,Graduate,Yes,5677,1424.0,100.0,360.0,1.0,Rural,Y
LP002693,Male,Yes,2,Graduate,Yes,7948,7166.0,480.0,360.0,1.0,Rural,Y
LP002697,Male,No,0,Graduate,No,4680,2087.0,,360.0,1.0,Semiurban,N
LP002699,Male,Yes,2,Graduate,Yes,17500,0.0,400.0,360.0,1.0,Rural,Y
LP002705,Male,Yes,0,Graduate,No,3775,0.0,110.0,360.0,1.0,Semiurban,Y
LP002706,Male,Yes,1,Not Graduate,No,5285,1430.0,161.0,360.0,0.0,Semiurban,Y
LP002714,Male,No,1,Not Graduate,No,2679,1302.0,94.0,360.0,1.0,Semiurban,Y
LP002716,Male,No,0,Not Graduate,No,6783,0.0,130.0,360.0,1.0,Semiurban,Y
LP002717,Male,Yes,0,Graduate,No,1025,5500.0,216.0,360.0,,Rural,Y
LP002720,Male,Yes,3+,Graduate,No,4281,0.0,100.0,360.0,1.0,Urban,Y
LP002723,Male,No,2,Graduate,No,3588,0.0,110.0,360.0,0.0,Rural,N
LP002729,Male,No,1,Graduate,No,11250,0.0,196.0,360.0,,Semiurban,N
LP002731,Female,No,0,Not Graduate,Yes,18165,0.0,125.0,360.0,1.0,Urban,Y
LP002732,Male,No,0,Not Graduate,,2550,2042.0,126.0,360.0,1.0,Rural,Y
LP002734,Male,Yes,0,Graduate,No,6133,3906.0,324.0,360.0,1.0,Urban,Y
LP002738,Male,No,2,Graduate,No,3617,0.0,107.0,360.0,1.0,Semiurban,Y
LP002739,Male,Yes,0,Not Graduate,No,2917,536.0,66.0,360.0,1.0,Rural,N
LP002740,Male,Yes,3+,Graduate,No,6417,0.0,157.0,180.0,1.0,Rural,Y
LP002741,Female,Yes,1,Graduate,No,4608,2845.0,140.0,180.0,1.0,Semiurban,Y
LP002743,Female,No,0,Graduate,No,2138,0.0,99.0,360.0,0.0,Semiurban,N
LP002753,Female,No,1,Graduate,,3652,0.0,95.0,360.0,1.0,Semiurban,Y
LP002755,Male,Yes,1,Not Graduate,No,2239,2524.0,128.0,360.0,1.0,Urban,Y
LP002757,Female,Yes,0,Not Graduate,No,3017,663.0,102.0,360.0,,Semiurban,Y
LP002767,Male,Yes,0,Graduate,No,2768,1950.0,155.0,360.0,1.0,Rural,Y
LP002768,Male,No,0,Not Graduate,No,3358,0.0,80.0,36.0,1.0,Semiurban,N
LP002772,Male,No,0,Graduate,No,2526,1783.0,145.0,360.0,1.0,Rural,Y
LP002776,Female,No,0,Graduate,No,5000,0.0,103.0,360.0,0.0,Semiurban,N
LP002777,Male,Yes,0,Graduate,No,2785,2016.0,110.0,360.0,1.0,Rural,Y
LP002778,Male,Yes,2,Graduate,Yes,6633,0.0,,360.0,0.0,Rural,N
LP002784,Male,Yes,1,Not Graduate,No,2492,2375.0,,360.0,1.0,Rural,Y
LP002785,Male,Yes,1,Graduate,No,3333,3250.0,158.0,360.0,1.0,Urban,Y
LP002788,Male,Yes,0,Not Graduate,No,2454,2333.0,181.0,360.0,0.0,Urban,N
LP002789,Male,Yes,0,Graduate,No,3593,4266.0,132.0,180.0,0.0,Rural,N
LP002792,Male,Yes,1,Graduate,No,5468,1032.0,26.0,360.0,1.0,Semiurban,Y
LP002794,Female,No,0,Graduate,No,2667,1625.0,84.0,360.0,,Urban,Y
LP002795,Male,Yes,3+,Graduate,Yes,10139,0.0,260.0,360.0,1.0,Semiurban,Y
LP002798,Male,Yes,0,Graduate,No,3887,2669.0,162.0,360.0,1.0,Semiurban,Y
LP002804,Female,Yes,0,Graduate,No,4180,2306.0,182.0,360.0,1.0,Semiurban,Y
LP002807,Male,Yes,2,Not Graduate,No,3675,242.0,108.0,360.0,1.0,Semiurban,Y
LP002813,Female,Yes,1,Graduate,Yes,19484,0.0,600.0,360.0,1.0,Semiurban,Y
LP002820,Male,Yes,0,Graduate,No,5923,2054.0,211.0,360.0,1.0,Rural,Y
LP002821,Male,No,0,Not Graduate,Yes,5800,0.0,132.0,360.0,1.0,Semiurban,Y
LP002832,Male,Yes,2,Graduate,No,8799,0.0,258.0,360.0,0.0,Urban,N
LP002833,Male,Yes,0,Not Graduate,No,4467,0.0,120.0,360.0,,Rural,Y
LP002836,Male,No,0,Graduate,No,3333,0.0,70.0,360.0,1.0,Urban,Y
LP002837,Male,Yes,3+,Graduate,No,3400,2500.0,123.0,360.0,0.0,Rural,N
LP002840,Female,No,0,Graduate,No,2378,0.0,9.0,360.0,1.0,Urban,N
LP002841,Male,Yes,0,Graduate,No,3166,2064.0,104.0,360.0,0.0,Urban,N
LP002842,Male,Yes,1,Graduate,No,3417,1750.0,186.0,360.0,1.0,Urban,Y
LP002847,Male,Yes,,Graduate,No,5116,1451.0,165.0,360.0,0.0,Urban,N
LP002855,Male,Yes,2,Graduate,No,16666,0.0,275.0,360.0,1.0,Urban,Y
LP002862,Male,Yes,2,Not Graduate,No,6125,1625.0,187.0,480.0,1.0,Semiurban,N
LP002863,Male,Yes,3+,Graduate,No,6406,0.0,150.0,360.0,1.0,Semiurban,N
LP002868,Male,Yes,2,Graduate,No,3159,461.0,108.0,84.0,1.0,Urban,Y
LP002872,,Yes,0,Graduate,No,3087,2210.0,136.0,360.0,0.0,Semiurban,N
LP002874,Male,No,0,Graduate,No,3229,2739.0,110.0,360.0,1.0,Urban,Y
LP002877,Male,Yes,1,Graduate,No,1782,2232.0,107.0,360.0,1.0,Rural,Y
LP002888,Male,No,0,Graduate,,3182,2917.0,161.0,360.0,1.0,Urban,Y
LP002892,Male,Yes,2,Graduate,No,6540,0.0,205.0,360.0,1.0,Semiurban,Y
LP002893,Male,No,0,Graduate,No,1836,33837.0,90.0,360.0,1.0,Urban,N
LP002894,Female,Yes,0,Graduate,No,3166,0.0,36.0,360.0,1.0,Semiurban,Y
LP002898,Male,Yes,1,Graduate,No,1880,0.0,61.0,360.0,,Rural,N
LP002911,Male,Yes,1,Graduate,No,2787,1917.0,146.0,360.0,0.0,Rural,N
LP002912,Male,Yes,1,Graduate,No,4283,3000.0,172.0,84.0,1.0,Rural,N
LP002916,Male,Yes,0,Graduate,No,2297,1522.0,104.0,360.0,1.0,Urban,Y
LP002917,Female,No,0,Not Graduate,No,2165,0.0,70.0,360.0,1.0,Semiurban,Y
LP002925,,No,0,Graduate,No,4750,0.0,94.0,360.0,1.0,Semiurban,Y
LP002926,Male,Yes,2,Graduate,Yes,2726,0.0,106.0,360.0,0.0,Semiurban,N
LP002928,Male,Yes,0,Graduate,No,3000,3416.0,56.0,180.0,1.0,Semiurban,Y
LP002931,Male,Yes,2,Graduate,Yes,6000,0.0,205.0,240.0,1.0,Semiurban,N
LP002933,,No,3+,Graduate,Yes,9357,0.0,292.0,360.0,1.0,Semiurban,Y
LP002936,Male,Yes,0,Graduate,No,3859,3300.0,142.0,180.0,1.0,Rural,Y
LP002938,Male,Yes,0,Graduate,Yes,16120,0.0,260.0,360.0,1.0,Urban,Y
LP002940,Male,No,0,Not Graduate,No,3833,0.0,110.0,360.0,1.0,Rural,Y
LP002941,Male,Yes,2,Not Graduate,Yes,6383,1000.0,187.0,360.0,1.0,Rural,N
LP002943,Male,No,,Graduate,No,2987,0.0,88.0,360.0,0.0,Semiurban,N
LP002945,Male,Yes,0,Graduate,Yes,9963,0.0,180.0,360.0,1.0,Rural,Y
LP002948,Male,Yes,2,Graduate,No,5780,0.0,192.0,360.0,1.0,Urban,Y
LP002949,Female,No,3+,Graduate,,416,41667.0,350.0,180.0,,Urban,N
LP002950,Male,Yes,0,Not Graduate,,2894,2792.0,155.0,360.0,1.0,Rural,Y
LP002953,Male,Yes,3+,Graduate,No,5703,0.0,128.0,360.0,1.0,Urban,Y
LP002958,Male,No,0,Graduate,No,3676,4301.0,172.0,360.0,1.0,Rural,Y
LP002959,Female,Yes,1,Graduate,No,12000,0.0,496.0,360.0,1.0,Semiurban,Y
LP002960,Male,Yes,0,Not Graduate,No,2400,3800.0,,180.0,1.0,Urban,N
LP002961,Male,Yes,1,Graduate,No,3400,2500.0,173.0,360.0,1.0,Semiurban,Y
LP002964,Male,Yes,2,Not Graduate,No,3987,1411.0,157.0,360.0,1.0,Rural,Y
LP002974,Male,Yes,0,Graduate,No,3232,1950.0,108.0,360.0,1.0,Rural,Y
LP002978,Female,No,0,Graduate,No,2900,0.0,71.0,360.0,1.0,Rural,Y
LP002979,Male,Yes,3+,Graduate,No,4106,0.0,40.0,180.0,1.0,Rural,Y
LP002983,Male,Yes,1,Graduate,No,8072,240.0,253.0,360.0,1.0,Urban,Y
LP002984,Male,Yes,2,Graduate,No,7583,0.0,187.0,360.0,1.0,Urban,Y
LP002990,Female,No,0,Graduate,Yes,4583,0.0,133.0,360.0,0.0,Semiurban,N
LP002991,Male,No,0,Graduate,No,4268,0.0,102.0,180.0,1.0,Semiurban,Y
LP002992,Male,No,2,Not Graduate,No,1836,0.0,39.0,360.0,1.0,Urban,Y
LP002993,Male,Yes,0,Not Graduate,No,1477,1531.0,177.0,360.0,1.0,Rural,Y
LP002994,Male,Yes,1,Not Graduate,No,4164,0.0,119.0,360.0,1.0,Urban,Y
LP002995,Male,Yes,0,Graduate,No,2557,2968.0,146.0,360.0,1.0,Semiurban,Y
LP002996,Male,No,0,Graduate,No,6450,0.0,206.0,360.0,1.0,Semiurban,Y
LP002997,Female,Yes,1,Not Graduate,No,1642,1657.0,114.0,360.0,1.0,Urban,Y
LP002998,Male,No,1,Graduate,No,6731,0.0,230.0,360.0,1.0,Semiurban,Y
LP002999,Male,Yes,0,Not Graduate,No,5808,1565.0,358.0,360.0,1.0,Semiurban,Y
LP003000,Male,Yes,0,Graduate,No,2610,1054.0,98.0,360.0,0.0,Rural,N
LP003001,Male,Yes,1,Graduate,No,1311,0.0,22.0,360.0,1.0,Urban,N
LP003002,Male,No,0,Graduate,No,2931,2898.0,205.0,360.0,1.0,Rural,Y
LP003003,Male,No,0,Graduate,No,8518,0.0,180.0,180.0,1.0,Urban,Y
LP003004,Male,Yes,1,Graduate,No,2124,1034.0,62.0,360.0,0.0,Rural,N
LP003005,Male,No,2,Graduate,No,2112,0.0,61.0,360.0,1.0,Urban,Y
LP003006,Male,No,0,Graduate,No,2961,1531.0,200.0,360.0,1.0,Semiurban,Y
LP003007,Male,Yes,0,Graduate,Yes,1911,0.0,85.0,120.0,1.0,Semiurban,Y
LP003008,Male,Yes,2,Graduate,No,3384,462.0,130.0,360.0,1.0,Urban,Y
LP003009,Male,Yes,2,Not Graduate,No,3210,2660.0,189.0,180.0,1.0,Semiurban,Y
LP003010,Male,Yes,0,Graduate,No,4419,1901.0,111.0,360.0,1.0,Rural,Y
LP003011,Male,No,0,Graduate,No,2786,1176.0,179.0,360.0,1.0,Urban,Y
LP003012,Female,No,1,Graduate,No,3280,0.0,83.0,360.0,1.0,Urban,Y
LP003013,Male,Yes,2,Graduate,No,6554,1496.0,269.0,360.0,0.0,Rural,N
LP003014,Male,Yes,2,Graduate,No,1676,2279.0,93.0,360.0,0.0,Urban,N
LP003015,Male,No,3+,Graduate,No,2866,0.0,99.0,60.0,0.0,Semiurban,N
LP003016,Male,Yes,0,Graduate,No,4908,4056.0,217.0,360.0,1.0,Urban,Y
LP003017,Male,Yes,0,Not Graduate,No,4747,2246.0,263.0,360.0,1.0,Rural,Y
LP003018,Male,No,0,Graduate,Yes,1988,0.0,40.0,360.0,1.0,Rural,Y
LP003019,Male,No,0,Graduate,Yes,4466,0.0,90.0,360.0,1.0,Rural,Y
LP003020,Male,Yes,1,Graduate,No,4383,935.0,173.0,360.0,1.0,Urban,Y
LP003021,Male,Yes,2,Graduate,No,4142,1282.0,214.0,360.0,1.0,Semiurban,Y
LP003022,Male,Yes,0,Graduate,No,2757,0.0,59.0,360.0,0.0,Rural,N
LP003023,Male,Yes,0,Not Graduate,No,3109,0.0,93.0,300.0,1.0,Semiurban,Y
LP003024,Male,Yes,0,Graduate,Yes,1541,422.0,60.0,360.0,0.0,Urban,N
LP003025,Male,Yes,0,Graduate,No,3041,3264.0,206.0,480.0,1.0,Semiurban,Y
LP003026,Male,No,0,Graduate,No,3331,0.0,79.0,360.0,1.0,Rural,Y
LP003027,Male,Yes,0,Not Graduate,No,3492,888.0,89.0,360.0,0.0,Urban,N
LP003028,Female,Yes,0,Graduate,No,2311,0.0,50.0,360.0,1.0,Urban,Y
LP003029,Female,Yes,1,Not Graduate,No,5700,1045.0,317.0,360.0,1.0,Rural,Y
LP003030,Male,No,1,Not Graduate,No,2289,0.0,106.0,360.0,1.0,Semiurban,Y
LP003031,Male,Yes,0,Graduate,Yes,4456,2378.0,142.0,360.0,1.0,Rural,Y
LP003032,Male,No,0,Graduate,No,3616,0.0,155.0,360.0,1.0,Urban,Y
LP003033,Male,No,0,Graduate,No,2930,0.0,77.0,360.0,1.0,Semiurban,Y
LP003034,Male,Yes,0,Graduate,No,3864,2099.0,126.0,360.0,0.0,Rural,N
LP003035,Female,Yes,0,Graduate,No,2570,3154.0,91.0,360.0,0.0,Rural,N
LP003036,Male,Yes,2,Graduate,No,4784,1462.0,201.0,360.0,1.0,Semiurban,Y
LP003037,Male,Yes,0,Graduate,Yes,9825,1328.0,437.0,360.0,1.0,Semiurban,Y
LP003038,Female,Yes,0,Graduate,No,4692,2671.0,183.0,360.0,1.0,Semiurban,Y
LP003039,Male,Yes,0,Not Graduate,No,8328,1024.0,218.0,360.0,1.0,Semiurban,Y
LP003040,Male,Yes,0,Graduate,No,1349,0.0,33.0,360.0,1.0,Urban,Y
LP003041,Male,No,3+,Graduate,No,3650,973.0,193.0,180.0,1.0,Semiurban,Y
LP003042,Female,Yes,1,Not Graduate,No,3704,7287.0,198.0,360.0,1.0,Rural,Y
LP003043,Male,No,3+,Not Graduate,No,3228,0.0,52.0,360.0,1.0,Rural,Y
LP003044,Male,No,3+,Graduate,No,4838,0.0,126.0,360.0,1.0,Semiurban,Y
LP003045,Male,Yes,0,Graduate,No,2409,1284.0,109.0,360.0,1.0,Semiurban,Y
LP003046,Male,No,0,Graduate,No,5755,0.0,277.0,180.0,0.0,Semiurban,N
LP003047,Male,Yes,0,Not Graduate,No,8494,1219.0,159.0,360.0,1.0,Urban,Y
LP003048,Male,No,1,Graduate,Yes,3526,2673.0,109.0,360.0,1.0,Semiurban,Y
LP003049,Female,Yes,3+,Not Graduate,No,2377,0.0,82.0,360.0,1.0,Rural,Y
LP003050,Male,No,2,Graduate,No,5631,0.0,174.0,360.0,1.0,Semiurban,Y
LP003051,Male,No,0,Graduate,No,6347,0.0,172.0,360.0,1.0,Urban,Y
LP003052,Male,Yes,0,Graduate,Yes,5504,0.0,120.0,360.0,1.0,Semiurban,Y
LP003053,Male,No,1,Not Graduate,No,2287,0.0,108.0,300.0,1.0,Semiurban,Y
LP003054,Male,No,1,Graduate,No,2989,0.0,72.0,360.0,1.0,Semiurban,Y
LP003055,Female,Yes,1,Graduate,No,1890,2697.0,114.0,360.0,0.0,Urban,N
LP003056,Male,Yes,0,Graduate,No,2963,1892.0,191.0,360.0,1.0,Rural,Y
LP003057,Male,Yes,0,Graduate,Yes,10767,2159.0,507.0,360.0,1.0,Semiurban,N
LP003058,Male,Yes,2,Not Graduate,No,4541,1571.0,248.0,360.0,1.0,Rural,Y
LP003059,Male,Yes,0,Graduate,No,1788,0.0,27.0,360.0,1.0,Semiurban,Y
LP003060,Male,No,0,Graduate,No,5173,0.0,172.0,360.0,1.0,Semiurban,Y
LP003061,Male,No,0,Graduate,No,2905,0.0,90.0,360.0,1.0,Semiurban,Y
LP003062,Female,Yes,0,Graduate,No,1641,905.0,83.0,360.0,1.0,Urban,Y
LP003063,Male,Yes,2,Graduate,Yes,6437,2809.0,423.0,360.0,1.0,Semiurban,Y
LP003064,Male,Yes,1,Not Graduate,No,3734,949.0,120.0,360.0,1.0,Rural,Y
LP003065,Male,Yes,2,Graduate,No,1809,1928.0,163.0,360.0,1.0,Rural,Y
LP003066,Male,No,0,Graduate,No,1998,0.0,60.0,360.0,1.0,Semiurban,Y
LP003067,Male,Yes,0,Graduate,Yes,6177,0.0,152.0,180.0,1.0,Semiurban,Y
LP003068,Male,Yes,2,Not Graduate,No,3002,1916.0,116.0,360.0,1.0,Rural,Y
LP003069,Male,Yes,0,Not Graduate,No,3713,2386.0,189.0,300.0,1.0,Semiurban,Y
LP003070,Male,Yes,0,Graduate,No,3951,1177.0,107.0,360.0,1.0,Rural,Y
LP003071,Male,No,0,Graduate,No,11428,0.0,207.0,360.0,1.0,Semiurban,Y
LP003072,Male,Yes,1,Not Graduate,No,2882,2823.0,131.0,360.0,0.0,Semiurban,N
LP003073,Male,Yes,0,Graduate,No,2269,0.0,72.0,360.0,1.0,Semiurban,Y
LP003074,Male,Yes,0,Graduate,No,2632,869.0,54.0,360.0,0.0,Urban,N
LP003075,Female,Yes,0,Graduate,No,8721,689.0,258.0,360.0,1.0,Rural,Y
LP003076,Female,Yes,0,Graduate,No,3319,1324.0,149.0,360.0,1.0,Semiurban,Y
LP003077,Male,No,1,Graduate,No,3059,0.0,123.0,360.0,1.0,Semiurban,Y
LP003078,Male,Yes,1,Graduate,No,4389,1712.0,264.0,360.0,0.0,Urban,N
LP003079,Male,Yes,0,Graduate,No,4337,3522.0,228.0,360.0,1.0,Urban,Y
LP003080,Male,Yes,0,Graduate,No,4127,0.0,92.0,60.0,1.0,Semiurban,Y
LP003081,Male,Yes,2,Graduate,No,4846,2620.0,179.0,360.0,1.0,Rural,Y
LP003082,Female,Yes,2,Graduate,No,3751,917.0,148.0,360.0,1.0,Urban,Y
LP003083,Male,Yes,0,Graduate,No,3855,1110.0,157.0,360.0,1.0,Rural,Y
LP003084,Male,Yes,0,Graduate,No,2110,950.0,67.0,180.0,1.0,Urban,Y
LP003085,Male,No,0,Graduate,No,5383,0.0,92.0,360.0,1.0,Rural,Y
LP003086,Male,Yes,2,Graduate,No,4902,2288.0,208.0,300.0,1.0,Semiurban,Y
LP003087,Male,Yes,0,Graduate,No,1121,579.0,58.0,360.0,1.0,Semiurban,Y
LP003088,Male,Yes,2,Graduate,Yes,10907,1757.0,248.0,84.0,1.0,Rural,Y
LP003089,Male,Yes,0,Not Graduate,No,3208,3444.0,161.0,360.0,1.0,Semiurban,Y
LP003090,Male,Yes,0,Graduate,No,1702,868.0,65.0,360.0,1.0,Semiurban,Y
LP003091,Male,Yes,2,Graduate,No,2159,4068.0,192.0,360.0,0.0,Urban,N
LP003092,Male,Yes,0,Graduate,No,3240,0.0,100.0,360.0,0.0,Urban,N
LP003093,Male,Yes,1,Not Graduate,Yes,2468,2362.0,216.0,360.0,1.0,Urban,Y
LP003094,Male,Yes,0,Graduate,No,7770,0.0,216.0,360.0,0.0,Semiurban,N
LP003095,Male,No,2,Graduate,No,4776,0.0,99.0,180.0,1.0,Urban,Y
LP003096,Male,Yes,0,Graduate,No,9842,1103.0,257.0,360.0,1.0,Rural,Y
LP003097,Female,Yes,0,Graduate,Yes,7485,2417.0,152.0,360.0,0.0,Urban,N
LP003098,Male,Yes,2,Graduate,No,4526,2701.0,199.0,84.0,1.0,Semiurban,Y
LP003099,Female,No,0,Graduate,No,6688,0.0,166.0,360.0,1.0,Semiurban,Y
LP003100,Male,Yes,3+,Not Graduate,Yes,1603,0.0,35.0,180.0,1.0,Urban,N
LP003101,Male,Yes,1,Graduate,No,5409,870.0,204.0,360.0,1.0,Urban,Y
LP003102,Male,Yes,1,Graduate,No,2282,1003.0,105.0,360.0,1.0,Rural,Y
LP003103,Male,No,0,Graduate,No,2898,1616.0,144.0,360.0,1.0,Urban,Y
LP003104,Female,Yes,0,Graduate,No,4404,0.0,203.0,360.0,1.0,Urban,Y
LP003105,Male,No,1,Graduate,No,6126,1148.0,316.0,180.0,1.0,Rural,Y
LP003106,Male,Yes,0,Graduate,No,2140,1164.0,172.0,360.0,1.0,Semiurban,Y
LP003107,Male,Yes,2,Graduate,No,4065,1725.0,191.0,180.0,1.0,Semiurban,Y
LP003108,Male,No,0,Graduate,No,5508,0.0,159.0,360.0,1.0,Rural,Y
LP003109,Male,Yes,1,Graduate,No,5960,2588.0,195.0,360.0,1.0,Semiurban,Y
LP003110,Female,Yes,0,Graduate,No,6112,3121.0,334.0,360.0,1.0,Urban,Y
LP003111,Female,No,1,Graduate,No,4391,1268.0,253.0,360.0,1.0,Semiurban,Y
LP003112,Male,No,1,Not Graduate,Yes,5203,0.0,174.0,360.0,0.0,Semiurban,N
LP003113,Male,Yes,2,Graduate,No,6393,2728.0,313.0,360.0,0.0,Rural,N
LP003114,Male,Yes,1,Graduate,No,2862,0.0,67.0,360.0,0.0,Semiurban,N
LP003115,Female,Yes,0,Graduate,No,4272,1455.0,96.0,360.0,0.0,Rural,N
LP003116,Female,Yes,0,Graduate,No,2444,1062.0,117.0,360.0,1.0,Urban,Y
LP003117,Male,Yes,0,Graduate,No,3645,0.0,94.0,360.0,1.0,Rural,Y
LP003118,Male,Yes,0,Graduate,Yes,3838,1047.0,161.0,360.0,1.0,Urban,Y
LP003119,Male,Yes,0,Graduate,No,7186,807.0,251.0,360.0,1.0,Urban,Y
LP003120,Male,No,3+,Graduate,No,2439,0.0,93.0,360.0,1.0,Urban,Y
LP003121,Male,No,0,Graduate,Yes,3146,2628.0,119.0,360.0,1.0,Semiurban,Y
LP003122,Male,Yes,2,Graduate,No,3591,0.0,127.0,360.0,0.0,Rural,N
LP003123,Male,Yes,1,Graduate,No,2395,540.0,173.0,180.0,1.0,Urban,Y
LP003124,Female,Yes,1,Not Graduate,No,4741,1880.0,114.0,360.0,1.0,Urban,Y
LP003125,Female,Yes,0,Graduate,No,4275,2547.0,211.0,360.0,0.0,Semiurban,N
LP003126,Male,No,1,Graduate,Yes,9714,0.0,261.0,360.0,1.0,Urban,Y
LP003127,Male,No,2,Graduate,No,1603,0.0,52.0,360.0,1.0,Semiurban,N
LP003128,Male,No,1,Not Graduate,No,4518,0.0,143.0,360.0,1.0,Rural,Y
LP003129,Male,Yes,0,Not Graduate,No,2589,0.0,141.0,360.0,1.0,Semiurban,Y
LP003130,Male,No,0,Graduate,No,5691,0.0,129.0,360.0,1.0,Rural,Y
LP003131,Male,Yes,0,Graduate,Yes,5546,1652.0,246.0,360.0,1.0,Semiurban,Y
LP003132,Male,Yes,2,Graduate,No,6478,1598.0,156.0,360.0,1.0,Urban,Y
LP003133,Female,Yes,0,Graduate,No,3539,2465.0,144.0,480.0,1.0,Urban,Y
LP003134,Male,Yes,0,Graduate,No,1930,1564.0,118.0,360.0,1.0,Urban,Y
LP003135,Male,Yes,0,Graduate,No,1567,1500.0,80.0,360.0,1.0,Urban,Y
LP003136,Male,Yes,0,Not Graduate,No,3291,440.0,100.0,360.0,1.0,Semiurban,Y
LP003137,Male,Yes,0,Graduate,No,1304,3693.0,144.0,360.0,0.0,Rural,N
LP003138,Male,Yes,1,Not Graduate,No,5974,2206.0,280.0,360.0,1.0,Semiurban,Y
LP003139,Male,No,0,Graduate,No,7738,1352.0,248.0,360.0,1.0,Semiurban,Y
LP003140,Female,Yes,2,Graduate,No,4459,0.0,100.0,360.0,1.0,Semiurban,Y
LP003141,Male,No,3+,Graduate,No,2641,0.0,52.0,180.0,1.0,Semiurban,Y
LP003142,Male,Yes,0,Graduate,Yes,2308,0.0,79.0,360.0,1.0,Rural,Y
LP003143,Male,Yes,0,Not Graduate,Yes,2573,2195.0,162.0,360.0,1.0,Semiurban,Y
LP003144,Male,No,0,Graduate,No,6509,1592.0,173.0,360.0,1.0,Rural,Y
LP003145,Male,No,0,Graduate,No,5013,1296.0,151.0,360.0,0.0,Rural,N
LP003146,Male,Yes,2,Not Graduate,No,11270,0.0,367.0,360.0,1.0,Semiurban,Y
LP003147,Male,Yes,2,Graduate,No,1816,1642.0,108.0,360.0,0.0,Semiurban,N
LP003148,Female,Yes,3+,Graduate,No,3923,1820.0,184.0,480.0,1.0,Semiurban,Y
LP003149,Male,No,1,Graduate,No,3219,0.0,146.0,360.0,1.0,Urban,Y
LP003150,Male,No,0,Not Graduate,No,1605,824.0,71.0,360.0,1.0,Urban,Y
LP003151,Male,No,2,Graduate,No,7691,0.0,249.0,360.0,1.0,Semiurban,Y
LP003152,Male,Yes,0,Graduate,No,1127,692.0,60.0,360.0,1.0,Rural,Y
LP003153,Male,No,2,Graduate,No,5644,0.0,186.0,360.0,1.0,Semiurban,Y
LP003154,Male,Yes,0,Graduate,No,6971,2696.0,230.0,300.0,1.0,Semiurban,Y
LP003155,Male,Yes,2,Not Graduate,No,1663,0.0,61.0,360.0,1.0,Urban,N
LP003156,Male,Yes,0,Graduate,No,3663,1342.0,106.0,360.0,0.0,Rural,N
LP003157,Male,No,0,Not Graduate,No,2742,0.0,83.0,84.0,1.0,Semiurban,Y
LP003158,Female,No,2,Graduate,No,2555,1238.0,83.0,360.0,1.0,Semiurban,Y
LP003159,Male,No,1,Graduate,No,2005,0.0,106.0,360.0,0.0,Semiurban,N
LP003160,Male,Yes,3+,Graduate,Yes,7661,0.0,182.0,360.0,1.0,Rural,Y
LP003161,Male,No,1,Not Graduate,No,5466,919.0,251.0,180.0,1.0,Rural,Y
LP003162,Male,Yes,0,Graduate,No,6506,0.0,212.0,360.0,1.0,Urban,Y
LP003163,Female,No,0,Graduate,No,9856,2463.0,402.0,360.0,0.0,Rural,N
LP003164,Female,Yes,0,Graduate,No,6453,1892.0,389.0,360.0,1.0,Urban,Y
LP003165,Female,No,1,Graduate,No,5715,0.0,137.0,360.0,1.0,Rural,Y
LP003166,Male,Yes,0,Graduate,No,3840,1117.0,103.0,360.0,1.0,Semiurban,Y
LP003167,Male,No,1,Graduate,No,2327,4322.0,112.0,360.0,1.0,Urban,Y
LP003168,Male,No,1,Graduate,No,7197,0.0,229.0,360.0,1.0,Rural,Y
LP003169,Male,No,0,Graduate,No,1175,0.0,24.0,360.0,0.0,Rural,N
LP003170,Male,No,1,Graduate,No,3510,0.0,78.0,360.0,1.0,Rural,Y
LP003171,Male,Yes,1,Graduate,No,5845,0.0,175.0,360.0,1.0,Rural,Y
LP003172,Male,Yes,2,Graduate,No,3349,0.0,77.0,360.0,1.0,Urban,Y
LP003173,Male,Yes,0,Graduate,No,2935,2250.0,157.0,360.0,1.0,Semiurban,Y
LP003174,Male,Yes,1,Graduate,No,4868,0.0,222.0,120.0,1.0,Urban,Y
LP003175,Male,No,1,Graduate,No,1000,0.0,17.0,180.0,1.0,Rural,N
LP003176,Male,Yes,1,Not Graduate,No,5492,0.0,177.0,360.0,1.0,Urban,Y
LP003177,Male,Yes,0,Graduate,No,1710,814.0,61.0,360.0,1.0,Rural,Y
LP003178,Male,No,0,Not Graduate,Yes,3125,0.0,75.0,360.0,1.0,Semiurban,Y
LP003179,Female,Yes,0,Graduate,No,3447,0.0,86.0,360.0,1.0,Urban,Y
LP003180,Male,Yes,0,Graduate,No,5659,4082.0,207.0,360.0,1.0,Rural,Y
LP003181,Male,Yes,0,Graduate,No,4030,1013.0,104.0,360.0,1.0,Urban,Y
LP003182,Male,Yes,0,Graduate,No,5417,0.0,159.0,360.0,1.0,Semiurban,Y
LP003183,Male,Yes,0,Graduate,No,2176,3504.0,168.0,480.0,1.0,Semiurban,Y
LP003184,Male,Yes,3+,Graduate,No,2171,3642.0,139.0,180.0,1.0,Rural,Y
LP003185,Male,Yes,0,Graduate,No,2322,618.0,73.0,360.0,0.0,Semiurban,N
LP003186,Male,Yes,0,Graduate,No,9456,1638.0,246.0,180.0,0.0,Rural,N
LP003187,Male,Yes,0,Graduate,No,2424,1629.0,187.0,360.0,1.0,Semiurban,Y
LP003188,Male,Yes,0,Graduate,No,6103,1583.0,340.0,360.0,1.0,Urban,Y
LP003189,Male,No,3+,Graduate,No,3729,0.0,168.0,360.0,1.0,Rural,Y
LP003190,Male,Yes,1,Not Graduate,No,4642,1502.0,112.0,360.0,1.0,Urban,Y
LP003191,Male,Yes,0,Graduate,No,9892,1293.0,321.0,360.0,1.0,Urban,Y
LP003192,Male,Yes,0,Graduate,Yes,17424,1101.0,377.0,480.0,1.0,Urban,Y
LP003193,Male,Yes,0,Graduate,No,2576,0.0,63.0,360.0,1.0,Urban,Y
LP003194,Female,No,0,Graduate,No,5610,0.0,122.0,360.0,1.0,Rural,Y
LP003195,Male,Yes,0,Not Graduate,No,3269,529.0,143.0,360.0,1.0,Semiurban,Y
LP003196,Male,Yes,2,Graduate,No,7608,0.0,166.0,360.0,1.0,Urban,Y
LP003197,Male,Yes,0,Graduate,Yes,3454,1169.0,145.0,360.0,1.0,Rural,Y
LP003198,Male,Yes,0,Graduate,No,4767,6483.0,288.0,360.0,1.0,Rural,Y
LP003199,Male,No,0,Graduate,No,4020,2350.0,234.0,180.0,1.0,Semiurban,Y
LP003200,Male,No,0,Graduate,No,3655,0.0,81.0,360.0,1.0,Semiurban,Y
LP003201,Male,No,1,Graduate,No,3060,0.0,103.0,360.0,1.0,Rural,Y
LP003202,Male,No,0,Graduate,No,5282,3819.0,427.0,360.0,1.0,Semiurban,Y
LP003203,Male,Yes,0,Graduate,No,3558,0.0,120.0,360.0,1.0,Semiurban,Y
LP003204,Male,Yes,3+,Graduate,No,5507,1100.0,144.0,360.0,1.0,Semiurban,Y
LP003205,Male,Yes,2,Graduate,No,2232,4924.0,244.0,360.0,1.0,Semiurban,Y
LP003206,Male,Yes,0,Graduate,No,4689,801.0,233.0,360.0,1.0,Rural,Y
LP003207,Male,Yes,0,Graduate,No,2675,0.0,78.0,360.0,1.0,Urban,Y
LP003208,Male,Yes,0,Graduate,No,1602,2116.0,103.0,360.0,1.0,Semiurban,Y
LP003209,Female,No,3+,Graduate,No,3045,0.0,97.0,360.0,1.0,Urban,Y
LP003210,Male,Yes,2,Graduate,No,2884,602.0,156.0,360.0,1.0,Urban,Y
LP003211,Male,No,0,Graduate,No,4759,2117.0,169.0,360.0,1.0,Semiurban,Y
LP003212,Female,Yes,0,Graduate,No,8782,3142.0,271.0,480.0,1.0,Rural,Y
LP003213,Male,Yes,1,Graduate,No,4034,0.0,74.0,360.0,1.0,Semiurban,Y
LP003214,Female,No,0,Graduate,No,10550,1464.0,247.0,360.0,1.0,Semiurban,Y
LP003215,Female,No,0,Graduate,No,9475,0.0,296.0,360.0,1.0,Rural,Y
LP003216,Male,Yes,0,Graduate,No,8213,0.0,266.0,360.0,1.0,Rural,Y
LP003217,Male,No,2,Graduate,No,7168,3419.0,356.0,360.0,1.0,Semiurban,Y
LP003218,Male,Yes,3+,Graduate,No,2120,0.0,46.0,360.0,1.0,Urban,N
LP003219,Male,Yes,2,Graduate,No,5790,3992.0,250.0,360.0,1.0,Semiurban,Y
LP003220,Male,Yes,0,Graduate,No,5172,1194.0,132.0,360.0,0.0,Semiurban,N
LP003221,Male,No,2,Graduate,No,2501,0.0,53.0,360.0,1.0,Urban,Y
LP003222,Male,Yes,0,Graduate,No,3311,2036.0,169.0,360.0,1.0,Urban,Y
LP003223,Male,No,0,Graduate,Yes,5660,0.0,132.0,360.0,1.0,Rural,Y
LP003224,Male,Yes,0,Graduate,No,5403,1146.0,328.0,360.0,0.0,Semiurban,N
LP003225,Female,Yes,0,Graduate,No,3993,991.0,173.0,360.0,1.0,Urban,Y
LP003226,Male,Yes,3+,Graduate,No,7008,2149.0,185.0,360.0,1.0,Semiurban,Y
LP003227,Male,Yes,0,Graduate,No,8858,2330.0,360.0,180.0,1.0,Urban,Y
LP003228,Female,No,0,Not Graduate,No,3567,1662.0,135.0,360.0,1.0,Semiurban,Y
LP003229,Male,Yes,0,Not Graduate,Yes,3853,1372.0,126.0,360.0,1.0,Semiurban,Y
LP003230,Male,Yes,0,Graduate,No,3102,2198.0,218.0,360.0,0.0,Rural,N
LP003231,Male,Yes,0,Graduate,No,2506,3651.0,201.0,360.0,1.0,Rural,Y
LP003232,Male,Yes,2,Graduate,No,3702,1500.0,237.0,360.0,1.0,Urban,Y
LP003233,Female,Yes,0,Graduate,No,3382,1383.0,128.0,360.0,1.0,Urban,Y
LP003234,Male,Yes,1,Graduate,No,2212,1617.0,94.0,180.0,1.0,Rural,Y
LP003235,Male,Yes,0,Graduate,No,2777,3787.0,214.0,360.0,1.0,Rural,Y
LP003236,Male,Yes,0,Not Graduate,No,4421,3482.0,121.0,360.0,1.0,Semiurban,Y
LP003237,Female,Yes,2,Graduate,No,2029,3319.0,154.0,360.0,1.0,Semiurban,Y
LP003238,Male,No,2,Graduate,No,3776,0.0,120.0,360.0,1.0,Semiurban,Y
LP003239,Male,No,2,Graduate,No,8628,0.0,298.0,360.0,1.0,Urban,Y
LP003240,Male,Yes,1,Graduate,No,5181,0.0,130.0,360.0,0.0,Rural,N
LP003241,Male,No,1,Graduate,No,2155,2828.0,136.0,360.0,1.0,Urban,Y
LP003242,Male,Yes,0,Graduate,No,2949,0.0,84.0,360.0,1.0,Urban,Y
LP003243,Male,No,3+,Not Graduate,No,4706,0.0,96.0,360.0,1.0,Semiurban,Y
LP003244,Male,Yes,1,Graduate,No,2996,605.0,113.0,360.0,1.0,Urban,Y
LP003245,Male,No,0,Graduate,No,1262,0.0,34.0,180.0,1.0,Urban,N
LP003246,Female,Yes,0,Graduate,No,3114,1370.0,99.0,360.0,1.0,Rural,Y
LP003247,Male,Yes,2,Graduate,No,4245,1658.0,267.0,360.0,1.0,Urban,Y
LP003248,Female,No,0,Graduate,No,4889,0.0,80.0,360.0,1.0,Semiurban,Y
LP003249,Male,Yes,0,Graduate,No,6796,564.0,208.0,360.0,1.0,Rural,Y
LP003250,Male,No,1,Graduate,No,2531,0.0,73.0,360.0,0.0,Rural,N
LP003251,Male,No,0,Graduate,No,1888,0.0,61.0,360.0,1.0,Urban,Y
LP003252,Male,No,2,Graduate,No,4824,0.0,166.0,360.0,1.0,Urban,Y
LP003253,Female,Yes,1,Graduate,No,2054,1363.0,112.0,360.0,1.0,Rural,Y
LP003254,Male,Yes,3+,Graduate,No,4916,820.0,237.0,180.0,1.0,Semiurban,Y
LP003255,Male,Yes,0,Not Graduate,No,1062,4599.0,195.0,360.0,0.0,Semiurban,N
LP003256,Male,No,2,Not Graduate,No,4926,1607.0,328.0,360.0,1.0,Rural,Y
LP003257,Male,No,0,Graduate,No,3171,0.0,80.0,360.0,1.0,Semiurban,Y
LP003258,Male,No,3+,Graduate,No,3735,622.0,86.0,360.0,1.0,Rural,Y
LP003259,Male,Yes,2,Not Graduate,No,4936,1500.0,171.0,360.0,1.0,Urban,Y
LP003260,Male,No,0,Graduate,No,3879,0.0,156.0,360.0,1.0,Rural,Y
LP003261,Male,Yes,0,Graduate,No,1979,1421.0,78.0,480.0,1.0,Rural,Y
LP003262,Male,Yes,0,Graduate,No,4288,0.0,89.0,360.0,1.0,Rural,Y
LP003263,Male,No,0,Graduate,No,11430,0.0,257.0,360.0,1.0,Urban,Y
LP003264,Male,Yes,0,Not Graduate,No,8306,0.0,261.0,360.0,1.0,Rural,Y
LP003265,Male,Yes,0,Graduate,No,5206,1546.0,162.0,360.0,1.0,Semiurban,Y
LP003266,Male,No,1,Graduate,No,7145,2622.0,287.0,480.0,1.0,Rural,Y
LP003267,Male,No,0,Graduate,No,4271,0.0,107.0,360.0,1.0,Urban,Y
LP003268,Male,Yes,2,Graduate,No,3235,0.0,72.0,360.0,1.0,Urban,Y
LP003269,Male,Yes,0,Graduate,No,4676,1068.0,147.0,360.0,1.0,Rural,Y
LP003270,Male,Yes,2,Graduate,No,2746,1215.0,124.0,360.0,1.0,Semiurban,Y
LP003271,Female,Yes,0,Graduate,No,4420,370.0,101.0,360.0,1.0,Urban,Y
LP003272,Male,Yes,1,Graduate,No,2331,1480.0,79.0,360.0,1.0,Urban,Y
LP003273,Male,No,0,Not Graduate,No,5914,0.0,205.0,360.0,1.0,Urban,Y
LP003274,Male,No,2,Not Graduate,Yes,3355,0.0,69.0,360.0,1.0,Urban,Y
LP003275,Male,No,0,Graduate,No,1000,0.0,38.0,360.0,1.0,Semiurban,N
LP003276,Male,Yes,1,Not Graduate,No,3649,1723.0,139.0,360.0,1.0,Urban,Y
LP003277,Female,Yes,2,Graduate,No,2534,1158.0,113.0,360.0,1.0,Semiurban,Y
LP003278,Female,Yes,1,Graduate,No,6117,3022.0,468.0,360.0,1.0,Semiurban,Y
LP003279,Male,Yes,2,Graduate,No,4686,2215.0,134.0,480.0,1.0,Semiurban,Y
LP003280,Female,Yes,0,Not Graduate,No,1458,1355.0,96.0,84.0,1.0,Semiurban,Y
LP003281,Male,Yes,1,Graduate,Yes,3085,2727.0,190.0,360.0,1.0,Rural,Y
LP003282,Female,No,2,Not Graduate,No,7105,0.0,171.0,360.0,1.0,Semiurban,Y
LP003283,Male,Yes,0,Graduate,No,4730,1016.0,223.0,480.0,1.0,Rural,Y
LP003284,Female,Yes,0,Graduate,No,3138,999.0,62.0,360.0,1.0,Urban,Y
LP003285,Male,No,0,Graduate,No,12539,0.0,243.0,360.0,1.0,Urban,Y
LP003286,Female,No,0,Graduate,No,1870,0.0,38.0,360.0,1.0,Rural,Y
LP003287,Female,No,0,Not Graduate,No,7016,0.0,137.0,360.0,1.0,Urban,Y
LP003288,Female,Yes,0,Graduate,No,4150,630.0,101.0,360.0,1.0,Urban,Y
LP003289,Male,Yes,0,Graduate,No,2361,3383.0,253.0,360.0,1.0,Semiurban,Y
LP003290,Male,Yes,0,Graduate,No,3859,1466.0,90.0,360.0,1.0,Urban,Y
LP003291,Male,No,0,Graduate,No,4845,1782.0,190.0,360.0,1.0,Urban,Y
LP003292,Male,Yes,1,Graduate,No,9176,2375.0,550.0,360.0,1.0,Rural,N
LP003293,Male,No,0,Graduate,No,3408,0.0,110.0,360.0,1.0,Semiurban,Y
LP003294,Male,No,2,Graduate,No,2673,0.0,61.0,360.0,1.0,Semiurban,Y
LP003295,Male,No,0,Graduate,No,4280,0.0,101.0,360.0,1.0,Urban,Y
LP003296,Female,Yes,0,Graduate,No,2977,1063.0,131.0,360.0,1.0,Rural,Y
LP003297,Male,No,3+,Graduate,Yes,6219,0.0,215.0,360.0,1.0,Semiurban,Y
LP003298,Male,Yes,1,Graduate,No,3861,1113.0,93.0,360.0,0.0,Semiurban,N
LP003299,Male,Yes,0,Graduate,No,1447,0.0,67.0,360.0,1.0,Rural,Y
LP003300,Male,Yes,0,Not Graduate,No,2297,5052.0,266.0,360.0,1.0,Urban,Y
LP003301,Male,Yes,2,Graduate,No,2252,0.0,62.0,360.0,1.0,Rural,Y
LP003302,Male,Yes,0,Graduate,No,2841,1822.0,133.0,360.0,1.0,Urban,Y
LP003303,Male,No,2,Not Graduate,No,4405,0.0,198.0,360.0,1.0,Semiurban,Y
LP003304,Male,No,1,Graduate,No,4002,0.0,121.0,360.0,1.0,Rural,Y
LP003305,Male,No,0,Graduate,No,1784,0.0,36.0,240.0,0.0,Urban,N
LP003306,Female,Yes,1,Graduate,No,4355,0.0,122.0,360.0,1.0,Urban,Y
LP003307,Male,Yes,2,Graduate,Yes,3242,2229.0,148.0,360.0,1.0,Rural,Y
LP003308,Female,Yes,0,Graduate,No,3588,2557.0,133.0,180.0,1.0,Rural,Y
LP003309,Male,Yes,2,Not Graduate,No,6617,1035.0,139.0,360.0,1.0,Semiurban,Y
LP003310,Male,Yes,2,Graduate,No,3221,1862.0,150.0,180.0,1.0,Urban,Y
LP003311,Male,No,1,Graduate,No,12618,0.0,226.0,360.0,1.0,Rural,Y
LP003312,Male,No,1,Graduate,No,2417,0.0,111.0,360.0,1.0,Urban,Y
LP003313,Female,No,0,Not Graduate,Yes,2897,0.0,91.0,360.0,1.0,Urban,Y
LP003314,Male,No,0,Graduate,No,3681,0.0,83.0,360.0,1.0,Urban,Y
LP003315,Male,Yes,0,Graduate,No,2057,0.0,65.0,360.0,0.0,Urban,N
LP003316,Male,No,1,Graduate,No,4521,0.0,116.0,360.0,1.0,Urban,Y
LP003317,Male,No,1,Graduate,Yes,8732,0.0,261.0,360.0,1.0,Urban,Y
LP003318,Female,Yes,0,Not Graduate,No,1666,0.0,42.0,360.0,1.0,Urban,Y
LP003319,Male,Yes,0,Graduate,Yes,3839,2823.0,148.0,360.0,1.0,Semiurban,Y
LP003320,Female,Yes,1,Graduate,Yes,4210,1542.0,115.0,360.0,1.0,Semiurban,Y
LP003321,Male,No,0,Graduate,No,2565,1464.0,126.0,360.0,1.0,Rural,Y
LP003322,Female,Yes,2,Graduate,No,4693,1147.0,259.0,360.0,1.0,Rural,Y
LP003323,Male,No,3+,Graduate,No,2042,0.0,61.0,360.0,1.0,Semiurban,N
LP003324,Male,Yes,1,Graduate,No,5539,592.0,170.0,360.0,1.0,Rural,Y
LP003325,Male,No,1,Not Graduate,No,4701,0.0,127.0,360.0,1.0,Urban,Y
LP003326,Male,No,0,Graduate,No,2989,0.0,89.0,360.0,1.0,Urban,Y
LP003327,Male,No,0,Graduate,No,4340,0.0,90.0,360.0,1.0,Urban,Y
LP003328,Male,Yes,2,Graduate,Yes,4225,1175.0,148.0,180.0,0.0,Semiurban,N
LP003329,Male,Yes,0,Graduate,No,3182,1378.0,116.0,360.0,1.0,Rural,Y
LP003330,Male,No,0,Not Graduate,No,2842,0.0,84.0,360.0,1.0,Rural,Y
LP003331,Female,Yes,3+,Not Graduate,No,7638,1313.0,227.0,360.0,1.0,Urban,Y
LP003332,Female,Yes,2,Graduate,No,5987,0.0,158.0,360.0,1.0,Semiurban,Y
LP003333,Male,Yes,0,Graduate,No,5521,0.0,152.0,360.0,1.0,Semiurban,Y
LP003334,Male,No,0,Graduate,No,2263,0.0,55.0,360.0,1.0,Urban,Y
LP003335,Male,No,0,Graduate,No,2895,1358.0,116.0,180.0,1.0,Urban,Y
LP003336,Male,No,1,Graduate,No,3205,3187.0,143.0,360.0,1.0,Urban,Y
LP003337,Male,No,0,Graduate,No,15383,0.0,322.0,360.0,1.0,Semiurban,Y
LP003338,Male,No,0,Graduate,Yes,17105,0.0,521.0,360.0,1.0,Semiurban,N
LP003339,Female,No,0,Graduate,No,5487,0.0,158.0,360.0,1.0,Semiurban,Y
LP003340,Female,Yes,0,Graduate,No,1901,1690.0,101.0,360.0,1.0,Rural,Y
LP003341,Male,Yes,0,Not Graduate,No,2209,3279.0,144.0,360.0,1.0,Semiurban,Y
LP003342,Female,Yes,0,Graduate,No,2698,1977.0,151.0,360.0,1.0,Semiurban,Y
LP003343,Male,Yes,0,Graduate,No,1834,0.0,33.0,240.0,0.0,Semiurban,N
LP003344,Male,No,0,Graduate,No,3180,0.0,100.0,360.0,0.0,Urban,N
LP003345,Male,Yes,3+,Graduate,No,3159,2180.0,164.0,360.0,1.0,Semiurban,Y
LP003346,Male,No,0,Graduate,No,2334,0.0,56.0,360.0,1.0,Rural,Y
LP003347,Male,Yes,2,Not Graduate,No,1738,2241.0,65.0,240.0,1.0,Semiurban,Y
LP003348,Male,No,0,Graduate,No,3117,0.0,66.0,480.0,0.0,Rural,N
LP003349,Male,Yes,0,Not Graduate,No,2145,2679.0,127.0,360.0,1.0,Semiurban,Y
LP003350,Male,Yes,0,Graduate,No,9417,2094.0,234.0,360.0,1.0,Semiurban,Y
LP003351,Male,Yes,0,Graduate,No,4618,3946.0,279.0,360.0,1.0,Semiurban,Y
LP003352,Male,Yes,0,Graduate,No,3537,2779.0,268.0,360.0,1.0,Urban,Y
LP003353,Male,Yes,0,Graduate,No,4266,1959.0,157.0,360.0,1.0,Rural,Y
LP003354,Male,Yes,0,Graduate,No,1931,1088.0,165.0,360.0,0.0,Urban,N
LP003355,Male,Yes,0,Not Graduate,No,1991,0.0,53.0,360.0,1.0,Urban,Y
LP003356,Male,Yes,3+,Not Graduate,No,3307,0.0,104.0,360.0,1.0,Rural,Y
LP003357,Male,No,2,Graduate,No,1653,1409.0,95.0,360.0,1.0,Semiurban,Y
LP003358,Male,No,0,Graduate,No,3353,0.0,78.0,360.0,1.0,Rural,Y
LP003359,Male,Yes,1,Graduate,No,7004,1630.0,204.0,360.0,0.0,Semiurban,N
LP003360,Male,Yes,1,Graduate,No,2903,1111.0,103.0,360.0,1.0,Urban,Y
LP003361,Female,No,1,Graduate,No,3802,0.0,99.0,360.0,1.0,Urban,Y
LP003362,Male,Yes,0,Graduate,No,6193,0.0,154.0,360.0,0.0,Semiurban,N
LP003363,Male,No,0,Graduate,No,3865,0.0,83.0,360.0,1.0,Urban,Y
LP003364,Male,Yes,0,Graduate,No,6247,1767.0,161.0,360.0,1.0,Semiurban,Y
LP003365,Male,No,1,Graduate,No,8335,0.0,275.0,360.0,1.0,Urban,Y
LP003366,Male,No,0,Not Graduate,No,3948,0.0,98.0,360.0,1.0,Rural,Y
LP003367,Female,Yes,3+,Graduate,No,6244,0.0,217.0,180.0,1.0,Semiurban,Y
LP003368,Male,Yes,2,Graduate,No,3433,1138.0,147.0,360.0,1.0,Rural,Y
LP003369,Male,No,1,Graduate,Yes,3246,0.0,111.0,360.0,0.0,Urban,N
LP003370,Male,No,0,Not Graduate,No,3248,0.0,67.0,360.0,1.0,Semiurban,Y
LP003371,Male,No,0,Graduate,No,1241,0.0,41.0,180.0,1.0,Urban,N
LP003372,Female,Yes,0,Graduate,Yes,6649,1433.0,393.0,180.0,0.0,Semiurban,N
LP003373,Male,Yes,2,Graduate,No,5798,659.0,182.0,360.0,1.0,Urban,Y
LP003374,Male,Yes,1,Graduate,No,2293,1022.0,109.0,360.0,0.0,Rural,N
LP003375,Male,Yes,0,Graduate,No,2670,2314.0,81.0,180.0,1.0,Urban,Y
LP003376,Male,No,1,Graduate,No,2406,0.0,117.0,360.0,1.0,Urban,Y
LP003377,Male,Yes,2,Graduate,No,10098,1853.0,546.0,360.0,1.0,Rural,N
LP003378,Male,Yes,0,Graduate,Yes,5592,2632.0,174.0,360.0,0.0,Semiurban,N
LP003379,Male,Yes,0,Graduate,No,5876,1789.0,328.0,360.0,1.0,Semiurban,Y
LP003380,Male,Yes,3+,Graduate,No,1671,2233.0,90.0,360.0,1.0,Urban,Y
LP003381,Male,Yes,0,Graduate,No,2301,1486.0,111.0,180.0,1.0,Urban,Y
LP003382,Male,Yes,3+,Graduate,No,1226,0.0,40.0,360.0,1.0,Rural,N
LP003383,Female,No,1,Graduate,No,4926,0.0,86.0,360.0,1.0,Urban,Y
LP003384,Male,No,3+,Graduate,No,9010,1020.0,359.0,360.0,1.0,Rural,Y
LP003385,Male,Yes,0,Graduate,No,3273,2587.0,166.0,360.0,1.0,Semiurban,Y
LP003386,Male,Yes,0,Graduate,No,3039,768.0,126.0,360.0,1.0,Urban,Y
LP003387,Male,Yes,0,Not Graduate,No,16007,1511.0,524.0,360.0,1.0,Semiurban,N
LP003388,Male,Yes,0,Graduate,No,6905,499.0,223.0,360.0,1.0,Urban,Y
LP003389,Male,No,1,Graduate,No,1340,4589.0,154.0,360.0,1.0,Urban,Y
LP003390,Female,Yes,3+,Graduate,No,1000,1551.0,73.0,180.0,1.0,Semiurban,Y
LP003391,Male,Yes,0,Graduate,Yes,6186,3569.0,264.0,360.0,1.0,Semiurban,Y
LP003392,Male,No,2,Not Graduate,No,4661,0.0,130.0,360.0,1.0,Semiurban,Y
LP003393,Female,Yes,3+,Not Graduate,No,3174,0.0,75.0,360.0,1.0,Urban,Y
LP003394,Male,No,3+,Graduate,No,3560,0.0,99.0,360.0,1.0,Rural,Y
LP003395,Female,Yes,0,Graduate,No,2264,1865.0,193.0,360.0,1.0,Semiurban,Y
LP003396,Male,Yes,0,Graduate,No,1308,0.0,52.0,360.0,0.0,Semiurban,N
LP003397,Male,Yes,0,Graduate,Yes,3796,831.0,105.0,120.0,1.0,Urban,Y
LP003398,Male,Yes,1,Graduate,No,2431,1905.0,144.0,360.0,1.0,Rural,Y
LP003399,Male,Yes,0,Graduate,Yes,1808,0.0,53.0,360.0,1.0,Rural,Y
LP003400,Male,Yes,0,Graduate,No,3074,1330.0,92.0,480.0,1.0,Rural,Y
LP003401,Male,Yes,0,Graduate,No,3372,997.0,125.0,180.0,1.0,Urban,Y
LP003402,Male,Yes,0,Graduate,No,1536,5170.0,237.0,360.0,1.0,Rural,Y
LP003403,Female,No,1,Graduate,No,7922,0.0,343.0,360.0,1.0,Semiurban,Y
LP003404,Male,No,2,Graduate,No,8785,0.0,305.0,360.0,1.0,Rural,Y
LP003405,Male,Yes,3+,Graduate,No,7058,1617.0,292.0,360.0,1.0,Rural,Y
LP003406,Male,Yes,1,Graduate,No,5360,1338.0,263.0,360.0,1.0,Urban,Y
LP003407,Male,Yes,0,Graduate,No,1141,2729.0,86.0,360.0,1.0,Semiurban,Y
LP003408,Male,Yes,0,Graduate,No,5150,574.0,124.0,360.0,0.0,Semiurban,N
LP003409,Male,Yes,1,Graduate,No,6863,0.0,173.0,360.0,1.0,Urban,Y
LP003410,Female,Yes,0,Graduate,No,5088,1755.0,269.0,360.0,1.0,Rural,Y
LP003411,Male,Yes,0,Graduate,No,6971,0.0,325.0,360.0,1.0,Urban,Y
LP003412,Male,Yes,0,Graduate,No,7067,1009.0,179.0,360.0,0.0,Rural,N
LP003413,Female,Yes,2,Graduate,No,4726,2166.0,170.0,360.0,1.0,Rural,Y
LP003414,Male,No,1,Graduate,No,3861,1644.0,113.0,360.0,1.0,Rural,Y
LP003415,Male,No,1,Graduate,No,3288,0.0,102.0,480.0,1.0,Semiurban,Y
LP003416,Female,Yes,0,Graduate,Yes,3602,2751.0,218.0,360.0,1.0,Urban,Y
LP003417,Female,No,0,Not Graduate,Yes,2267,0.0,67.0,360.0,1.0,Urban,Y
LP003418,Male,Yes,0,Not Graduate,No,4334,1244.0,85.0,360.0,1.0,Urban,Y
LP003419,Male,No,1,Graduate,No,3688,0.0,127.0,360.0,1.0,Rural,Y
LP003420,Male,Yes,1,Graduate,No,4317,2881.0,149.0,480.0,1.0,Semiurban,Y
LP003421,Male,Yes,1,Graduate,Yes,4739,0.0,81.0,360.0,1.0,Urban,Y
LP003422,Male,No,0,Graduate,Yes,4340,0.0,96.0,180.0,1.0,Semiurban,Y
LP003423,Male,No,2,Graduate,No,5053,1026.0,166.0,360.0,1.0,Rural,Y
LP003424,Male,No,2,Graduate,No,2172,0.0,66.0,360.0,1.0,Semiurban,Y
LP003425,Male,No,0,Graduate,No,4360,1868.0,213.0,360.0,1.0,Semiurban,Y
LP003426,Male,No,0,Graduate,No,1709,0.0,73.0,360.0,1.0,Rural,Y
LP003427,Female,No,0,Graduate,No,2791,0.0,49.0,360.0,1.0,Rural,Y
LP003428,Male,Yes,1,Graduate,No,3226,1933.0,148.0,60.0,1.0,Urban,N
LP003429,Male,Yes,0,Graduate,No,2434,448.0,64.0,360.0,1.0,Urban,Y
LP003430,Male,Yes,0,Graduate,Yes,6810,1817.0,301.0,360.0,1.0,Urban,Y
LP003431,Male,No,2,Graduate,No,3154,1390.0,156.0,480.0,1.0,Urban,Y
LP003432,Male,Yes,0,Graduate,No,2431,0.0,70.0,360.0,1.0,Rural,Y
LP003433,Female,No,0,Graduate,No,7617,0.0,198.0,180.0,1.0,Semiurban,Y
LP003434,Male,Yes,2,Graduate,No,3771,1212.0,83.0,180.0,1.0,Urban,Y
LP003435,Male,No,0,Graduate,No,2903,0.0,99.0,360.0,1.0,Urban,Y
LP003436,Female,Yes,0,Graduate,No,5856,0.0,196.0,360.0,1.0,Rural,Y
LP003437,Female,No,2,Graduate,No,2864,0.0,73.0,180.0,1.0,Urban,Y
LP003438,Male,Yes,1,Not Graduate,No,4475,1157.0,154.0,360.0,1.0,Rural,Y
LP003439,Male,No,1,Graduate,No,4805,0.0,226.0,360.0,1.0,Semiurban,Y
LP003440,Male,Yes,0,Not Graduate,No,7286,0.0,240.0,360.0,1.0,Rural,Y
LP003441,Male,Yes,2,Graduate,No,4879,1881.0,271.0,360.0,1.0,Urban,Y
LP003442,Female,Yes,0,Graduate,No,3812,1447.0,132.0,360.0,1.0,Semiurban,Y
LP003443,Male,No,2,Graduate,No,1207,0.0,29.0,360.0,1.0,Urban,N
LP003444,Male,No,0,Not Graduate,No,7110,1318.0,243.0,360.0,1.0,Urban,Y
LP003445,Female,No,1,Not Graduate,No,5032,1890.0,199.0,360.0,1.0,Urban,Y
LP003446,Male,No,2,Not Graduate,No,8490,1309.0,340.0,360.0,1.0,Rural,Y
LP003447,Male,Yes,1,Graduate,No,4029,4127.0,182.0,360.0,1.0,Semiurban,Y
LP003448,Male,Yes,1,Graduate,Yes,2184,1091.0,91.0,360.0,1.0,Semiurban,Y
LP003449,Male,Yes,2,Graduate,Yes,7944,1702.0,241.0,360.0,1.0,Urban,Y
LP003450,Female,No,0,Graduate,No,2114,0.0,48.0,84.0,1.0,Rural,Y
LP003451,Male,Yes,3+,Graduate,No,7963,1228.0,151.0,360.0,1.0,Urban,Y
LP003452,Male,Yes,0,Graduate,No,8300,1330.0,203.0,360.0,1.0,Semiurban,Y
LP003453,Male,Yes,0,Graduate,No,4263,0.0,106.0,360.0,1.0,Semiurban,Y
LP003454,Female,Yes,1,Graduate,No,4586,901.0,135.0,360.0,1.0,Semiurban,Y
LP003455,Male,Yes,3+,Graduate,No,4119,2262.0,172.0,360.0,1.0,Semiurban,Y
LP003456,Male,Yes,0,Graduate,No,5126,793.0,253.0,360.0,1.0,Semiurban,Y
LP003457,Male,Yes,1,Graduate,No,4835,1507.0,197.0,180.0,1.0,Semiurban,Y
LP003458,Male,Yes,1,Graduate,No,3703,1463.0,112.0,360.0,1.0,Semiurban,Y
LP003459,Male,No,0,Graduate,No,2254,0.0,72.0,360.0,0.0,Semiurban,N
LP003460,Male,Yes,1,Graduate,No,2607,1436.0,134.0,360.0,1.0,Semiurban,Y
LP003461,Male,Yes,0,Graduate,No,2681,1815.0,120.0,360.0,1.0,Rural,Y
LP003462,Male,Yes,0,Graduate,No,1558,1311.0,75.0,360.0,1.0,Semiurban,Y
LP003463,Male,No,0,Graduate,No,4582,0.0,97.0,360.0,1.0,Urban,Y
LP003464,Male,Yes,0,Graduate,No,1758,586.0,79.0,360.0,1.0,Urban,Y
LP003465,Female,No,0,Graduate,No,3217,1402.0,125.0,180.0,1.0,Semiurban,Y
LP003466,Male,Yes,0,Not Graduate,No,1621,1510.0,100.0,360.0,1.0,Semiurban,Y
LP003467,Male,No,0,Not Graduate,No,4694,0.0,139.0,120.0,1.0,Semiurban,Y
LP003468,Male,Yes,2,Not Graduate,No,2884,0.0,68.0,360.0,1.0,Urban,Y
LP003469,Male,No,0,Graduate,Yes,4203,0.0,179.0,360.0,1.0,Semiurban,Y
LP003470,Male,Yes,0,Graduate,No,3293,0.0,50.0,360.0,1.0,Rural,Y
LP003471,Male,Yes,0,Graduate,No,5160,0.0,147.0,360.0,1.0,Semiurban,Y
LP003472,Male,Yes,0,Graduate,No,2594,1850.0,94.0,180.0,1.0,Urban,Y
LP003473,Male,No,0,Graduate,No,3589,0.0,116.0,360.0,1.0,Urban,Y
LP003474,Male,Yes,2,Not Graduate,No,3990,1286.0,122.0,360.0,1.0,Urban,Y
LP003475,Male,Yes,3+,Graduate,No,2743,0.0,75.0,360.0,1.0,Semiurban,Y
LP003476,Male,No,3+,Not Graduate,No,2482,0.0,73.0,360.0,1.0,Semiurban,Y
LP003477,Male,No,0,Graduate,Yes,3788,2023.0,129.0,360.0,1.0,Semiurban,Y
LP003478,Male,Yes,0,Graduate,No,2675,0.0,67.0,360.0,1.0,Rural,Y
LP003479,Male,No,2,Graduate,Yes,2895,0.0,97.0,360.0,1.0,Urban,Y
LP003480,Male,No,0,Graduate,No,3383,1208.0,137.0,360.0,1.0,Rural,Y
LP003481,Male,No,1,Graduate,No,3831,0.0,84.0,360.0,1.0,Semiurban,Y
LP003482,Female,Yes,3+,Graduate,No,8852,1584.0,305.0,360.0,1.0,Semiurban,Y
LP003483,Female,No,0,Graduate,No,3624,0.0,81.0,360.0,0.0,Urban,N
LP003484,Male,No,0,Graduate,No,5371,4549.0,288.0,360.0,1.0,Urban,Y
LP003485,Male,Yes,0,Graduate,No,7844,787.0,276.0,360.0,1.0,Rural,Y
LP003486,Female,No,2,Graduate,No,2721,2097.0,103.0,360.0,1.0,Urban,Y
LP003487,Female,Yes,0,Graduate,No,7005,2954.0,342.0,360.0,1.0,Urban,Y
LP003488,Female,Yes,3+,Graduate,No,1718,2516.0,69.0,180.0,1.0,Semiurban,Y
LP003489,Male,Yes,0,Graduate,No,10892,0.0,342.0,360.0,1.0,Semiurban,Y
LP003490,Male,Yes,1,Graduate,No,1077,0.0,32.0,360.0,1.0,Urban,N
LP003491,Male,No,0,Not Graduate,No,2016,0.0,63.0,360.0,1.0,Rural,Y
LP003492,Male,Yes,0,Graduate,No,1401,0.0,67.0,360.0,1.0,Rural,Y
LP003493,Female,Yes,2,Not Graduate,No,3843,1646.0,189.0,360.0,1.0,Semiurban,Y
LP003494,Male,Yes,1,Graduate,No,12039,2338.0,259.0,360.0,1.0,Rural,Y
LP003495,Female,No,0,Graduate,Yes,4307,0.0,131.0,360.0,1.0,Urban,Y
LP003496,Male,Yes,0,Graduate,No,1635,1251.0,69.0,360.0,1.0,Semiurban,Y
LP003497,Male,No,0,Not Graduate,No,5633,0.0,137.0,360.0,1.0,Semiurban,Y
LP003498,Male,Yes,2,Graduate,No,1000,1356.0,37.0,360.0,1.0,Semiurban,Y
LP003499,Female,Yes,1,Graduate,No,8492,530.0,200.0,360.0,0.0,Rural,N
LP003500,Male,Yes,2,Graduate,No,3162,2299.0,316.0,360.0,1.0,Semiurban,Y
LP003501,Male,Yes,0,Graduate,No,2289,2199.0,126.0,360.0,1.0,Semiurban,Y
LP003502,Female,Yes,1,Graduate,Yes,4860,1714.0,225.0,180.0,1.0,Rural,Y
LP003503,Female,No,3+,Graduate,No,2944,0.0,122.0,360.0,0.0,Urban,N
LP003504,Male,Yes,3+,Graduate,No,3693,1049.0,83.0,360.0,0.0,Urban,N
LP003505,Male,No,1,Graduate,No,5678,0.0,149.0,360.0,1.0,Rural,Y
LP003506,Male,Yes,0,Graduate,No,5905,1129.0,213.0,360.0,1.0,Urban,Y
LP003507,Male,Yes,0,Not Graduate,No,4472,1870.0,211.0,360.0,1.0,Semiurban,Y
LP003508,Female,Yes,2,Not Graduate,No,5358,3092.0,249.0,360.0,1.0,Semiurban,Y
LP003509,Male,Yes,0,Graduate,No,1013,1325.0,46.0,300.0,1.0,Rural,Y
LP003510,Male,Yes,0,Graduate,No,3907,549.0,179.0,360.0,1.0,Urban,Y
LP003511,Male,Yes,0,Graduate,No,3079,2516.0,84.0,360.0,1.0,Urban,Y
LP003512,Male,No,3+,Graduate,No,4438,506.0,143.0,360.0,1.0,Semiurban,Y
LP003513,Female,Yes,0,Graduate,Yes,5560,2107.0,246.0,240.0,1.0,Semiurban,Y
LP003514,Male,Yes,0,Graduate,No,6114,1907.0,215.0,360.0,1.0,Semiurban,Y
LP003515,Male,Yes,0,Graduate,No,5019,524.0,148.0,360.0,1.0,Urban,Y
LP003516,Male,No,0,Graduate,No,5283,0.0,179.0,360.0,0.0,Urban,N
LP003517,Male,No,0,Graduate,No,7264,0.0,111.0,360.0,1.0,Semiurban,Y
LP003518,Male,Yes,0,Not Graduate,No,5296,1777.0,145.0,360.0,1.0,Semiurban,Y
LP003519,Male,Yes,0,Graduate,No,1643,493.0,50.0,360.0,1.0,Rural,Y
LP003520,Male,Yes,0,Graduate,No,3970,3168.0,243.0,360.0,1.0,Rural,Y
LP003521,Male,Yes,0,Not Graduate,Yes,6264,1766.0,226.0,360.0,1.0,Semiurban,Y
LP003522,Female,No,3+,Graduate,No,5142,0.0,149.0,360.0,1.0,Rural,Y
LP003523,Male,Yes,1,Graduate,Yes,1728,0.0,32.0,360.0,1.0,Rural,Y
LP003524,Male,Yes,2,Graduate,No,1000,1209.0,44.0,360.0,1.0,Urban,Y
LP003525,Male,Yes,0,Graduate,No,5076,972.0,168.0,360.0,1.0,Semiurban,Y
LP003526,Male,No,0,Graduate,No,1923,830.0,51.0,360.0,1.0,Rural,Y
LP003527,Male,No,1,Graduate,No,8319,0.0,310.0,360.0,1.0,Rural,Y
LP003528,Male,No,0,Graduate,No,3755,0.0,131.0,360.0,1.0,Semiurban,Y
LP003529,Male,Yes,2,Graduate,No,1325,2996.0,93.0,360.0,1.0,Rural,Y
LP003530,Male,Yes,2,Graduate,No,3504,0.0,73.0,360.0,1.0,Semiurban,Y
LP003531,Male,Yes,0,Graduate,No,2297,1510.0,91.0,360.0,0.0,Semiurban,N
LP003532,Male,Yes,0,Graduate,Yes,3074,1053.0,137.0,360.0,0.0,Semiurban,N
LP003533,Male,No,0,Graduate,No,1990,0.0,47.0,60.0,0.0,Semiurban,N
LP003534,Male,Yes,1,Graduate,No,1166,5300.0,131.0,360.0,1.0,Rural,Y
LP003535,Male,Yes,0,Graduate,No,7025,3394.0,423.0,240.0,1.0,Semiurban,Y
LP003536,Male,No,3+,Graduate,Yes,6091,1498.0,193.0,180.0,1.0,Rural,Y
LP003537,Male,No,0,Graduate,No,8734,0.0,161.0,360.0,1.0,Rural,Y
LP003538,Male,Yes,0,Graduate,No,4105,1075.0,170.0,360.0,1.0,Urban,Y
LP003539,Male,No,0,Graduate,No,3454,0.0,120.0,360.0,1.0,Urban,Y
LP003540,Female,No,1,Graduate,No,1949,0.0,49.0,360.0,1.0,Urban,Y
LP003541,Male,Yes,0,Graduate,No,2352,0.0,57.0,360.0,0.0,Urban,N
LP003542,Male,Yes,2,Graduate,No,2941,1434.0,102.0,180.0,1.0,Semiurban,Y
LP003543,Male,No,0,Not Graduate,No,1392,0.0,37.0,360.0,0.0,Semiurban,N
LP003544,Male,Yes,0,Graduate,No,3392,1547.0,145.0,360.0,1.0,Rural,Y
LP003545,Male,Yes,0,Graduate,No,3425,789.0,87.0,360.0,1.0,Urban,Y
LP003546,Male,Yes,0,Not Graduate,Yes,9482,0.0,295.0,360.0,1.0,Urban,Y
LP003547,Male,Yes,1,Graduate,No,4076,2248.0,218.0,360.0,0.0,Semiurban,N
LP003548,Male,Yes,0,Not Graduate,No,11358,1326.0,223.0,360.0,1.0,Urban,Y
LP003549,Male,No,0,Not Graduate,No,16340,0.0,550.0,360.0,1.0,Semiurban,N
LP003550,Male,Yes,2,Graduate,No,2793,1727.0,116.0,360.0,1.0,Semiurban,Y
LP003551,Male,No,0,Graduate,No,3848,0.0,90.0,360.0,1.0,Urban,Y
LP003552,Male,Yes,0,Graduate,No,3768,1847.0,121.0,180.0,1.0,Urban,Y
LP003553,Male,Yes,2,Not Graduate,Yes,6392,1273.0,196.0,360.0,1.0,Semiurban,Y
LP003554,Male,Yes,3+,Graduate,No,3298,2148.0,233.0,360.0,1.0,Rural,Y
LP003555,Female,No,3+,Not Graduate,No,1253,0.0,36.0,360.0,0.0,Urban,N
LP003556,Male,No,0,Not Graduate,No,2334,0.0,100.0,180.0,1.0,Rural,Y
LP003557,Male,Yes,3+,Graduate,Yes,1975,1036.0,72.0,240.0,0.0,Urban,N
LP003558,Male,Yes,2,Not Graduate,No,3028,1115.0,100.0,360.0,1.0,Urban,Y
LP003559,Male,No,0,Graduate,No,4107,0.0,139.0,360.0,1.0,Rural,Y
LP003560,Male,Yes,1,Graduate,No,2180,832.0,68.0,360.0,1.0,Urban,Y
LP003561,Male,No,2,Not Graduate,No,3037,0.0,87.0,360.0,1.0,Rural,Y
LP003562,Male,Yes,0,Graduate,No,1523,0.0,57.0,360.0,0.0,Semiurban,N
LP003563,Male,Yes,1,Graduate,No,1933,1989.0,175.0,360.0,1.0,Rural,Y
LP003564,Female,Yes,2,Graduate,No,3845,1272.0,110.0,180.0,1.0,Semiurban,Y
LP003565,Male,No,0,Graduate,No,9463,3337.0,368.0,360.0,1.0,Urban,Y
LP003566,Female,Yes,1,Graduate,No,5159,571.0,143.0,360.0,1.0,Urban,Y
LP003567,Male,Yes,2,Graduate,Yes,4113,1817.0,197.0,360.0,1.0,Urban,Y
LP003568,Female,No,0,Not Graduate,No,5054,0.0,207.0,360.0,1.0,Urban,Y
LP003569,Female,Yes,1,Graduate,No,7182,0.0,150.0,360.0,1.0,Semiurban,Y
LP003570,Female,Yes,1,Graduate,No,1952,0.0,45.0,360.0,1.0,Semiurban,Y
LP003571,Male,Yes,0,Graduate,No,2749,3511.0,196.0,360.0,1.0,Semiurban,Y
LP003572,Male,Yes,1,Graduate,No,3740,2681.0,136.0,180.0,1.0,Urban,Y
LP003573,Male,No,0,Graduate,No,1938,0.0,44.0,360.0,1.0,Urban,Y
LP003574,Male,Yes,1,Graduate,Yes,2912,1839.0,83.0,360.0,1.0,Semiurban,Y
LP003575,Male,Yes,1,Graduate,No,3365,4327.0,179.0,360.0,1.0,Urban,Y
LP003576,Male,Yes,0,Not Graduate,No,9260,1447.0,365.0,360.0,1.0,Semiurban,Y
LP003577,Male,No,0,Graduate,No,1000,0.0,43.0,360.0,1.0,Semiurban,N
LP003578,Male,Yes,1,Graduate,No,3613,3061.0,119.0,360.0,0.0,Rural,N
LP003579,Male,No,0,Graduate,Yes,2444,0.0,49.0,180.0,1.0,Semiurban,Y
LP003580,Male,No,0,Graduate,No,2822,0.0,97.0,360.0,1.0,Semiurban,Y
LP003581,Male,Yes,2,Graduate,No,3462,1524.0,152.0,360.0,1.0,Rural,Y
LP003582,Male,Yes,2,Graduate,Yes,2106,1395.0,75.0,360.0,1.0,Urban,Y
LP003583,Male,Yes,0,Graduate,No,7525,3456.0,336.0,360.0,0.0,Rural,N
LP003584,Male,Yes,3+,Graduate,No,3991,1257.0,87.0,360.0,1.0,Semiurban,Y
LP003585,Male,Yes,0,Graduate,No,1648,1183.0,60.0,360.0,1.0,Urban,Y
LP003586,Male,No,0,Graduate,Yes,4946,0.0,163.0,360.0,1.0,Semiurban,Y
LP003587,Male,Yes,0,Graduate,No,4786,0.0,173.0,360.0,1.0,Semiurban,Y
LP003588,Male,Yes,2,Graduate,No,3509,3074.0,146.0,480.0,0.0,Rural,N
LP003589,Male,No,0,Not Graduate,No,4366,0.0,88.0,360.0,1.0,Urban,Y
LP003590,Male,Yes,2,Graduate,No,2001,1143.0,70.0,360.0,1.0,Rural,Y
LP003591,Male,Yes,2,Graduate,No,3712,1713.0,174.0,360.0,1.0,Semiurban,Y
LP003592,Male,Yes,0,Graduate,No,6401,1452.0,235.0,360.0,1.0,Urban,Y
LP003593,Female,Yes,1,Graduate,No,1561,1782.0,111.0,480.0,1.0,Rural,Y
LP003594,Female,No,1,Not Graduate,No,6497,0.0,175.0,360.0,1.0,Semiurban,Y
LP003595,Male,No,0,Graduate,No,2828,0.0,60.0,360.0,1.0,Urban,Y
LP003596,Male,No,2,Not Graduate,No,2795,0.0,86.0,360.0,1.0,Rural,Y
LP003597,Male,No,3+,Not Graduate,No,8183,0.0,236.0,360.0,1.0,Semiurban,Y
LP003598,Male,No,2,Not Graduate,Yes,3647,0.0,72.0,360.0,1.0,Urban,Y
LP003599,Male,No,2,Graduate,No,5695,0.0,319.0,360.0,1.0,Urban,Y
LP003600,Male,No,0,Graduate,No,4621,0.0,148.0,360.0,1.0,Semiurban,Y
LP003601,Male,No,0,Not Graduate,No,1729,0.0,44.0,360.0,0.0,Rural,N
LP003602,Male,Yes,0,Graduate,Yes,9957,0.0,321.0,360.0,1.0,Semiurban,Y
LP003603,Male,No,3+,Graduate,No,1416,0.0,26.0,360.0,1.0,Urban,N
LP003604,Female,Yes,2,Not Graduate,No,7679,0.0,158.0,360.0,1.0,Urban,Y
LP003605,Male,Yes,3+,Graduate,No,4186,681.0,148.0,180.0,1.0,Urban,Y
LP003606,Male,Yes,0,Graduate,No,2396,0.0,66.0,360.0,1.0,Semiurban,Y
LP003607,Male,Yes,1,Graduate,No,5634,0.0,145.0,180.0,1.0,Semiurban,Y
LP003608,Female,Yes,2,Graduate,No,3168,416.0,86.0,180.0,1.0,Semiurban,Y
LP003609,Female,No,0,Not Graduate,No,3002,0.0,65.0,360.0,1.0,Semiurban,Y
LP003610,Male,No,0,Not Graduate,No,4885,0.0,134.0,360.0,1.0,Rural,Y
LP003611,Female,Yes,2,Not Graduate,No,3008,939.0,176.0,360.0,0.0,Rural,N
LP003612,Male,No,0,Graduate,No,1273,1861.0,162.0,360.0,0.0,Urban,N
LP003613,Male,Yes,0,Graduate,No,11832,1564.0,401.0,360.0,1.0,Rural,Y
LP003614,Female,Yes,0,Graduate,No,1356,0.0,73.0,360.0,1.0,Semiurban,N
LP003615,Female,Yes,0,Graduate,No,3766,0.0,93.0,360.0,1.0,Semiurban,Y
LP003616,Male,Yes,1,Graduate,No,1758,2635.0,106.0,360.0,1.0,Semiurban,Y
LP003617,Male,Yes,0,Not Graduate,No,8889,1269.0,448.0,180.0,1.0,Semiurban,Y
LP003618,Male,Yes,1,Graduate,No,4228,2652.0,146.0,84.0,1.0,Semiurban,Y
LP003619,Male,Yes,0,Graduate,No,5538,1381.0,220.0,360.0,1.0,Semiurban,Y
LP003620,Male,No,2,Graduate,No,3211,3144.0,179.0,360.0,0.0,Rural,N
LP003621,Male,Yes,1,Graduate,No,5119,453.0,184.0,360.0,1.0,Rural,Y
LP003622,Male,No,0,Not Graduate,No,5655,0.0,130.0,360.0,1.0,Urban,Y
LP003623,Male,Yes,0,Graduate,No,3124,0.0,103.0,360.0,1.0,Semiurban,Y
LP003624,Female,Yes,1,Graduate,No,5387,0.0,169.0,360.0,1.0,Rural,Y
LP003625,Male,No,3+,Not Graduate,No,6403,0.0,137.0,360.0,1.0,Urban,Y
LP003626,Male,Yes,0,Graduate,No,4339,1724.0,167.0,360.0,1.0,Semiurban,Y
LP003627,Male,Yes,0,Not Graduate,No,7119,1359.0,164.0,180.0,1.0,Urban,Y
LP003628,Female,Yes,2,Graduate,No,6962,0.0,263.0,360.0,1.0,Rural,Y
LP003629,Male,Yes,0,Graduate,No,2841,1835.0,113.0,240.0,1.0,Semiurban,Y
LP003630,Male,No,0,Graduate,No,3187,0.0,80.0,180.0,1.0,Rural,Y
LP003631,Male,Yes,3+,Graduate,No,2822,0.0,62.0,360.0,1.0,Semiurban,Y
LP003632,Female,Yes,2,Graduate,No,2537,1308.0,81.0,180.0,0.0,Urban,N
LP003633,Female,Yes,0,Graduate,No,1656,1635.0,81.0,360.0,1.0,Semiurban,Y
LP003634,Male,Yes,0,Graduate,No,2130,635.0,78.0,360.0,0.0,Semiurban,N
LP003635,Male,Yes,3+,Graduate,Yes,2478,2071.0,94.0,360.0,1.0,Semiurban,Y
LP003636,Male,Yes,0,Graduate,No,3348,1537.0,149.0,360.0,1.0,Rural,Y
LP003637,Male,Yes,0,Not Graduate,No,7200,0.0,171.0,360.0,1.0,Semiurban,Y
LP003638,Female,Yes,0,Graduate,No,4548,3567.0,201.0,360.0,1.0,Rural,Y
LP003639,Male,Yes,0,Not Graduate,No,4116,701.0,151.0,360.0,1.0,Semiurban,Y
LP003640,Male,Yes,0,Graduate,No,3730,1548.0,173.0,360.0,1.0,Rural,Y
LP003641,Male,Yes,0,Not Graduate,No,2651,0.0,97.0,360.0,1.0,Rural,Y
LP003642,Male,No,0,Not Graduate,No,4435,0.0,136.0,360.0,1.0,Rural,Y
LP003643,Male,Yes,2,Graduate,No,13126,1385.0,378.0,360.0,1.0,Urban,Y
LP003644,Female,Yes,0,Graduate,No,3383,3990.0,188.0,360.0,1.0,Rural,Y
LP003645,Male,No,0,Graduate,No,2488,0.0,68.0,360.0,1.0,Rural,Y
LP003646,Male,No,2,Graduate,No,3597,0.0,117.0,360.0,1.0,Rural,Y
LP003647,Male,Yes,3+,Graduate,No,2112,2959.0,123.0,360.0,1.0,Rural,Y
LP003648,Male,No,0,Graduate,No,5479,3088.0,379.0,480.0,1.0,Rural,Y
LP003649,Male,No,0,Graduate,No,5011,0.0,138.0,300.0,1.0,Rural,Y
LP003650,Male,No,1,Graduate,No,4698,0.0,99.0,360.0,1.0,Semiurban,Y
LP003651,Male,No,0,Graduate,Yes,2297,0.0,51.0,360.0,1.0,Rural,Y
LP003652,Female,No,3+,Not Graduate,No,1976,0.0,59.0,360.0,1.0,Semiurban,N
LP003653,Male,No,3+,Graduate,No,2693,0.0,54.0,360.0,1.0,Urban,Y
LP003654,Male,Yes,0,Not Graduate,No,1000,1602.0,81.0,360.0,1.0,Urban,Y
LP003655,Male,No,0,Graduate,No,7136,1995.0,147.0,360.0,1.0,Semiurban,Y
LP003656,Female,Yes,2,Graduate,No,3313,2444.0,187.0,480.0,0.0,Semiurban,N
LP003657,Male,No,0,Graduate,No,4585,0.0,180.0,180.0,1.0,Semiurban,Y
LP003658,Male,Yes,2,Graduate,No,2264,3061.0,210.0,360.0,1.0,Semiurban,Y
LP003659,Male,No,0,Graduate,No,3756,0.0,68.0,360.0,1.0,Semiurban,Y
LP003660,Male,Yes,0,Graduate,Yes,3309,2140.0,142.0,180.0,0.0,Semiurban,N
LP003661,Male,No,1,Not Graduate,No,7971,0.0,264.0,180.0,1.0,Rural,Y
LP003662,Male,Yes,0,Graduate,No,6438,0.0,142.0,360.0,1.0,Semiurban,Y
LP003663,Female,Yes,0,Graduate,No,4592,0.0,111.0,360.0,1.0,Urban,Y
LP003664,Male,Yes,0,Graduate,No,2207,1210.0,114.0,360.0,1.0,Rural,Y
LP003665,Male,Yes,0,Graduate,No,4849,1073.0,184.0,360.0,1.0,Rural,Y
LP003666,Male,Yes,0,Graduate,No,4505,2977.0,139.0,360.0,0.0,Semiurban,N
LP003667,Male,No,0,Graduate,No,2761,0.0,69.0,360.0,1.0,Semiurban,Y
LP003668,Male,Yes,0,Graduate,No,5337,0.0,174.0,360.0,1.0,Semiurban,Y
LP003669,Male,No,2,Not Graduate,No,3596,1903.0,130.0,360.0,1.0,Rural,Y
LP003670,Male,Yes,0,Not Graduate,No,2793,0.0,66.0,360.0,1.0,Urban,Y
LP003671,Female,No,0,Graduate,No,1422,0.0,28.0,360.0,1.0,Semiurban,Y
LP003672,Male,No,2,Graduate,No,6172,987.0,234.0,360.0,1.0,Rural,Y
LP003673,Male,No,0,Graduate,No,5330,0.0,205.0,360.0,1.0,Urban,Y
LP003674,Male,Yes,0,Not Graduate,No,4496,1520.0,150.0,360.0,1.0,Semiurban,Y
LP003675,Male,No,0,Graduate,No,2470,2202.0,160.0,360.0,1.0,Semiurban,Y
LP003676,Female,Yes,1,Graduate,No,6640,0.0,208.0,180.0,1.0,Semiurban,Y
LP003677,Female,Yes,0,Graduate,No,3723,0.0,134.0,360.0,1.0,Semiurban,Y
LP003678,Male,Yes,1,Graduate,No,2781,3941.0,358.0,360.0,1.0,Semiurban,Y
LP003679,Male,No,0,Graduate,No,2639,0.0,68.0,360.0,1.0,Semiurban,Y
LP003680,Male,Yes,1,Graduate,No,4472,2660.0,179.0,180.0,1.0,Urban,Y
LP003681,Male,Yes,0,Not Graduate,No,2865,1849.0,123.0,360.0,1.0,Urban,Y
LP003682,Male,No,1,Graduate,No,3740,0.0,107.0,360.0,1.0,Semiurban,Y
LP003683,Male,Yes,1,Graduate,No,6388,1944.0,283.0,360.0,1.0,Rural,Y
LP003684,Male,Yes,2,Graduate,No,9697,0.0,521.0,300.0,0.0,Urban,N
LP003685,Male,No,0,Not Graduate,No,4600,0.0,106.0,360.0,1.0,Semiurban,Y
LP003686,Female,No,0,Graduate,No,2565,0.0,61.0,360.0,0.0,Semiurban,N
LP003687,Female,No,0,Not Graduate,No,1249,0.0,40.0,360.0,1.0,Semiurban,N
LP003688,Male,Yes,0,Graduate,No,4674,2582.0,296.0,360.0,0.0,Urban,N
LP003689,Male,Yes,0,Not Graduate,No,1000,1075.0,55.0,360.0,0.0,Urban,N
LP003690,Female,No,0,Graduate,No,4976,0.0,154.0,360.0,1.0,Semiurban,Y
LP003691,Female,No,0,Not Graduate,No,5970,0.0,120.0,360.0,1.0,Semiurban,Y
LP003692,Male,Yes,3+,Graduate,No,4133,0.0,90.0,360.0,1.0,Semiurban,Y
LP003693,Male,Yes,2,Not Graduate,No,8151,1827.0,309.0,360.0,1.0,Urban,Y
LP003694,Male,Yes,3+,Graduate,No,5892,0.0,122.0,360.0,1.0,Urban,Y
LP003695,Female,Yes,1,Graduate,No,3242,853.0,112.0,360.0,1.0,Rural,Y
LP003696,Male,No,1,Graduate,No,4821,1954.0,212.0,360.0,1.0,Semiurban,Y
LP003697,Male,No,0,Graduate,No,2560,2169.0,82.0,360.0,1.0,Urban,Y
LP003698,Female,Yes,0,Graduate,No,3375,1062.0,118.0,180.0,1.0,Semiurban,Y
LP003699,Male,No,0,Graduate,Yes,5034,0.0,167.0,360.0,1.0,Rural,Y
LP003700,Male,Yes,0,Graduate,No,6980,2491.0,290.0,360.0,0.0,Urban,N
LP003701,Male,Yes,2,Graduate,No,2606,1105.0,118.0,300.0,1.0,Rural,Y
LP003702,Male,No,0,Graduate,No,4485,2480.0,242.0,360.0,1.0,Rural,Y
LP003703,Male,No,0,Graduate,Yes,3719,1900.0,161.0,360.0,1.0,Rural,Y
LP003704,Male,Yes,3+,Graduate,No,3527,1406.0,76.0,360.0,1.0,Rural,Y
LP003705,Female,No,2,Graduate,No,3360,0.0,59.0,480.0,1.0,Semiurban,Y
LP003706,Male,No,2,Graduate,No,3637,0.0,102.0,360.0,0.0,Rural,N
LP003707,Male,No,0,Not Graduate,No,6236,0.0,132.0,360.0,1.0,Urban,Y
LP003708,Male,Yes,0,Not Graduate,No,17455,0.0,358.0,360.0,0.0,Rural,N
LP003709,Male,Yes,0,Graduate,No,2581,2549.0,84.0,360.0,0.0,Urban,N
LP003710,Male,No,1,Graduate,No,1887,803.0,114.0,360.0,0.0,Semiurban,N
LP003711,Male,No,0,Graduate,No,4041,0.0,84.0,180.0,1.0,Urban,Y
LP003712,Male,Yes,0,Not Graduate,No,1563,2216.0,108.0,360.0,1.0,Urban,Y
LP003713,Female,Yes,2,Graduate,No,3873,1318.0,125.0,360.0,1.0,Semiurban,Y
LP003714,Male,Yes,0,Graduate,No,3410,881.0,116.0,480.0,1.0,Rural,Y
LP003715,Male,No,0,Graduate,No,2352,0.0,45.0,360.0,0.0,Semiurban,N
LP003716,Male,Yes,2,Not Graduate,No,3434,0.0,96.0,360.0,1.0,Rural,Y
LP003717,Male,Yes,0,Graduate,No,4144,1524.0,117.0,360.0,1.0,Semiurban,Y
LP003718,Female,Yes,0,Graduate,Yes,3137,2683.0,178.0,360.0,1.0,Semiurban,Y
LP003719,Male,Yes,0,Graduate,No,8121,2438.0,278.0,360.0,1.0,Rural,Y
LP003720,Male,No,0,Graduate,No,4787,0.0,199.0,180.0,0.0,Rural,N
LP003721,Male,Yes,3+,Graduate,No,3080,3869.0,203.0,360.0,1.0,Urban,Y
LP003722,Male,Yes,1,Graduate,No,6067,1799.0,201.0,360.0,1.0,Semiurban,Y
LP003723,Male,No,0,Graduate,No,3191,0.0,146.0,360.0,1.0,Urban,Y
LP003724,Male,Yes,1,Graduate,Yes,2575,0.0,80.0,360.0,1.0,Urban,Y
LP003725,Male,Yes,0,Graduate,Yes,5636,2418.0,260.0,360.0,0.0,Semiurban,N
LP003726,Female,Yes,0,Not Graduate,No,3510,537.0,129.0,360.0,1.0,Semiurban,Y
LP003727,Male,No,1,Graduate,No,2433,0.0,85.0,360.0,1.0,Urban,Y
LP003728,Male,No,2,Not Graduate,No,4471,0.0,91.0,480.0,1.0,Rural,Y
LP003729,Male,Yes,0,Graduate,No,4590,0.0,143.0,360.0,1.0,Semiurban,Y
LP003730,Male,No,2,Graduate,No,2686,768.0,108.0,180.0,0.0,Urban,N
LP003731,Male,Yes,0,Graduate,No,6026,2655.0,263.0,180.0,1.0,Semiurban,Y
LP003732,Male,Yes,2,Graduate,No,6311,901.0,171.0,360.0,1.0,Semiurban,Y
LP003733,Male,Yes,0,Graduate,No,5565,0.0,283.0,360.0,1.0,Semiurban,Y
LP003734,Male,No,0,Graduate,No,10732,0.0,316.0,360.0,1.0,Rural,Y
LP003735,Male,Yes,2,Not Graduate,No,2310,0.0,67.0,360.0,1.0,Urban,Y
LP003736,Male,No,1,Graduate,No,2485,0.0,114.0,360.0,0.0,Rural,N
LP003737,Female,No,0,Graduate,No,6598,0.0,162.0,480.0,1.0,Urban,Y
LP003738,Female,Yes,0,Not Graduate,No,6607,0.0,255.0,360.0,1.0,Urban,Y
LP003739,Female,Yes,0,Graduate,No,1560,0.0,51.0,360.0,1.0,Semiurban,Y
LP003740,Male,Yes,0,Not Graduate,No,12847,0.0,375.0,360.0,1.0,Rural,Y
LP003741,Male,No,0,Not Graduate,No,2520,0.0,72.0,360.0,0.0,Rural,N
LP003742,Male,No,0,Graduate,No,5831,0.0,96.0,300.0,0.0,Urban,N
LP003743,Male,Yes,0,Graduate,Yes,7718,1885.0,210.0,360.0,1.0,Urban,Y
LP003744,Male,Yes,0,Graduate,No,4972,1719.0,228.0,360.0,1.0,Urban,Y
LP003745,Male,Yes,0,Graduate,No,10563,969.0,466.0,360.0,1.0,Semiurban,Y
LP003746,Male,No,0,Graduate,No,3840,0.0,132.0,360.0,1.0,Semiurban,Y
LP003747,Male,Yes,0,Not Graduate,No,2525,2068.0,106.0,360.0,1.0,Rural,Y
LP003748,Male,No,1,Graduate,No,13211,0.0,385.0,480.0,1.0,Rural,Y
LP003749,Male,Yes,0,Graduate,No,3635,3458.0,239.0,180.0,1.0,Urban,Y
LP003750,Female,Yes,0,Graduate,No,3045,0.0,50.0,360.0,1.0,Semiurban,Y
LP003751,Male,No,2,Graduate,No,2253,0.0,57.0,360.0,0.0,Semiurban,N
LP003752,Male,No,2,Graduate,No,6509,1009.0,243.0,360.0,1.0,Rural,Y
LP003753,Male,Yes,0,Graduate,No,5059,1982.0,130.0,360.0,1.0,Semiurban,Y
LP003754,Female,Yes,0,Graduate,No,4005,0.0,121.0,360.0,1.0,Rural,Y
LP003755,Male,Yes,0,Graduate,No,4179,1023.0,145.0,180.0,1.0,Semiurban,Y
LP003756,Male,No,1,Graduate,No,2188,1121.0,95.0,360.0,1.0,Urban,Y
LP003757,Male,Yes,0,Graduate,No,2736,0.0,141.0,360.0,0.0,Urban,N
LP003758,Female,No,0,Graduate,No,1572,0.0,44.0,360.0,1.0,Rural,Y
LP003759,Male,No,1,Graduate,No,1744,0.0,29.0,360.0,1.0,Rural,Y
LP003760,Male,Yes,0,Graduate,Yes,5020,2470.0,228.0,360.0,1.0,Semiurban,Y
LP003761,Female,Yes,3+,Graduate,No,2028,1999.0,100.0,360.0,1.0,Semiurban,Y
LP003762,Male,Yes,0,Graduate,No,7481,3286.0,365.0,360.0,0.0,Urban,N
LP003763,Male,Yes,2,Not Graduate,No,3128,1241.0,106.0,360.0,1.0,Semiurban,Y
LP003764,Female,No,0,Graduate,No,5792,0.0,186.0,360.0,1.0,Urban,Y
LP003765,Female,No,1,Graduate,No,6636,2044.0,411.0,360.0,1.0,Semiurban,Y
LP003766,Male,No,0,Not Graduate,Yes,7457,0.0,181.0,360.0,1.0,Semiurban,Y
LP003767,Male,No,1,Graduate,No,2149,0.0,107.0,360.0,0.0,Urban,N
LP003768,Male,Yes,3+,Graduate,No,5035,1136.0,120.0,360.0,1.0,Urban,Y
LP003769,Female,Yes,2,Graduate,No,3761,1085.0,154.0,360.0,1.0,Semiurban,Y
LP003770,Female,Yes,0,Graduate,No,3744,846.0,116.0,360.0,1.0,Urban,Y
LP003771,Female,No,0,Graduate,No,4651,0.0,140.0,360.0,1.0,Urban,Y
LP003772,Male,No,2,Not Graduate,No,4185,959.0,153.0,360.0,0.0,Rural,N
LP003773,Male,Yes,0,Graduate,No,3840,1609.0,128.0,360.0,1.0,Urban,Y
LP003774,Male,Yes,1,Not Graduate,No,4347,2893.0,203.0,360.0,0.0,Semiurban,N
LP003775,Male,Yes,0,Graduate,No,1574,990.0,87.0,360.0,1.0,Semiurban,Y
LP003776,Female,No,0,Graduate,No,8238,0.0,345.0,180.0,1.0,Rural,Y
LP003777,Female,Yes,0,Graduate,No,7710,1397.0,198.0,360.0,1.0,Urban,Y
LP003778,Female,No,0,Graduate,No,3639,0.0,207.0,360.0,1.0,Semiurban,Y
LP003779,Male,Yes,0,Graduate,Yes,3123,8161.0,315.0,360.0,1.0,Urban,Y
LP003780,Male,Yes,0,Graduate,No,3864,0.0,85.0,360.0,1.0,Semiurban,Y
LP003781,Male,No,2,Graduate,No,6430,0.0,205.0,360.0,0.0,Rural,N
LP003782,Male,Yes,2,Not Graduate,No,3552,6302.0,179.0,360.0,1.0,Urban,Y
LP003783,Male,No,0,Graduate,No,3089,0.0,67.0,360.0,1.0,Urban,Y
LP003784,Male,No,3+,Graduate,No,5288,0.0,206.0,360.0,1.0,Semiurban,Y
LP003785,Male,Yes,3+,Graduate,No,1542,1503.0,73.0,360.0,1.0,Urban,Y
LP003786,Male,No,0,Graduate,No,2989,0.0,75.0,360.0,0.0,Urban,N
LP003787,Male,Yes,2,Graduate,No,6597,1869.0,153.0,360.0,1.0,Urban,Y
LP003788,Male,No,1,Graduate,No,5635,0.0,116.0,360.0,1.0,Rural,Y
LP003789,Male,No,0,Graduate,No,4896,0.0,162.0,180.0,0.0,Semiurban,N
LP003790,Male,No,0,Graduate,No,5193,0.0,169.0,360.0,1.0,Urban,Y
LP003791,Male,Yes,2,Graduate,No,4813,3269.0,187.0,360.0,1.0,Rural,Y
LP003792,Male,No,0,Not Graduate,No,4604,0.0,126.0,360.0,0.0,Urban,N
LP003793,Male,No,2,Graduate,No,3382,0.0,113.0,360.0,1.0,Rural,Y
LP003794,Female,Yes,0,Graduate,No,6201,3836.0,348.0,300.0,1.0,Semiurban,Y
LP003795,Female,Yes,0,Not Graduate,No,3411,4652.0,137.0,360.0,1.0,Semiurban,Y
LP003796,Male,No,0,Graduate,Yes,4813,1263.0,130.0,360.0,1.0,Semiurban,Y
LP003797,Male,No,3+,Graduate,No,6813,0.0,221.0,360.0,1.0,Urban,Y
LP003798,Female,Yes,1,Graduate,Yes,1601,1719.0,142.0,360.0,1.0,Urban,Y
LP003799,Male,Yes,0,Not Graduate,No,7407,2748.0,256.0,360.0,1.0,Rural,Y
LP003800,Male,Yes,0,Not Graduate,No,4287,0.0,97.0,360.0,1.0,Urban,Y
LP003801,Male,No,1,Graduate,Yes,2044,0.0,69.0,360.0,1.0,Semiurban,Y
LP003802,Male,No,3+,Graduate,No,4174,0.0,95.0,360.0,1.0,Semiurban,Y
LP003803,Male,Yes,3+,Graduate,No,2175,2779.0,112.0,360.0,1.0,Rural,Y
LP003804,Female,Yes,0,Graduate,Yes,2487,1951.0,139.0,360.0,0.0,Urban,N
LP003805,Male,Yes,0,Graduate,No,1831,0.0,43.0,480.0,1.0,Rural,Y
LP003806,Male,No,1,Graduate,No,3287,1711.0,113.0,360.0,0.0,Semiurban,N
LP003807,Male,No,0,Not Graduate,No,4419,0.0,106.0,360.0,0.0,Urban,N
LP003808,Male,No,2,Not Graduate,No,4131,0.0,99.0,360.0,1.0,Urban,Y
LP003809,Female,Yes,3+,Graduate,Yes,3165,920.0,180.0,360.0,1.0,Semiurban,Y
LP003810,Male,Yes,0,Graduate,No,3823,1450.0,170.0,360.0,0.0,Semiurban,N
LP003811,Male,No,0,Graduate,Yes,4950,0.0,168.0,360.0,1.0,Urban,Y
LP003812,Male,Yes,2,Graduate,No,2264,1015.0,68.0,360.0,1.0,Semiurban,Y
LP003813,Female,Yes,0,Graduate,No,3650,1266.0,110.0,360.0,1.0,Rural,Y
LP003814,Female,Yes,3+,Not Graduate,No,8596,3759.0,338.0,360.0,1.0,Semiurban,Y
LP003815,Male,No,3+,Not Graduate,No,4316,1086.0,92.0,360.0,1.0,Urban,Y
LP003816,Male,Yes,3+,Graduate,Yes,2647,820.0,141.0,360.0,1.0,Semiurban,Y
LP003817,Male,Yes,1,Graduate,No,4723,1875.0,170.0,360.0,1.0,Semiurban,Y
LP003818,Male,Yes,0,Graduate,Yes,2627,1868.0,133.0,360.0,1.0,Rural,Y
LP003819,Male,Yes,0,Graduate,No,11028,0.0,424.0,360.0,1.0,Semiurban,Y
LP003820,Female,Yes,1,Graduate,No,1176,0.0,34.0,360.0,0.0,Semiurban,N
LP003821,Male,No,3+,Not Graduate,No,2941,1628.0,214.0,360.0,1.0,Rural,Y
LP003822,Female,No,3+,Graduate,Yes,4310,0.0,79.0,360.0,1.0,Rural,Y
LP003823,Male,No,3+,Not Graduate,Yes,3709,2435.0,327.0,180.0,0.0,Rural,N
LP003824,Male,Yes,0,Graduate,No,8403,1649.0,253.0,360.0,1.0,Semiurban,Y
LP003825,Male,No,0,Graduate,No,3019,0.0,83.0,360.0,1.0,Urban,Y
LP003826,Male,Yes,3+,Graduate,No,3543,1686.0,92.0,360.0,1.0,Rural,Y
LP003827,Male,Yes,0,Graduate,No,7036,1598.0,299.0,360.0,0.0,Semiurban,N
LP003828,Male,No,2,Graduate,Yes,1151,5045.0,162.0,360.0,1.0,Urban,Y
LP003829,Female,Yes,3+,Graduate,No,2775,1702.0,133.0,360.0,1.0,Semiurban,Y
LP003830,Male,Yes,0,Graduate,No,4724,1659.0,180.0,480.0,1.0,Urban,Y
LP003831,Male,Yes,0,Not Graduate,No,6261,2815.0,230.0,360.0,0.0,Urban,N
LP003832,Male,No,0,Not Graduate,No,10110,0.0,224.0,180.0,1.0,Semiurban,Y
LP003833,Male,No,0,Graduate,No,2874,0.0,75.0,180.0,1.0,Semiurban,Y
LP003834,Male,Yes,0,Graduate,No,2736,1279.0,133.0,360.0,1.0,Semiurban,Y
LP003835,Female,No,2,Graduate,No,4416,0.0,100.0,360.0,0.0,Rural,N
LP003836,Male,No,0,Graduate,No,4913,0.0,136.0,360.0,1.0,Rural,Y
LP003837,Male,Yes,2,Graduate,No,4269,929.0,282.0,180.0,0.0,Rural,N
LP003838,Male,Yes,0,Graduate,No,2692,0.0,74.0,360.0,1.0,Rural,Y
LP003839,Male,Yes,0,Not Graduate,Yes,6576,1727.0,174.0,360.0,0.0,Rural,N
LP003840,Male,Yes,3+,Graduate,No,2808,2402.0,145.0,300.0,1.0,Urban,Y
LP003841,Male,No,0,Graduate,No,2009,1442.0,113.0,360.0,1.0,Semiurban,Y
LP003842,Male,Yes,1,Not Graduate,No,3110,0.0,98.0,480.0,1.0,Semiurban,Y
LP003843,Male,Yes,1,Graduate,No,7563,1225.0,253.0,180.0,1.0,Urban,Y
LP003844,Male,Yes,0,Graduate,Yes,8307,453.0,200.0,360.0,0.0,Urban,N
LP003845,Female,No,0,Graduate,Yes,7293,0.0,185.0,180.0,1.0,Urban,Y
LP003846,Male,Yes,2,Not Graduate,No,2585,2237.0,194.0,360.0,1.0,Semiurban,Y
LP003847,Male,Yes,2,Graduate,Yes,6531,2383.0,206.0,360.0,0.0,Semiurban,N
LP003848,Male,Yes,1,Graduate,No,2276,0.0,54.0,360.0,1.0,Semiurban,Y
LP003849,Male,Yes,1,Graduate,No,7455,0.0,204.0,360.0,1.0,Urban,Y
LP003850,Female,Yes,1,Not Graduate,Yes,2683,1618.0,117.0,360.0,1.0,Urban,Y
LP003851,Male,Yes,0,Not Graduate,No,6220,0.0,212.0,360.0,1.0,Semiurban,Y
LP003852,Female,Yes,3+,Not Graduate,No,5174,0.0,100.0,360.0,1.0,Rural,Y
LP003853,Male,No,3+,Graduate,No,1923,1436.0,74.0,360.0,1.0,Urban,Y
LP003854,Female,Yes,3+,Graduate,No,7152,0.0,250.0,360.0,1.0,Urban,Y
LP003855,Male,No,1,Graduate,No,5995,0.0,151.0,360.0,1.0,Rural,Y
LP003856,Male,Yes,3+,Not Graduate,No,4560,0.0,159.0,360.0,0.0,Urban,N
LP003857,Male,No,0,Graduate,No,2124,0.0,65.0,360.0,0.0,Urban,N
LP003858,Male,Yes,2,Graduate,No,2877,2120.0,199.0,360.0,1.0,Rural,Y
LP003859,Female,No,2,Graduate,Yes,6806,0.0,104.0,360.0,0.0,Semiurban,N
LP003860,Male,Yes,0,Not Graduate,No,2919,2897.0,200.0,360.0,1.0,Rural,Y
LP003861,Male,No,1,Graduate,Yes,3630,0.0,193.0,360.0,1.0,Urban,Y
LP003862,Male,Yes,0,Graduate,No,2964,0.0,63.0,360.0,0.0,Rural,N
LP003863,Male,Yes,0,Graduate,No,6047,1371.0,232.0,180.0,1.0,Semiurban,Y
LP003864,Male,No,2,Not Graduate,No,7132,2488.0,229.0,360.0,1.0,Semiurban,Y
LP003865,Male,Yes,0,Graduate,No,2104,0.0,44.0,180.0,1.0,Semiurban,Y
LP003866,Male,No,1,Graduate,No,5488,0.0,119.0,360.0,1.0,Urban,Y
LP003867,Male,No,2,Graduate,No,5777,0.0,168.0,360.0,0.0,Rural,N
LP003868,Male,Yes,0,Graduate,No,2807,2232.0,215.0,360.0,0.0,Urban,N
LP003869,Male,Yes,0,Graduate,No,4705,1653.0,160.0,180.0,1.0,Semiurban,Y
LP003870,Male,Yes,1,Graduate,No,3062,945.0,139.0,240.0,1.0,Urban,Y
LP003871,Male,Yes,2,Graduate,No,3481,901.0,100.0,360.0,1.0,Urban,Y
LP003872,Male,Yes,0,Not Graduate,No,4899,1180.0,127.0,360.0,1.0,Semiurban,Y
LP003873,Male,No,0,Graduate,No,7355,0.0,243.0,360.0,0.0,Semiurban,N
LP003874,Male,Yes,0,Graduate,No,3282,742.0,86.0,360.0,1.0,Urban,Y
LP003875,Male,Yes,1,Graduate,No,4602,0.0,102.0,360.0,1.0,Rural,Y
LP003876,Male,Yes,0,Not Graduate,No,4923,1788.0,218.0,360.0,1.0,Rural,Y
LP003877,Female,No,0,Not Graduate,No,2941,0.0,73.0,360.0,1.0,Rural,Y
LP003878,Male,Yes,2,Not Graduate,No,2368,0.0,98.0,360.0,1.0,Semiurban,Y
LP003879,Male,Yes,0,Graduate,No,3748,1226.0,135.0,360.0,1.0,Semiurban,Y
LP003880,Male,Yes,0,Not Graduate,No,3512,2615.0,208.0,360.0,1.0,Rural,Y
LP003881,Male,Yes,0,Graduate,No,6843,0.0,179.0,360.0,1.0,Semiurban,Y
LP003882,Male,Yes,2,Graduate,No,3966,1083.0,127.0,360.0,1.0,Urban,Y
LP003883,Male,Yes,0,Graduate,No,3908,0.0,71.0,360.0,1.0,Urban,Y
LP003884,Male,Yes,0,Graduate,No,9015,0.0,245.0,360.0,1.0,Rural,Y
LP003885,Male,Yes,0,Graduate,No,20244,0.0,442.0,360.0,0.0,Semiurban,N
LP003886,Male,No,1,Graduate,No,3192,0.0,100.0,360.0,1.0,Urban,Y
LP003887,Male,Yes,0,Graduate,No,5826,0.0,147.0,360.0,1.0,Urban,Y
LP003888,Female,Yes,0,Graduate,No,8041,0.0,193.0,360.0,0.0,Semiurban,N
LP003889,Male,Yes,2,Not Graduate,No,5786,3530.0,268.0,360.0,1.0,Urban,Y
LP003890,Male,Yes,0,Not Graduate,No,7272,0.0,151.0,360.0,0.0,Rural,N
LP003891,Female,Yes,0,Graduate,No,4826,1570.0,146.0,360.0,1.0,Urban,Y
LP003892,Male,Yes,1,Not Graduate,No,1293,2852.0,153.0,360.0,1.0,Urban,Y
LP003893,Male,Yes,0,Graduate,No,5892,1348.0,185.0,360.0,1.0,Urban,Y
LP003894,Male,No,0,Not Graduate,No,4951,0.0,152.0,360.0,1.0,Rural,Y
LP003895,Female,Yes,0,Graduate,Yes,3407,995.0,148.0,360.0,1.0,Semiurban,Y
LP003896,Male,No,0,Not Graduate,No,5786,1778.0,347.0,360.0,1.0,Rural,Y
LP003897,Male,Yes,2,Graduate,No,4174,2274.0,240.0,360.0,1.0,Semiurban,Y
LP003898,Female,Yes,0,Not Graduate,No,3592,753.0,142.0,360.0,1.0,Rural,Y
LP003899,Male,Yes,1,Graduate,No,5857,0.0,137.0,360.0,1.0,Urban,Y
LP003900,Female,Yes,3+,Graduate,No,2815,2919.0,292.0,360.0,1.0,Semiurban,Y
LP003901,Male,Yes,2,Graduate,No,1743,0.0,50.0,180.0,1.0,Semiurban,N
LP003902,Male,Yes,0,Graduate,No,10054,1260.0,390.0,180.0,1.0,Semiurban,Y
LP003903,Male,Yes,0,Not Graduate,No,3383,1397.0,138.0,360.0,1.0,Semiurban,Y
LP003904,Male,Yes,0,Graduate,No,3456,0.0,131.0,60.0,1.0,Semiurban,N
LP003905,Female,Yes,0,Graduate,No,3218,706.0,155.0,360.0,1.0,Rural,Y
LP003906,Male,No,0,Graduate,No,1949,0.0,58.0,360.0,1.0,Semiurban,Y
LP003907,Female,No,0,Graduate,No,4495,0.0,154.0,360.0,1.0,Rural,Y
LP003908,Male,Yes,0,Not Graduate,No,2704,0.0,60.0,360.0,1.0,Rural,Y
LP003909,Male,Yes,3+,Graduate,No,5743,2403.0,273.0,180.0,1.0,Rural,Y
LP003910,Male,Yes,0,Not Graduate,No,3110,2206.0,132.0,360.0,0.0,Semiurban,N
LP003911,Male,No,0,Graduate,No,3256,681.0,80.0,360.0,1.0,Rural,Y
LP003912,Male,No,2,Graduate,No,2458,0.0,55.0,360.0,1.0,Urban,Y
LP003913,Male,No,0,Graduate,No,5649,0.0,150.0,240.0,1.0,Urban,Y
LP003914,Male,Yes,1,Not Graduate,No,3259,381.0,108.0,180.0,1.0,Semiurban,Y
LP003915,Male,Yes,3+,Not Graduate,No,3157,1381.0,126.0,360.0,1.0,Semiurban,Y
LP003916,Male,Yes,0,Graduate,No,8471,0.0,170.0,360.0,1.0,Rural,Y
LP003917,Male,Yes,0,Not Graduate,No,4993,710.0,136.0,360.0,1.0,Semiurban,Y
LP003918,Male,No,0,Graduate,No,4494,1080.0,160.0,360.0,1.0,Semiurban,Y
LP003919,Female,No,0,Graduate,No,3336,4834.0,242.0,360.0,1.0,Rural,Y
LP003920,Male,Yes,2,Not Graduate,Yes,2707,1320.0,99.0,360.0,1.0,Rural,Y
LP003921,Male,No,0,Graduate,No,6333,0.0,131.0,360.0,1.0,Semiurban,Y
LP003922,Male,Yes,0,Graduate,No,2864,1745.0,95.0,360.0,0.0,Semiurban,N
LP003923,Male,Yes,2,Graduate,No,5071,1006.0,248.0,360.0,1.0,Semiurban,Y
LP003924,Male,No,0,Graduate,No,2904,0.0,61.0,360.0,1.0,Urban,Y
LP003925,Male,No,0,Graduate,No,3583,0.0,84.0,360.0,1.0,Rural,Y
LP003926,Male,No,0,Graduate,No,4429,2015.0,221.0,360.0,1.0,Semiurban,Y
LP003927,Female,Yes,0,Graduate,No,3502,2782.0,170.0,360.0,1.0,Semiurban,Y
LP003928,Male,No,2,Graduate,No,2947,0.0,82.0,360.0,0.0,Urban,N
LP003929,Male,No,2,Graduate,No,2712,0.0,55.0,360.0,1.0,Rural,Y
LP003930,Male,No,0,Not Graduate,No,3345,0.0,70.0,360.0,1.0,Urban,Y
LP003931,Male,Yes,0,Graduate,No,1262,2086.0,92.0,360.0,0.0,Semiurban,N
LP003932,Male,Yes,0,Graduate,No,7437,0.0,204.0,360.0,1.0,Urban,Y
LP003933,Male,No,3+,Graduate,No,3557,891.0,109.0,360.0,1.0,Semiurban,Y
LP003934,Male,No,0,Graduate,Yes,6186,0.0,183.0,360.0,1.0,Semiurban,Y
LP003935,Male,No,0,Graduate,No,1166,0.0,30.0,360.0,1.0,Rural,N
LP003936,Male,No,1,Graduate,No,4962,4038.0,431.0,360.0,1.0,Rural,Y
LP003937,Male,No,0,Graduate,No,1412,0.0,46.0,360.0,1.0,Semiurban,Y
LP003938,Male,Yes,2,Graduate,No,2433,980.0,144.0,360.0,1.0,Rural,Y
LP003939,Male,Yes,0,Graduate,No,8520,683.0,273.0,360.0,0.0,Semiurban,N
LP003940,Male,Yes,0,Graduate,No,4341,0.0,136.0,360.0,1.0,Rural,Y
LP003941,Male,Yes,0,Graduate,No,1082,0.0,21.0,360.0,1.0,Urban,N
LP003942,Male,Yes,0,Graduate,No,3716,2056.0,131.0,360.0,1.0,Rural,Y
LP003943,Female,Yes,0,Not Graduate,No,7351,1879.0,296.0,360.0,1.0,Semiurban,Y
LP003944,Male,Yes,0,Graduate,No,1759,1749.0,125.0,360.0,1.0,Semiurban,Y
LP003945,Female,Yes,0,Graduate,No,5567,1235.0,184.0,360.0,1.0,Urban,Y
LP003946,Male,Yes,2,Graduate,No,6650,0.0,222.0,180.0,0.0,Rural,N
LP003947,Male,No,0,Not Graduate,No,6244,0.0,178.0,480.0,1.0,Semiurban,Y
LP003948,Male,Yes,0,Graduate,Yes,2105,0.0,63.0,360.0,1.0,Rural,Y
LP003949,Male,No,0,Graduate,No,5679,0.0,190.0,360.0,1.0,Urban,Y
LP003950,Male,Yes,0,Graduate,No,7684,2340.0,313.0,360.0,1.0,Urban,Y
LP003951,Male,No,3+,Not Graduate,No,2774,0.0,121.0,360.0,1.0,Urban,Y
LP003952,Male,No,2,Graduate,No,2527,0.0,88.0,360.0,1.0,Semiurban,Y
LP003953,Male,Yes,2,Not Graduate,No,2188,724.0,155.0,360.0,1.0,Semiurban,Y
LP003954,Male,Yes,0,Not Graduate,No,2387,852.0,101.0,360.0,1.0,Semiurban,Y
LP003955,Male,Yes,0,Graduate,No,4417,3006.0,267.0,360.0,1.0,Rural,Y
LP003956,Male,Yes,0,Graduate,No,2727,799.0,117.0,360.0,1.0,Urban,Y
LP003957,Male,Yes,0,Graduate,Yes,6165,0.0,136.0,360.0,1.0,Rural,Y
LP003958,Male,No,0,Graduate,No,12552,0.0,348.0,360.0,1.0,Urban,Y
LP003959,Male,Yes,0,Graduate,No,2524,1311.0,64.0,360.0,1.0,Rural,Y
LP003960,Male,No,2,Graduate,No,3104,0.0,75.0,360.0,1.0,Semiurban,Y
LP003961,Male,Yes,0,Not Graduate,No,7508,1429.0,152.0,360.0,1.0,Urban,Y
LP003962,Male,Yes,2,Graduate,Yes,3055,1101.0,111.0,360.0,1.0,Urban,Y
LP003963,Male,Yes,0,Graduate,No,2197,0.0,64.0,360.0,1.0,Rural,Y
LP003964,Male,Yes,2,Graduate,No,4155,1519.0,102.0,360.0,1.0,Semiurban,Y
LP003965,Male,Yes,1,Not Graduate,No,5971,2379.0,432.0,360.0,1.0,Semiurban,Y
LP003966,Male,No,2,Not Graduate,No,2403,0.0,51.0,360.0,1.0,Urban,Y
LP003967,Male,Yes,0,Not Graduate,No,6654,1852.0,195.0,360.0,1.0,Semiurban,Y
LP003968,Male,No,0,Graduate,No,3766,0.0,73.0,360.0,1.0,Rural,Y
LP003969,Male,No,0,Graduate,No,8063,0.0,411.0,360.0,1.0,Semiurban,Y
LP003970,Female,Yes,0,Graduate,No,2525,0.0,45.0,360.0,0.0,Semiurban,N
LP003971,Male,No,0,Graduate,Yes,1532,2250.0,96.0,360.0,0.0,Urban,N
LP003972,Male,Yes,1,Graduate,No,2127,0.0,68.0,360.0,0.0,Rural,N
LP003973,Male,Yes,3+,Graduate,No,5514,464.0,195.0,360.0,1.0,Urban,Y
LP003974,Male,Yes,0,Graduate,Yes,2419,0.0,51.0,360.0,1.0,Urban,Y
LP003975,Male,Yes,0,Graduate,Yes,2523,1530.0,129.0,360.0,1.0,Semiurban,Y
LP003976,Male,Yes,2,Not Graduate,No,7156,0.0,201.0,360.0,1.0,Semiurban,Y
LP003977,Male,Yes,1,Graduate,No,3020,3901.0,171.0,360.0,1.0,Semiurban,Y
LP003978,Male,No,1,Graduate,No,4045,0.0,105.0,360.0,0.0,Semiurban,N
LP003979,Female,Yes,0,Graduate,No,1451,1363.0,65.0,240.0,1.0,Semiurban,Y
LP003980,Male,Yes,0,Graduate,No,5097,1147.0,161.0,360.0,1.0,Semiurban,Y
LP003981,Male,Yes,0,Graduate,No,5341,2247.0,173.0,360.0,1.0,Rural,Y
LP003982,Male,Yes,2,Graduate,No,3687,0.0,102.0,360.0,1.0,Semiurban,Y
LP003983,Male,No,0,Graduate,Yes,5682,0.0,130.0,360.0,1.0,Urban,Y
LP003984,Male,Yes,0,Graduate,No,4478,1028.0,132.0,360.0,1.0,Semiurban,Y
LP003985,Male,Yes,3+,Not Graduate,No,3339,0.0,76.0,360.0,1.0,Urban,Y
LP003986,Male,Yes,0,Graduate,No,6252,2057.0,175.0,360.0,1.0,Semiurban,Y
LP003987,Male,Yes,0,Graduate,No,3070,0.0,172.0,360.0,1.0,Urban,Y
LP003988,Male,Yes,0,Graduate,No,4354,2162.0,201.0,360.0,1.0,Semiurban,Y
LP003989,Male,No,3+,Graduate,No,4434,0.0,98.0,360.0,1.0,Urban,Y
LP003990,Male,No,0,Graduate,Yes,9685,0.0,225.0,300.0,1.0,Semiurban,Y
LP003991,Male,Yes,0,Not Graduate,No,4671,809.0,162.0,360.0,1.0,Rural,Y
LP003992,Male,No,1,Graduate,No,2123,1383.0,101.0,360.0,1.0,Urban,Y
LP003993,Male,Yes,1,Graduate,No,2998,1084.0,81.0,360.0,1.0,Semiurban,Y
LP003994,Male,No,0,Not Graduate,No,6907,0.0,237.0,360.0,1.0,Urban,Y
LP003995,Male,No,0,Graduate,No,5574,0.0,187.0,360.0,1.0,Semiurban,Y
LP003996,Male,Yes,1,Graduate,No,2476,1099.0,74.0,360.0,0.0,Rural,N
LP003997,Male,Yes,0,Graduate,No,5055,0.0,168.0,360.0,1.0,Semiurban,Y
LP003998,Male,No,2,Graduate,Yes,1993,0.0,45.0,360.0,1.0,Rural,Y
LP003999,Male,Yes,0,Graduate,No,3048,2818.0,121.0,360.0,1.0,Semiurban,Y
LP004000,Male,No,0,Graduate,No,1675,0.0,36.0,360.0,1.0,Semiurban,Y
LP004001,Male,Yes,2,Graduate,Yes,3399,1542.0,161.0,180.0,0.0,Urban,N
LP004002,Male,No,0,Graduate,Yes,2002,0.0,66.0,360.0,1.0,Semiurban,Y
LP004003,Male,Yes,0,Graduate,No,1562,4595.0,200.0,360.0,1.0,Semiurban,Y
LP004004,Male,Yes,0,Graduate,Yes,4522,1107.0,111.0,360.0,1.0,Semiurban,Y
LP004005,Male,Yes,1,Graduate,No,5686,0.0,192.0,360.0,1.0,Rural,Y
LP004006,Female,Yes,0,Graduate,No,9663,4688.0,323.0,360.0,1.0,Semiurban,Y
LP004007,Male,No,3+,Graduate,Yes,1661,1530.0,70.0,360.0,1.0,Urban,Y
LP004008,Male,No,1,Graduate,No,3282,0.0,106.0,360.0,1.0,Rural,Y
LP004009,Male,No,2,Not Graduate,No,2332,2011.0,136.0,360.0,0.0,Urban,N
LP004010,Male,Yes,0,Not Graduate,Yes,1733,2418.0,116.0,360.0,1.0,Rural,Y
LP004011,Male,No,1,Graduate,No,4811,0.0,151.0,360.0,1.0,Rural,Y
LP004012,Female,Yes,0,Not Graduate,No,3859,1605.0,149.0,360.0,1.0,Rural,Y
LP004013,Male,Yes,0,Graduate,No,2096,0.0,45.0,360.0,0.0,Semiurban,N
LP004014,Male,Yes,2,Not Graduate,No,4629,4291.0,269.0,480.0,1.0,Semiurban,Y
LP004015,Male,Yes,0,Graduate,No,2408,0.0,76.0,360.0,1.0,Semiurban,Y
LP004016,Female,No,0,Graduate,No,8698,0.0,297.0,360.0,1.0,Semiurban,Y
LP004017,Male,Yes,0,Graduate,No,7441,1201.0,423.0,360.0,1.0,Semiurban,Y
LP004018,Male,Yes,0,Not Graduate,No,4705,1055.0,129.0,360.0,1.0,Urban,Y
LP004019,Male,Yes,1,Graduate,No,1569,2091.0,61.0,360.0,0.0,Rural,N
LP004020,Female,No,1,Not Graduate,Yes,2052,0.0,57.0,360.0,1.0,Semiurban,Y
LP004021,Male,No,0,Graduate,No,4197,0.0,117.0,360.0,1.0,Rural,Y
LP004022,Male,Yes,1,Graduate,No,8391,1175.0,316.0,360.0,1.0,Rural,Y
LP004023,Male,No,0,Graduate,No,3480,377.0,226.0,360.0,1.0,Urban,Y
LP004024,Male,Yes,0,Not Graduate,No,3252,0.0,74.0,360.0,1.0,Semiurban,Y
LP004025,Male,Yes,0,Graduate,No,3630,2411.0,91.0,360.0,1.0,Semiurban,Y
LP004026,Male,Yes,0,Graduate,No,2998,1093.0,192.0,360.0,1.0,Semiurban,Y
LP004027,Male,No,1,Graduate,No,9867,0.0,198.0,360.0,1.0,Semiurban,Y
LP004028,Male,No,2,Graduate,No,4234,0.0,93.0,360.0,0.0,Urban,N
LP004029,Female,Yes,0,Graduate,No,1159,0.0,37.0,360.0,1.0,Urban,N
LP004030,Male,Yes,3+,Graduate,No,3286,1668.0,105.0,360.0,1.0,Semiurban,Y
LP004031,Male,Yes,1,Graduate,No,4406,1376.0,130.0,360.0,1.0,Rural,Y
LP004032,Male,Yes,0,Graduate,No,3188,0.0,56.0,360.0,1.0,Rural,Y
LP004033,Male,Yes,1,Graduate,No,11272,0.0,530.0,360.0,1.0,Rural,N
LP004034,Male,No,0,Graduate,No,4933,0.0,165.0,360.0,1.0,Semiurban,Y
LP004035,Male,Yes,0,Not Graduate,No,2506,0.0,117.0,360.0,1.0,Urban,Y
LP004036,Male,No,1,Graduate,No,4218,0.0,105.0,360.0,0.0,Semiurban,N
LP004037,Female,No,0,Graduate,No,4240,0.0,145.0,360.0,1.0,Urban,Y
LP004038,Female,Yes,0,Graduate,No,7464,0.0,274.0,360.0,1.0,Rural,Y
LP004039,Male,Yes,0,Graduate,Yes,1763,1258.0,98.0,180.0,0.0,Semiurban,N
LP004040,Male,No,1,Graduate,No,4494,0.0,126.0,360.0,1.0,Urban,Y
LP004041,Male,Yes,0,Graduate,No,5090,880.0,94.0,360.0,0.0,Rural,N
LP004042,Male,Yes,0,Graduate,No,4482,1345.0,100.0,360.0,0.0,Semiurban,N
LP004043,Female,Yes,2,Not Graduate,Yes,2288,2649.0,169.0,360.0,1.0,Semiurban,Y
LP004044,Male,Yes,0,Graduate,No,2305,0.0,76.0,360.0,1.0,Urban,Y
LP004045,Male,Yes,0,Graduate,No,4423,536.0,148.0,360.0,1.0,Semiurban,Y
LP004046,Male,Yes,0,Graduate,No,3596,1158.0,189.0,360.0,1.0,Semiurban,Y
LP004047,Male,No,2,Graduate,No,3019,0.0,103.0,360.0,1.0,Semiurban,Y
LP004048,Male,Yes,2,Graduate,No,5557,3847.0,260.0,360.0,1.0,Urban,Y
LP004049,Male,Yes,0,Graduate,No,3677,0.0,61.0,360.0,1.0,Semiurban,Y
LP004050,Male,Yes,0,Graduate,No,2212,2454.0,160.0,360.0,1.0,Semiurban,Y
LP004051,Male,Yes,0,Not Graduate,No,3865,1291.0,133.0,360.0,1.0,Semiurban,Y
LP004052,Female,Yes,0,Graduate,No,2974,2104.0,107.0,360.0,0.0,Semiurban,N
LP004053,Male,Yes,0,Graduate,Yes,3748,2076.0,303.0,360.0,1.0,Semiurban,Y
LP004054,Male,Yes,2,Graduate,No,3380,869.0,65.0,360.0,1.0,Rural,Y
LP004055,Male,Yes,0,Graduate,No,6027,0.0,151.0,360.0,1.0,Semiurban,Y
LP004056,Male,Yes,0,Graduate,No,2246,0.0,44.0,360.0,1.0,Urban,Y
LP004057,Female,No,0,Graduate,No,2818,0.0,61.0,360.0,1.0,Urban,Y
LP004058,Male,Yes,1,Graduate,No,4385,670.0,126.0,360.0,1.0,Urban,Y
LP004059,Male,No,0,Graduate,No,3928,0.0,99.0,360.0,1.0,Rural,Y
LP004060,Male,No,0,Not Graduate,No,7656,0.0,263.0,360.0,1.0,Semiurban,Y
LP004061,Male,Yes,0,Not Graduate,No,2154,1825.0,90.0,360.0,1.0,Semiurban,Y
LP004062,Male,Yes,0,Graduate,No,6229,0.0,291.0,360.0,1.0,Semiurban,Y
LP004063,Male,No,0,Graduate,No,6476,0.0,207.0,180.0,1.0,Semiurban,Y
LP004064,Female,No,3+,Not Graduate,No,2880,0.0,99.0,360.0,1.0,Semiurban,Y
LP004065,Male,Yes,0,Not Graduate,No,4635,1167.0,148.0,360.0,1.0,Rural,Y
LP004066,Female,Yes,2,Graduate,Yes,4713,3562.0,231.0,360.0,0.0,Semiurban,N
LP004067,Male,No,0,Graduate,No,3408,0.0,70.0,360.0,0.0,Semiurban,N
LP004068,Male,No,2,Not Graduate,No,2871,1310.0,145.0,360.0,0.0,Semiurban,N
LP004069,Female,No,0,Graduate,No,7091,0.0,248.0,360.0,1.0,Semiurban,Y
LP004070,Female,No,0,Graduate,No,1684,0.0,47.0,360.0,1.0,Urban,Y
LP004071,Male,No,0,Graduate,No,1684,0.0,70.0,360.0,1.0,Semiurban,Y
LP004072,Male,Yes,0,Graduate,Yes,2438,0.0,94.0,360.0,1.0,Rural,Y
LP004073,Male,Yes,0,Graduate,No,4572,1605.0,161.0,360.0,1.0,Semiurban,Y
LP004074,Male,No,0,Graduate,No,4766,2776.0,135.0,360.0,1.0,Rural,Y
LP004075,Male,No,0,Graduate,No,5173,0.0,151.0,360.0,1.0,Urban,Y
LP004076,Male,Yes,2,Graduate,No,4051,927.0,158.0,360.0,1.0,Semiurban,Y
LP004077,Male,No,1,Not Graduate,No,4035,0.0,79.0,360.0,0.0,Rural,N
LP004078,Female,Yes,2,Graduate,No,3893,718.0,117.0,360.0,1.0,Semiurban,Y
LP004079,Male,Yes,0,Not Graduate,No,4473,2072.0,160.0,360.0,1.0,Semiurban,Y
LP004080,Male,No,3+,Graduate,Yes,3053,0.0,58.0,360.0,1.0,Semiurban,Y
LP004081,Male,No,0,Not Graduate,No,2692,0.0,97.0,180.0,1.0,Urban,Y
LP004082,Male,Yes,3+,Not Graduate,Yes,2890,2132.0,108.0,180.0,1.0,Urban,Y
LP004083,Male,No,2,Graduate,No,2637,623.0,81.0,360.0,1.0,Semiurban,Y
LP004084,Male,Yes,1,Graduate,No,3184,812.0,95.0,360.0,1.0,Rural,Y
LP004085,Male,No,1,Graduate,No,2442,1345.0,97.0,180.0,1.0,Urban,Y
LP004086,Male,Yes,0,Graduate,No,7082,0.0,211.0,360.0,1.0,Semiurban,Y
LP004087,Male,No,0,Not Graduate,No,4596,0.0,152.0,360.0,1.0,Rural,Y
LP004088,Male,No,1,Graduate,No,2336,0.0,71.0,360.0,1.0,Urban,Y
LP004089,Male,No,0,Graduate,No,1707,0.0,54.0,180.0,1.0,Urban,Y
LP004090,Male,Yes,1,Not Graduate,Yes,4291,935.0,159.0,360.0,1.0,Rural,Y
LP004091,Male,Yes,0,Graduate,No,5612,1090.0,176.0,360.0,1.0,Semiurban,Y
LP004092,Male,Yes,1,Graduate,No,1824,1299.0,125.0,360.0,1.0,Semiurban,Y
LP004093,Male,Yes,0,Graduate,Yes,2263,1472.0,116.0,360.0,1.0,Rural,Y
LP004094,Male,Yes,0,Graduate,Yes,8169,0.0,222.0,360.0,1.0,Semiurban,Y
LP004095,Male,Yes,0,Graduate,No,2343,3938.0,174.0,360.0,1.0,Urban,Y
LP004096,Male,Yes,2,Graduate,No,3959,1968.0,123.0,360.0,1.0,Rural,Y
LP004097,Male,Yes,0,Not Graduate,Yes,3289,0.0,76.0,360.0,1.0,Rural,Y
LP004098,Male,Yes,0,Graduate,No,5662,2354.0,284.0,360.0,1.0,Rural,Y
LP004099,Male,No,1,Graduate,No,3110,0.0,126.0,480.0,1.0,Semiurban,Y
LP004100,Male,Yes,2,Not Graduate,No,4536,2331.0,143.0,360.0,1.0,Rural,Y
LP004101,Male,No,0,Not Graduate,No,2398,0.0,96.0,360.0,1.0,Urban,Y
LP004102,Female,No,0,Graduate,No,4219,0.0,109.0,360.0,1.0,Semiurban,Y
LP004103,Male,Yes,1,Not Graduate,No,5415,3028.0,299.0,360.0,0.0,Rural,N
LP004104,Male,Yes,1,Graduate,No,1344,700.0,41.0,360.0,1.0,Semiurban,Y
LP004105,Male,Yes,2,Graduate,No,1000,1426.0,57.0,360.0,1.0,Semiurban,Y
LP004106,Female,No,0,Graduate,No,2060,0.0,71.0,180.0,1.0,Semiurban,Y
LP004107,Male,No,0,Graduate,No,5202,0.0,95.0,360.0,1.0,Semiurban,Y
LP004108,Male,Yes,3+,Graduate,No,2275,2386.0,101.0,360.0,1.0,Semiurban,Y
LP004109,Male,Yes,0,Not Graduate,No,2551,1580.0,122.0,360.0,1.0,Rural,Y
LP004110,Male,No,0,Graduate,No,3392,0.0,74.0,360.0,0.0,Rural,N
LP004111,Male,Yes,0,Graduate,No,8020,751.0,292.0,360.0,1.0,Semiurban,Y
LP004112,Male,Yes,2,Graduate,No,8126,1106.0,204.0,360.0,1.0,Rural,Y
LP004113,Male,Yes,1,Graduate,No,4558,0.0,77.0,360.0,1.0,Semiurban,Y
LP004114,Male,Yes,0,Graduate,Yes,2710,1133.0,93.0,180.0,1.0,Rural,Y
LP004115,Male,Yes,3+,Graduate,No,2068,0.0,67.0,360.0,1.0,Semiurban,N
LP004116,Male,Yes,2,Not Graduate,No,18582,1454.0,550.0,60.0,1.0,Rural,N
LP004117,Male,No,0,Graduate,Yes,1144,0.0,29.0,360.0,1.0,Semiurban,N
LP004118,Male,Yes,0,Graduate,No,18940,3458.0,550.0,360.0,1.0,Semiurban,N
LP004119,Male,Yes,0,Not Graduate,No,8459,2403.0,345.0,360.0,1.0,Urban,Y
LP004120,Male,Yes,0,Graduate,No,5885,698.0,169.0,360.0,1.0,Semiurban,Y
LP004121,Male,No,0,Graduate,No,7032,2252.0,209.0,360.0,1.0,Semiurban,Y
LP004122,Male,Yes,0,Graduate,No,4136,654.0,165.0,360.0,0.0,Semiurban,N
LP004123,Male,Yes,1,Graduate,No,5830,0.0,163.0,360.0,1.0,Semiurban,Y
LP004124,Male,Yes,2,Not Graduate,Yes,8333,1456.0,281.0,180.0,0.0,Rural,N
LP004125,Male,No,3+,Graduate,No,4208,0.0,95.0,360.0,1.0,Urban,Y
LP004126,Male,Yes,0,Graduate,No,6905,0.0,162.0,180.0,1.0,Semiurban,Y
LP004127,Female,No,0,Graduate,No,7117,374.0,318.0,360.0,1.0,Rural,Y
LP004128,Male,Yes,1,Graduate,Yes,1912,1732.0,180.0,360.0,1.0,Urban,Y
LP004129,Female,Yes,1,Not Graduate,No,5759,965.0,102.0,360.0,0.0,Urban,N
LP004130,Female,Yes,2,Graduate,No,3180,3278.0,144.0,360.0,1.0,Urban,Y
LP004131,Male,No,0,Graduate,No,2209,0.0,72.0,360.0,1.0,Semiurban,Y
LP004132,Female,No,0,Graduate,No,5524,0.0,235.0,360.0,1.0,Rural,Y
LP004133,Female,No,2,Graduate,No,5721,0.0,161.0,360.0,1.0,Semiurban,Y
LP004134,Male,Yes,0,Graduate,No,3119,2170.0,80.0,360.0,1.0,Rural,Y
LP004135,Male,Yes,0,Graduate,No,1317,0.0,21.0,360.0,1.0,Urban,Y
LP004136,Female,No,2,Graduate,No,2931,0.0,104.0,180.0,1.0,Rural,Y
LP004137,Male,Yes,0,Graduate,No,3355,0.0,51.0,180.0,1.0,Urban,Y
LP004138,Male,Yes,0,Graduate,Yes,2025,2501.0,145.0,360.0,0.0,Urban,N
LP004139,Male,No,2,Graduate,No,3976,0.0,129.0,360.0,1.0,Semiurban,Y
LP004140,Female,Yes,3+,Graduate,No,3596,485.0,84.0,360.0,1.0,Rural,Y
LP004141,Male,No,1,Graduate,No,4561,589.0,179.0,180.0,1.0,Semiurban,Y
LP004142,Male,Yes,2,Graduate,Yes,3661,0.0,152.0,360.0,1.0,Urban,Y
LP004143,Male,No,0,Graduate,No,3051,0.0,91.0,360.0,1.0,Urban,Y
LP004144,Female,No,0,Not Graduate,No,3609,0.0,75.0,180.0,1.0,Urban,Y
LP004145,Male,Yes,0,Graduate,No,3779,0.0,93.0,480.0,0.0,Rural,N
LP004146,Female,Yes,0,Graduate,No,3666,1632.0,101.0,360.0,1.0,Rural,Y
LP004147,Male,No,0,Graduate,No,2925,0.0,72.0,360.0,1.0,Semiurban,Y
LP004148,Female,Yes,0,Not Graduate,No,6107,2156.0,204.0,360.0,1.0,Urban,Y
LP004149,Male,Yes,1,Graduate,No,3782,1036.0,116.0,360.0,1.0,Rural,Y
LP004150,Female,No,3+,Graduate,No,7657,936.0,154.0,360.0,1.0,Urban,Y
LP004151,Male,Yes,0,Not Graduate,No,4335,856.0,145.0,360.0,1.0,Urban,Y
LP004152,Female,No,0,Graduate,No,6475,1288.0,179.0,360.0,1.0,Semiurban,Y
LP004153,Male,Yes,0,Graduate,No,10433,2443.0,197.0,180.0,1.0,Semiurban,Y
LP004154,Male,Yes,0,Not Graduate,No,13051,0.0,263.0,360.0,1.0,Urban,Y
LP004155,Male,Yes,0,Not Graduate,No,3524,1780.0,119.0,360.0,1.0,Urban,Y
LP004156,Male,No,0,Graduate,No,1741,3538.0,149.0,360.0,1.0,Urban,Y
LP004157,Male,No,3+,Graduate,No,1638,1203.0,56.0,480.0,1.0,Urban,Y
LP004158,Male,Yes,0,Graduate,No,2349,3777.0,148.0,360.0,1.0,Urban,Y
LP004159,Male,No,0,Not Graduate,No,2608,0.0,69.0,360.0,0.0,Urban,N
LP004160,Male,No,0,Graduate,No,3164,1060.0,114.0,360.0,1.0,Urban,Y
LP004161,Male,Yes,1,Graduate,No,1773,1878.0,104.0,360.0,0.0,Urban,N
LP004162,Male,Yes,2,Graduate,No,3302,1789.0,124.0,360.0,1.0,Semiurban,Y
LP004163,Male,Yes,2,Graduate,Yes,2023,0.0,34.0,360.0,1.0,Rural,Y
LP004164,Male,No,2,Graduate,Yes,5236,0.0,134.0,180.0,1.0,Semiurban,Y
LP004165,Male,Yes,0,Graduate,No,3406,1125.0,132.0,180.0,1.0,Urban,Y
LP004166,Male,No,0,Graduate,No,5312,0.0,112.0,360.0,1.0,Rural,Y
LP004167,Male,No,0,Not Graduate,No,4055,0.0,190.0,360.0,0.0,Rural,N
LP004168,Female,No,2,Graduate,Yes,5222,0.0,108.0,360.0,1.0,Urban,Y
LP004169,Male,Yes,2,Not Graduate,No,1886,1111.0,85.0,360.0,1.0,Semiurban,Y
LP004170,Male,Yes,3+,Graduate,No,8885,2255.0,543.0,120.0,1.0,Semiurban,N
LP004171,Male,Yes,0,Not Graduate,Yes,2767,1506.0,139.0,360.0,1.0,Semiurban,Y
LP004172,Male,Yes,1,Graduate,No,2162,0.0,70.0,360.0,1.0,Rural,Y
LP004173,Male,Yes,0,Graduate,No,3359,1722.0,169.0,360.0,1.0,Urban,Y
LP004174,Male,Yes,2,Graduate,No,2988,2432.0,189.0,360.0,1.0,Rural,Y
LP004175,Male,Yes,0,Graduate,No,3751,357.0,98.0,360.0,1.0,Semiurban,Y
LP004176,Male,Yes,2,Not Graduate,No,2721,1371.0,89.0,180.0,1.0,Semiurban,Y
LP004177,Male,Yes,0,Not Graduate,No,2350,2416.0,127.0,360.0,1.0,Semiurban,Y
LP004178,Male,Yes,2,Graduate,Yes,2433,3308.0,149.0,360.0,0.0,Rural,N
LP004179,Female,Yes,0,Graduate,No,3697,1867.0,136.0,360.0,0.0,Rural,N
LP004180,Male,No,0,Graduate,No,3741,2524.0,196.0,360.0,1.0,Urban,Y
LP004181,Male,Yes,3+,Not Graduate,No,1233,1762.0,94.0,360.0,1.0,Semiurban,Y
LP004182,Male,No,1,Not Graduate,No,2525,0.0,105.0,360.0,0.0,Semiurban,N
LP004183,Male,Yes,0,Graduate,No,1433,3678.0,237.0,360.0,1.0,Rural,Y
LP004184,Female,Yes,2,Graduate,Yes,4644,862.0,159.0,360.0,1.0,Urban,Y
LP004185,Male,Yes,0,Graduate,No,2643,3157.0,198.0,360.0,1.0,Semiurban,Y
LP004186,Male,Yes,0,Graduate,No,3492,913.0,79.0,180.0,1.0,Urban,Y
LP004187,Male,No,0,Graduate,No,3784,0.0,116.0,360.0,1.0,Urban,Y
LP004188,Female,Yes,3+,Graduate,No,1574,2494.0,171.0,360.0,1.0,Semiurban,Y
LP004189,Female,No,0,Not Graduate,No,2136,1726.0,122.0,360.0,1.0,Rural,Y
LP004190,Male,Yes,0,Graduate,No,5764,2099.0,336.0,360.0,1.0,Semiurban,Y
LP004191,Male,Yes,0,Not Graduate,No,3943,1356.0,100.0,180.0,1.0,Urban,Y
LP004192,Male,No,1,Graduate,No,3142,0.0,63.0,360.0,1.0,Rural,Y
LP004193,Female,No,0,Graduate,No,19435,988.0,550.0,360.0,1.0,Urban,N
LP004194,Male,No,0,Not Graduate,No,2767,0.0,66.0,360.0,1.0,Semiurban,Y
LP004195,Male,No,1,Not Graduate,Yes,5686,0.0,97.0,180.0,0.0,Urban,N
LP004196,Male,No,0,Graduate,No,4086,0.0,138.0,360.0,1.0,Semiurban,Y
LP004197,Male,Yes,0,Graduate,No,4346,1700.0,138.0,360.0,1.0,Semiurban,Y
LP004198,Male,No,1,Graduate,Yes,3863,0.0,62.0,360.0,0.0,Rural,N
LP004199,Female,Yes,0,Graduate,No,14320,0.0,327.0,240.0,1.0,Urban,Y
LP004200,Female,Yes,0,Graduate,No,4367,2260.0,169.0,360.0,1.0,Urban,Y
LP004201,Male,No,2,Graduate,No,1911,1250.0,88.0,360.0,1.0,Urban,Y
LP004202,Female,Yes,1,Graduate,No,5494,2174.0,209.0,360.0,1.0,Urban,Y
LP004203,Male,Yes,0,Graduate,Yes,2727,1363.0,98.0,240.0,1.0,Semiurban,Y
LP004204,Male,No,0,Graduate,No,3319,0.0,147.0,360.0,0.0,Urban,N
LP004205,Female,Yes,0,Graduate,No,2265,0.0,70.0,360.0,1.0,Urban,Y
LP004206,Male,No,2,Graduate,No,3937,0.0,86.0,360.0,1.0,Semiurban,Y
LP004207,Male,Yes,0,Not Graduate,No,2603,1657.0,123.0,360.0,1.0,Urban,Y
LP004208,Male,Yes,0,Not Graduate,No,4233,697.0,155.0,360.0,0.0,Rural,N
LP004209,Female,Yes,1,Graduate,No,2685,1056.0,59.0,360.0,1.0,Semiurban,Y
LP004210,Male,No,0,Graduate,No,5573,1217.0,226.0,360.0,1.0,Semiurban,Y
LP004211,Female,No,0,Graduate,No,5501,0.0,216.0,360.0,1.0,Rural,Y
LP004212,Male,No,0,Graduate,No,2856,1243.0,137.0,360.0,1.0,Urban,Y
LP004213,Male,Yes,0,Graduate,No,1881,2955.0,109.0,360.0,1.0,Urban,Y
LP004214,Male,Yes,0,Graduate,No,5289,2372.0,182.0,360.0,1.0,Urban,Y
LP004215,Male,Yes,1,Graduate,Yes,8370,0.0,287.0,240.0,0.0,Rural,N
LP004216,Male,Yes,2,Not Graduate,No,2917,1042.0,111.0,360.0,1.0,Rural,Y
LP004217,Male,Yes,1,Graduate,Yes,2498,1047.0,92.0,360.0,1.0,Urban,Y
LP004218,Male,No,1,Graduate,No,3821,0.0,131.0,480.0,1.0,Semiurban,Y
LP004219,Female,Yes,1,Graduate,No,4904,2559.0,171.0,360.0,1.0,Semiurban,Y
LP004220,Female,No,2,Graduate,No,3761,0.0,75.0,360.0,0.0,Urban,N
LP004221,Male,Yes,0,Not Graduate,No,2260,1588.0,102.0,360.0,1.0,Urban,Y
LP004222,Male,No,0,Not Graduate,No,3580,0.0,113.0,180.0,1.0,Semiurban,Y
LP004223,Male,Yes,2,Graduate,No,3030,0.0,68.0,360.0,1.0,Semiurban,Y
LP004224,Female,Yes,2,Graduate,No,2690,1085.0,77.0,360.0,1.0,Semiurban,Y
LP004225,Female,No,0,Graduate,No,2990,0.0,65.0,360.0,1.0,Urban,Y
LP004226,Female,Yes,0,Graduate,Yes,10466,1249.0,345.0,360.0,1.0,Urban,Y
LP004227,Male,Yes,0,Graduate,No,8000,7909.0,400.0,360.0,1.0,Urban,Y
LP004228,Male,Yes,2,Graduate,No,3113,3967.0,142.0,360.0,0.0,Rural,N
LP004229,Male,Yes,3+,Graduate,Yes,4241,789.0,145.0,360.0,1.0,Semiurban,Y
LP004230,Male,Yes,0,Graduate,No,5159,0.0,122.0,360.0,1.0,Semiurban,Y
LP004231,Female,Yes,2,Not Graduate,No,2598,948.0,114.0,360.0,1.0,Rural,Y
LP004232,Male,No,2,Not Graduate,No,5890,0.0,143.0,360.0,1.0,Rural,Y
LP004233,Male,No,2,Graduate,No,1844,0.0,54.0,360.0,1.0,Semiurban,Y
LP004234,Male,Yes,0,Graduate,No,2433,2381.0,117.0,360.0,1.0,Semiurban,Y
LP004235,Male,Yes,3+,Graduate,No,4750,1800.0,145.0,180.0,1.0,Rural,Y
LP004236,Male,No,0,Graduate,No,7399,0.0,189.0,360.0,1.0,Urban,Y
LP004237,Female,Yes,0,Not Graduate,Yes,4286,614.0,156.0,360.0,1.0,Rural,Y
LP004238,Male,Yes,0,Graduate,No,3246,1530.0,103.0,360.0,1.0,Rural,Y
LP004239,Male,No,0,Graduate,No,3506,978.0,137.0,360.0,1.0,Rural,Y
LP004240,Male,Yes,0,Graduate,No,4686,0.0,147.0,360.0,1.0,Semiurban,Y
LP004241,Male,No,0,Graduate,No,1453,0.0,56.0,360.0,1.0,Urban,Y
LP004242,Male,Yes,0,Graduate,No,3836,3046.0,166.0,360.0,1.0,Urban,Y
LP004243,Male,Yes,0,Graduate,No,5261,2176.0,258.0,360.0,1.0,Rural,Y
LP004244,Male,No,3+,Graduate,No,5190,0.0,167.0,360.0,1.0,Semiurban,Y
LP004245,Male,Yes,0,Graduate,No,9408,1719.0,237.0,360.0,1.0,Urban,Y
LP004246,Male,Yes,0,Graduate,No,1742,1135.0,45.0,360.0,1.0,Rural,Y
LP004247,Male,Yes,1,Not Graduate,No,5791,2152.0,237.0,360.0,1.0,Rural,Y
LP004248,Male,Yes,2,Graduate,No,4047,2451.0,285.0,360.0,1.0,Rural,Y
LP004249,Female,Yes,0,Graduate,No,2622,1652.0,93.0,360.0,1.0,Semiurban,Y
LP004250,Male,Yes,0,Graduate,No,6324,1912.0,165.0,360.0,1.0,Semiurban,Y
LP004251,Male,Yes,0,Not Graduate,Yes,3687,0.0,129.0,360.0,1.0,Rural,Y
LP004252,Male,Yes,1,Graduate,No,1235,1461.0,79.0,360.0,0.0,Semiurban,N
LP004253,Male,No,3+,Graduate,No,3082,0.0,51.0,360.0,1.0,Urban,Y
LP004254,Male,Yes,0,Graduate,No,6295,0.0,284.0,360.0,1.0,Semiurban,Y
LP004255,Male,Yes,0,Graduate,Yes,9994,1974.0,266.0,360.0,1.0,Semiurban,Y
LP004256,Male,Yes,0,Graduate,No,1655,2207.0,121.0,360.0,1.0,Urban,Y
LP004257,Female,Yes,0,Not Graduate,No,3856,2214.0,108.0,360.0,1.0,Urban,Y
LP004258,Male,Yes,3+,Not Graduate,No,8439,0.0,235.0,180.0,1.0,Semiurban,Y
LP004259,Male,Yes,0,Graduate,No,4057,2316.0,127.0,360.0,1.0,Urban,Y
LP004260,Female,Yes,0,Graduate,Yes,2436,1941.0,117.0,360.0,1.0,Urban,Y
LP004261,Male,No,3+,Not Graduate,Yes,3969,0.0,79.0,360.0,1.0,Urban,Y
LP004262,Male,Yes,0,Graduate,Yes,2234,1603.0,105.0,360.0,0.0,Semiurban,N
LP004263,Male,Yes,0,Graduate,No,4371,1291.0,168.0,360.0,0.0,Urban,N
LP004264,Male,Yes,0,Graduate,No,2578,1515.0,158.0,360.0,1.0,Urban,Y
LP004265,Male,Yes,0,Graduate,No,5849,1205.0,300.0,180.0,0.0,Semiurban,N
LP004266,Female,Yes,0,Graduate,No,6032,0.0,139.0,360.0,1.0,Urban,Y
LP004267,Male,No,2,Not Graduate,Yes,3168,0.0,137.0,360.0,1.0,Semiurban,Y
LP004268,Male,Yes,0,Graduate,No,3006,1893.0,74.0,360.0,1.0,Urban,Y
LP004269,Female,Yes,2,Not Graduate,Yes,9485,0.0,513.0,180.0,0.0,Urban,N
LP004270,Female,Yes,2,Graduate,Yes,3999,880.0,119.0,360.0,1.0,Urban,Y
LP004271,Male,Yes,0,Graduate,No,3483,962.0,138.0,360.0,0.0,Semiurban,N
LP004272,Male,Yes,0,Graduate,No,4917,0.0,125.0,480.0,1.0,Semiurban,Y
LP004273,Male,Yes,0,Graduate,No,2389,2458.0,110.0,360.0,1.0,Rural,Y
LP004274,Male,No,0,Graduate,No,8356,1550.0,211.0,360.0,1.0,Urban,Y
LP004275,Male,Yes,2,Graduate,No,6913,0.0,226.0,360.0,1.0,Urban,Y
LP004276,Male,Yes,0,Graduate,No,3359,1372.0,133.0,360.0,1.0,Urban,Y
LP004277,Female,Yes,2,Graduate,No,2368,0.0,82.0,360.0,1.0,Urban,Y
LP004278,Male,Yes,0,Graduate,No,2598,0.0,84.0,360.0,1.0,Semiurban,Y
LP004279,Male,No,0,Graduate,No,4084,0.0,105.0,360.0,1.0,Urban,Y
LP004280,Male,Yes,0,Graduate,No,4276,0.0,107.0,360.0,1.0,Rural,Y
LP004281,Female,Yes,0,Graduate,No,6041,1047.0,243.0,360.0,1.0,Semiurban,Y
LP004282,Female,Yes,2,Graduate,No,4517,810.0,82.0,360.0,1.0,Urban,Y
LP004283,Female,Yes,0,Graduate,No,4375,1243.0,93.0,360.0,1.0,Rural,Y
LP004284,Male,Yes,0,Graduate,No,4689,0.0,84.0,360.0,1.0,Rural,Y
LP004285,Male,Yes,3+,Graduate,No,2907,2759.0,141.0,360.0,1.0,Urban,Y
LP004286,Male,No,0,Graduate,No,1249,0.0,32.0,360.0,1.0,Rural,N
LP004287,Female,Yes,0,Graduate,No,3415,0.0,93.0,360.0,1.0,Semiurban,Y
LP004288,Male,Yes,1,Graduate,No,6474,2389.0,337.0,360.0,1.0,Semiurban,Y
LP004289,Male,Yes,0,Graduate,No,2209,1426.0,99.0,360.0,0.0,Semiurban,N
LP004290,Male,No,0,Graduate,No,4795,0.0,166.0,360.0,1.0,Semiurban,Y
LP004291,Male,Yes,0,Graduate,No,3897,2506.0,188.0,360.0,1.0,Semiurban,Y
LP004292,Male,No,3+,Graduate,No,10299,0.0,304.0,360.0,1.0,Rural,Y
LP004293,Male,Yes,0,Graduate,No,6665,2308.0,372.0,360.0,0.0,Rural,N
LP004294,Male,Yes,0,Graduate,No,4549,0.0,155.0,360.0,1.0,Rural,Y
LP004295,Male,Yes,2,Graduate,No,6250,1429.0,386.0,360.0,1.0,Urban,Y
LP004296,Male,Yes,0,Not Graduate,No,9306,1336.0,314.0,360.0,1.0,Rural,Y
LP004297,Male,No,0,Graduate,No,3272,0.0,60.0,360.0,1.0,Rural,Y
LP004298,Female,Yes,0,Graduate,Yes,2899,2959.0,244.0,180.0,1.0,Semiurban,Y
LP004299,Male,Yes,1,Not Graduate,No,3141,1541.0,126.0,360.0,1.0,Rural,Y
LP004300,Male,Yes,1,Graduate,No,5519,1738.0,183.0,360.0,1.0,Urban,Y
LP004301,Male,No,1,Not Graduate,No,6072,0.0,186.0,300.0,1.0,Rural,Y
LP004302,Male,No,0,Graduate,No,7040,0.0,220.0,360.0,1.0,Rural,Y
LP004303,Male,Yes,0,Graduate,No,6756,0.0,239.0,180.0,1.0,Urban,Y
LP004304,Male,Yes,1,Graduate,No,6556,1555.0,255.0,360.0,1.0,Rural,Y
LP004305,Male,Yes,0,Graduate,No,2610,0.0,77.0,360.0,1.0,Semiurban,Y
LP004306,Male,Yes,0,Graduate,No,4349,1520.0,122.0,360.0,1.0,Urban,Y
LP004307,Male,No,2,Graduate,No,3383,0.0,109.0,360.0,1.0,Rural,Y
LP004308,Male,Yes,0,Graduate,No,5735,1651.0,157.0,360.0,1.0,Urban,Y
LP004309,Male,Yes,2,Not Graduate,No,4543,0.0,109.0,360.0,1.0,Semiurban,Y
LP004310,Female,Yes,0,Graduate,No,4878,2433.0,199.0,360.0,1.0,Semiurban,Y
LP004311,Male,Yes,0,Graduate,No,3897,1361.0,150.0,360.0,1.0,Rural,Y
LP004312,Male,Yes,0,Graduate,No,8583,1224.0,315.0,360.0,1.0,Semiurban,Y
LP004313,Male,Yes,0,Graduate,No,3829,0.0,130.0,360.0,1.0,Semiurban,Y
LP004314,Male,No,0,Graduate,No,2604,0.0,94.0,360.0,0.0,Rural,N
LP004315,Male,Yes,0,Graduate,No,2624,1838.0,125.0,360.0,1.0,Semiurban,Y
LP004316,Male,No,0,Graduate,No,2516,0.0,43.0,360.0,1.0,Semiurban,Y
LP004317,Male,Yes,2,Not Graduate,No,3565,1612.0,154.0,360.0,1.0,Semiurban,Y
LP004318,Male,No,2,Graduate,No,3107,0.0,65.0,360.0,1.0,Semiurban,Y
LP004319,Female,Yes,0,Graduate,No,2508,902.0,79.0,360.0,1.0,Semiurban,Y
LP004320,Male,No,2,Graduate,Yes,3450,3568.0,292.0,360.0,1.0,Semiurban,Y
LP004321,Male,Yes,1,Graduate,No,3126,1196.0,151.0,360.0,1.0,Rural,Y
LP004322,Male,No,0,Graduate,No,6467,0.0,142.0,360.0,1.0,Semiurban,Y
LP004323,Female,Yes,0,Not Graduate,No,3828,2466.0,188.0,360.0,1.0,Semiurban,Y
LP004324,Male,Yes,3+,Not Graduate,No,6115,1943.0,222.0,360.0,1.0,Semiurban,Y
LP004325,Female,Yes,2,Not Graduate,No,1679,1317.0,58.0,360.0,1.0,Semiurban,Y
LP004326,Male,No,0,Not Graduate,Yes,2321,0.0,68.0,360.0,0.0,Rural,N
LP004327,Male,No,1,Graduate,No,3491,0.0,73.0,360.0,0.0,Semiurban,N
LP004328,Male,Yes,0,Graduate,No,14195,1595.0,537.0,360.0,0.0,Semiurban,N
LP004329,Male,No,2,Graduate,Yes,4777,0.0,157.0,360.0,1.0,Rural,Y
LP004330,Female,No,1,Graduate,No,2545,0.0,119.0,360.0,0.0,Urban,N
LP004331,Male,No,2,Not Graduate,No,6384,0.0,177.0,360.0,1.0,Urban,Y
LP004332,Male,Yes,0,Graduate,No,5143,1089.0,175.0,480.0,0.0,Urban,N
LP004333,Male,No,0,Not Graduate,No,5845,0.0,191.0,300.0,1.0,Urban,Y
LP004334,Male,Yes,2,Graduate,No,3314,0.0,105.0,360.0,1.0,Urban,Y
LP004335,Male,Yes,0,Graduate,No,4486,1328.0,183.0,360.0,1.0,Semiurban,Y
LP004336,Female,No,0,Graduate,No,5987,0.0,138.0,360.0,1.0,Semiurban,Y
LP004337,Female,Yes,0,Not Graduate,No,4743,1325.0,160.0,360.0,1.0,Semiurban,Y
LP004338,Male,No,0,Not Graduate,No,6667,0.0,150.0,360.0,1.0,Semiurban,Y
LP004339,Male,No,0,Graduate,No,1324,0.0,38.0,360.0,1.0,Semiurban,Y
LP004340,Male,Yes,0,Graduate,No,2137,763.0,98.0,360.0,1.0,Rural,Y
LP004341,Female,Yes,0,Graduate,No,7209,738.0,167.0,360.0,1.0,Rural,Y
LP004342,Male,Yes,0,Graduate,Yes,1744,1131.0,88.0,360.0,1.0,Semiurban,Y
LP004343,Male,Yes,0,Not Graduate,No,2864,582.0,83.0,360.0,1.0,Semiurban,Y
LP004344,Male,No,0,Graduate,No,3641,0.0,79.0,360.0,1.0,Semiurban,Y
LP004345,Female,Yes,0,Not Graduate,No,6968,2111.0,269.0,360.0,1.0,Rural,Y
LP004346,Male,Yes,1,Graduate,No,4356,2015.0,154.0,360.0,1.0,Semiurban,Y
LP004347,Male,No,0,Graduate,No,3706,0.0,182.0,360.0,1.0,Urban,Y
LP004348,Male,Yes,2,Graduate,No,1131,1207.0,66.0,360.0,1.0,Rural,Y
LP004349,Male,No,0,Graduate,No,3452,845.0,101.0,360.0,1.0,Semiurban,Y
LP004350,Male,Yes,1,Graduate,No,3507,1021.0,146.0,360.0,1.0,Urban,Y
LP004351,Male,Yes,0,Graduate,No,2449,1113.0,73.0,180.0,1.0,Urban,Y
LP004352,Female,No,0,Graduate,No,2517,0.0,56.0,360.0,1.0,Rural,Y
LP004353,Female,Yes,0,Graduate,No,2434,1772.0,166.0,360.0,1.0,Semiurban,Y
LP004354,Male,Yes,0,Graduate,No,2321,0.0,58.0,360.0,1.0,Urban,Y
LP004355,Male,No,1,Graduate,No,2874,0.0,68.0,480.0,0.0,Semiurban,N
LP004356,Female,No,0,Graduate,Yes,8553,0.0,219.0,240.0,1.0,Semiurban,Y
LP004357,Male,No,3+,Graduate,No,1756,0.0,45.0,180.0,1.0,Urban,N
LP004358,Male,No,0,Not Graduate,No,5473,0.0,134.0,360.0,1.0,Rural,Y
LP004359,Male,No,0,Graduate,No,8289,756.0,229.0,360.0,0.0,Rural,N
LP004360,Male,Yes,2,Not Graduate,No,7003,0.0,307.0,180.0,1.0,Semiurban,Y
LP004361,Female,Yes,0,Graduate,No,2032,2874.0,152.0,360.0,1.0,Urban,Y
LP004362,Male,No,0,Graduate,No,7329,0.0,171.0,360.0,1.0,Semiurban,Y
LP004363,Male,Yes,1,Graduate,No,2266,0.0,56.0,180.0,1.0,Rural,Y
LP004364,Female,Yes,0,Graduate,No,2502,0.0,51.0,360.0,1.0,Rural,Y
LP004365,Male,Yes,1,Not Graduate,Yes,3233,0.0,114.0,360.0,1.0,Urban,Y
LP004366,Male,Yes,2,Graduate,No,6790,1599.0,332.0,240.0,1.0,Rural,Y
LP004367,Male,No,0,Graduate,No,3207,1862.0,169.0,360.0,1.0,Urban,Y
LP004368,Male,Yes,1,Graduate,No,3860,1919.0,181.0,360.0,0.0,Semiurban,N
LP004369,Female,Yes,0,Graduate,No,4654,850.0,93.0,360.0,1.0,Urban,Y
LP004370,Male,Yes,1,Graduate,No,3264,0.0,97.0,360.0,1.0,Urban,Y
LP004371,Female,No,0,Graduate,No,3280,0.0,105.0,360.0,1.0,Urban,Y
LP004372,Male,Yes,2,Graduate,No,4283,1290.0,213.0,360.0,1.0,Semiurban,Y
LP004373,Male,Yes,2,Graduate,No,2728,2017.0,184.0,360.0,1.0,Urban,Y
LP004374,Male,Yes,2,Graduate,No,2763,671.0,82.0,180.0,1.0,Urban,Y
LP004375,Male,Yes,0,Graduate,No,2514,860.0,125.0,360.0,1.0,Rural,Y
LP004376,Male,Yes,0,Graduate,No,6378,1227.0,321.0,360.0,1.0,Rural,Y
LP004377,Male,Yes,2,Graduate,No,4464,3376.0,247.0,360.0,1.0,Urban,Y
LP004378,Male,No,0,Graduate,No,6883,0.0,196.0,360.0,1.0,Semiurban,Y
LP004379,Male,Yes,2,Graduate,Yes,6459,0.0,164.0,360.0,0.0,Urban,N
LP004380,Male,No,0,Graduate,Yes,4282,3309.0,126.0,360.0,1.0,Semiurban,Y
LP004381,Male,Yes,0,Graduate,Yes,13110,4029.0,529.0,360.0,1.0,Semiurban,N
LP004382,Female,Yes,0,Not Graduate,No,2814,1343.0,103.0,360.0,1.0,Urban,Y
LP004383,Female,Yes,0,Graduate,No,4921,1958.0,169.0,240.0,1.0,Semiurban,Y
LP004384,Male,Yes,0,Graduate,No,3934,1929.0,166.0,360.0,1.0,Urban,Y
LP004385,Female,Yes,1,Graduate,No,3121,2078.0,105.0,360.0,1.0,Urban,Y
LP004386,Male,Yes,2,Graduate,No,2097,0.0,54.0,180.0,1.0,Semiurban,Y
LP004387,Male,No,1,Graduate,No,4182,0.0,93.0,360.0,1.0,Urban,Y
LP004388,Female,Yes,0,Graduate,No,2305,0.0,36.0,360.0,0.0,Semiurban,N
LP004389,Female,Yes,2,Graduate,No,3408,3166.0,170.0,360.0,1.0,Rural,Y
LP004390,Female,Yes,0,Graduate,No,2348,1878.0,164.0,360.0,0.0,Rural,N
LP004391,Female,No,0,Graduate,Yes,2710,0.0,63.0,360.0,1.0,Semiurban,Y
LP004392,Female,Yes,1,Graduate,No,3414,3047.0,159.0,360.0,1.0,Semiurban,Y
LP004393,Male,Yes,0,Graduate,No,5392,1254.0,190.0,360.0,1.0,Urban,Y
LP004394,Female,No,3+,Not Graduate,Yes,4634,0.0,138.0,360.0,1.0,Semiurban,Y
LP004395,Male,Yes,3+,Graduate,No,4382,1115.0,141.0,360.0,1.0,Urban,Y
LP004396,Female,No,1,Not Graduate,No,5828,1389.0,144.0,360.0,1.0,Urban,Y
LP004397,Male,No,0,Graduate,No,2738,1624.0,199.0,360.0,1.0,Semiurban,Y
LP004398,Female,Yes,2,Not Graduate,No,6849,0.0,174.0,360.0,1.0,Semiurban,Y
LP004399,Male,Yes,1,Graduate,No,5471,0.0,162.0,360.0,1.0,Semiurban,Y
LP004400,Male,Yes,0,Graduate,No,8109,0.0,166.0,360.0,1.0,Rural,Y
LP004401,Male,Yes,0,Graduate,No,7194,1075.0,250.0,360.0,0.0,Rural,N
LP004402,Male,No,1,Graduate,No,2277,0.0,77.0,360.0,1.0,Rural,Y
LP004403,Female,Yes,0,Not Graduate,No,3910,0.0,142.0,360.0,0.0,Semiurban,N
LP004404,Male,Yes,0,Graduate,No,3693,1297.0,77.0,360.0,1.0,Semiurban,Y
LP004405,Male,No,1,Graduate,No,3653,0.0,92.0,360.0,1.0,Rural,Y
LP004406,Male,No,1,Graduate,No,8229,0.0,252.0,180.0,1.0,Urban,Y
LP004407,Male,No,0,Graduate,No,3812,1075.0,81.0,360.0,0.0,Urban,N
LP004408,Male,Yes,0,Graduate,No,1874,928.0,59.0,360.0,1.0,Semiurban,Y
LP004409,Male,No,0,Graduate,Yes,10701,2484.0,403.0,180.0,0.0,Urban,N
LP004410,Male,Yes,0,Graduate,No,2555,0.0,91.0,360.0,1.0,Semiurban,Y
LP004411,Male,Yes,0,Graduate,No,5006,2086.0,221.0,360.0,1.0,Urban,Y
LP004412,Male,No,2,Graduate,No,3897,0.0,97.0,180.0,1.0,Semiurban,Y
LP004413,Male,No,0,Graduate,No,2287,0.0,131.0,360.0,1.0,Semiurban,Y
LP004414,Female,Yes,0,Graduate,No,6370,0.0,135.0,360.0,1.0,Urban,Y
LP004415,Male,Yes,0,Graduate,No,4526,0.0,97.0,360.0,1.0,Semiurban,Y
LP004416,Male,Yes,0,Graduate,Yes,3019,1760.0,102.0,360.0,1.0,Semiurban,Y
LP004417,Male,Yes,0,Graduate,No,1837,0.0,48.0,360.0,1.0,Semiurban,Y
LP004418,Female,Yes,0,Graduate,No,7587,1364.0,233.0,360.0,1.0,Semiurban,Y
LP004419,Male,Yes,0,Graduate,No,3586,1569.0,172.0,360.0,1.0,Semiurban,Y
LP004420,Male,No,1,Graduate,No,4120,0.0,129.0,360.0,1.0,Rural,Y
LP004421,Male,Yes,2,Graduate,Yes,1875,0.0,36.0,360.0,0.0,Rural,N
LP004422,Female,No,0,Graduate,No,3452,0.0,69.0,300.0,1.0,Urban,Y
LP004423,Male,No,1,Graduate,No,7571,0.0,221.0,360.0,1.0,Urban,Y
LP004424,Male,Yes,0,Not Graduate,No,2454,3046.0,250.0,360.0,1.0,Urban,Y
LP004425,Male,Yes,0,Graduate,Yes,5870,2344.0,189.0,84.0,1.0,Rural,Y
LP004426,Female,No,2,Graduate,No,3889,1874.0,159.0,360.0,0.0,Semiurban,N
LP004427,Male,No,0,Not Graduate,No,3605,0.0,124.0,180.0,1.0,Urban,Y
LP004428,Female,Yes,0,Graduate,No,2764,0.0,89.0,360.0,1.0,Rural,Y
LP004429,Male,Yes,0,Graduate,No,5182,0.0,122.0,360.0,1.0,Rural,Y
LP004430,Female,No,2,Graduate,No,4343,2023.0,147.0,360.0,1.0,Urban,Y
LP004431,Male,No,0,Graduate,No,4463,1243.0,167.0,360.0,0.0,Urban,N
LP004432,Male,No,0,Not Graduate,No,4853,2896.0,182.0,360.0,1.0,Semiurban,Y
LP004433,Male,No,1,Graduate,No,6914,0.0,199.0,360.0,1.0,Semiurban,Y
LP004434,Male,No,2,Graduate,No,8521,0.0,201.0,360.0,1.0,Semiurban,Y
LP004435,Male,Yes,1,Not Graduate,Yes,7468,1683.0,275.0,360.0,1.0,Urban,Y
LP004436,Male,Yes,0,Graduate,No,3814,663.0,73.0,360.0,0.0,Urban,N
LP004437,Male,No,3+,Graduate,No,4187,0.0,106.0,360.0,1.0,Rural,Y
LP004438,Male,Yes,0,Graduate,No,6955,1124.0,134.0,180.0,1.0,Semiurban,Y
LP004439,Male,Yes,2,Graduate,No,3206,2575.0,203.0,360.0,1.0,Rural,Y
LP004440,Female,Yes,0,Graduate,No,3002,992.0,137.0,360.0,0.0,Rural,N
LP004441,Male,Yes,0,Graduate,No,1219,0.0,34.0,360.0,1.0,Semiurban,N
LP004442,Male,Yes,0,Not Graduate,No,3233,1613.0,217.0,360.0,1.0,Urban,Y
LP004443,Male,Yes,2,Graduate,No,6538,997.0,190.0,360.0,1.0,Semiurban,Y
LP004444,Male,Yes,0,Not Graduate,No,3690,0.0,114.0,360.0,0.0,Semiurban,N
LP004445,Male,Yes,1,Graduate,No,4759,0.0,74.0,360.0,1.0,Semiurban,Y
LP004446,Female,Yes,0,Graduate,No,6583,521.0,238.0,360.0,1.0,Rural,Y
LP004447,Male,No,0,Graduate,No,2477,2913.0,139.0,180.0,1.0,Semiurban,Y
LP004448,Female,Yes,0,Not Graduate,No,2983,2219.0,111.0,360.0,1.0,Urban,Y
LP004449,Male,Yes,2,Graduate,Yes,5865,3893.0,195.0,360.0,0.0,Semiurban,N
LP004450,Male,No,0,Graduate,No,6635,0.0,185.0,180.0,1.0,Semiurban,Y
LP004451,Male,No,3+,Graduate,No,5114,0.0,110.0,360.0,1.0,Semiurban,Y
LP004452,Male,Yes,0,Graduate,No,2637,4879.0,181.0,360.0,1.0,Urban,Y
LP004453,Male,No,0,Graduate,No,1633,0.0,55.0,360.0,1.0,Rural,Y
LP004454,Male,Yes,1,Graduate,No,3150,1802.0,145.0,360.0,1.0,Rural,Y
LP004455,Male,No,0,Not Graduate,No,4150,0.0,102.0,360.0,1.0,Semiurban,Y
LP004456,Male,Yes,3+,Graduate,No,3886,2920.0,130.0,360.0,1.0,Semiurban,Y
LP004457,Male,Yes,1,Graduate,No,6010,0.0,207.0,360.0,0.0,Semiurban,N
LP004458,Male,Yes,0,Graduate,No,2472,2798.0,98.0,360.0,1.0,Semiurban,Y
LP004459,Male,No,0,Not Graduate,No,1359,1245.0,48.0,480.0,1.0,Rural,Y
LP004460,Female,Yes,1,Graduate,Yes,2128,1565.0,96.0,360.0,1.0,Semiurban,Y
LP004461,Male,Yes,3+,Graduate,No,2118,0.0,82.0,360.0,1.0,Semiurban,N
LP004462,Female,Yes,1,Graduate,Yes,2678,0.0,68.0,360.0,1.0,Semiurban,Y
LP004463,Male,Yes,0,Graduate,No,3066,0.0,66.0,360.0,1.0,Rural,Y
LP004464,Male,No,0,Graduate,No,7674,0.0,253.0,360.0,1.0,Semiurban,Y
LP004465,Male,Yes,0,Graduate,No,4422,0.0,99.0,360.0,1.0,Semiurban,Y
LP004466,Male,Yes,0,Graduate,No,4363,1639.0,138.0,360.0,1.0,Urban,Y
LP004467,Male,Yes,0,Graduate,No,2046,2124.0,104.0,360.0,0.0,Semiurban,N
LP004468,Female,No,3+,Graduate,No,2538,0.0,80.0,360.0,1.0,Semiurban,Y
LP004469,Male,Yes,0,Graduate,Yes,3297,1557.0,101.0,360.0,0.0,Urban,N
LP004470,Male,Yes,0,Graduate,No,4422,1869.0,128.0,360.0,1.0,Urban,Y
LP004471,Male,Yes,2,Not Graduate,Yes,2447,1671.0,86.0,360.0,1.0,Semiurban,Y
LP004472,Male,Yes,0,Graduate,No,4374,0.0,116.0,480.0,1.0,Semiurban,Y
LP004473,Male,No,2,Graduate,No,2094,0.0,72.0,360.0,0.0,Rural,N
LP004474,Male,Yes,3+,Graduate,No,2033,1026.0,97.0,360.0,1.0,Urban,Y
LP004475,Male,Yes,2,Graduate,No,3187,1847.0,146.0,300.0,1.0,Urban,Y
LP004476,Male,No,2,Not Graduate,No,3217,2951.0,148.0,360.0,1.0,Rural,Y
LP004477,Male,Yes,2,Graduate,No,2406,0.0,48.0,360.0,0.0,Rural,N
LP004478,Male,No,0,Graduate,Yes,5321,0.0,117.0,360.0,1.0,Urban,Y
LP004479,Female,Yes,0,Graduate,No,3966,2907.0,272.0,360.0,1.0,Rural,Y
LP004480,Male,Yes,0,Graduate,No,1324,957.0,77.0,360.0,1.0,Urban,Y
LP004481,Male,Yes,0,Graduate,Yes,9259,1095.0,242.0,360.0,1.0,Semiurban,Y
LP004482,Male,Yes,0,Not Graduate,No,1236,0.0,66.0,360.0,1.0,Rural,N
LP004483,Male,Yes,2,Graduate,No,9043,1528.0,331.0,360.0,1.0,Urban,Y
LP004484,Male,No,0,Graduate,No,8706,3497.0,246.0,360.0,1.0,Urban,Y
LP004485,Male,No,1,Graduate,No,5706,0.0,198.0,360.0,1.0,Urban,Y
LP004486,Male,Yes,1,Not Graduate,No,3063,2167.0,98.0,360.0,1.0,Semiurban,Y
LP004487,Male,Yes,1,Not Graduate,Yes,2604,955.0,86.0,360.0,0.0,Rural,N
LP004488,Male,No,3+,Graduate,No,3406,0.0,158.0,360.0,1.0,Rural,Y
LP004489,Female,Yes,2,Graduate,No,3593,0.0,83.0,360.0,0.0,Semiurban,N
LP004490,Male,Yes,2,Graduate,No,6943,0.0,175.0,360.0,1.0,Urban,Y
LP004491,Male,Yes,2,Graduate,No,3041,907.0,104.0,360.0,1.0,Rural,Y
LP004492,Male,Yes,0,Not Graduate,No,2834,0.0,85.0,360.0,1.0,Semiurban,Y
LP004493,Female,Yes,0,Graduate,No,4333,0.0,99.0,360.0,0.0,Rural,N
LP004494,Male,No,0,Graduate,No,2054,0.0,49.0,360.0,1.0,Rural,Y
LP004495,Male,No,1,Graduate,No,5656,0.0,105.0,360.0,1.0,Rural,Y
LP004496,Male,Yes,0,Graduate,No,3070,1449.0,135.0,360.0,1.0,Rural,Y
LP004497,Male,No,0,Graduate,No,2702,4202.0,148.0,480.0,1.0,Semiurban,Y
LP004498,Male,Yes,2,Graduate,No,6985,0.0,224.0,360.0,1.0,Urban,Y
LP004499,Female,Yes,0,Graduate,No,4273,3061.0,259.0,360.0,1.0,Urban,Y
LP004500,Male,No,1,Graduate,No,5382,0.0,117.0,360.0,1.0,Rural,Y
LP004501,Male,No,0,Not Graduate,No,5593,0.0,159.0,360.0,1.0,Urban,Y
LP004502,Male,No,0,Graduate,No,1752,0.0,61.0,120.0,0.0,Semiurban,N
LP004503,Male,Yes,1,Graduate,No,6933,2600.0,312.0,360.0,1.0,Semiurban,Y
LP004504,Male,Yes,0,Not Graduate,No,5899,900.0,196.0,480.0,1.0,Semiurban,Y
LP004505,Male,No,0,Not Graduate,No,3490,0.0,108.0,360.0,0.0,Rural,N
LP004506,Male,No,2,Graduate,No,4775,2131.0,281.0,360.0,0.0,Rural,N
LP004507,Female,No,0,Graduate,No,7054,0.0,187.0,360.0,1.0,Rural,Y
LP004508,Female,Yes,0,Not Graduate,No,4027,926.0,79.0,480.0,1.0,Semiurban,Y
LP004509,Female,No,0,Graduate,No,3875,0.0,83.0,180.0,0.0,Rural,N
LP004510,Male,Yes,0,Graduate,Yes,2206,0.0,76.0,360.0,1.0,Rural,Y
LP004511,Male,Yes,0,Graduate,No,2299,0.0,40.0,360.0,1.0,Semiurban,Y
LP004512,Male,Yes,0,Graduate,No,3154,1775.0,108.0,360.0,0.0,Urban,N
LP004513,Female,Yes,1,Graduate,No,3719,1881.0,98.0,360.0,1.0,Semiurban,Y
LP004514,Male,Yes,0,Graduate,Yes,6461,1249.0,198.0,360.0,1.0,Rural,Y
LP004515,Male,No,2,Graduate,Yes,4136,0.0,96.0,360.0,1.0,Semiurban,Y
LP004516,Female,No,1,Graduate,Yes,7057,0.0,194.0,360.0,1.0,Rural,Y
LP004517,Male,Yes,2,Graduate,No,2636,1358.0,91.0,360.0,1.0,Rural,Y
LP004518,Female,No,1,Graduate,No,2365,1624.0,133.0,360.0,0.0,Urban,N
LP004519,Female,Yes,0,Not Graduate,No,2241,3001.0,197.0,360.0,1.0,Semiurban,Y
LP004520,Male,Yes,1,Graduate,Yes,2862,1246.0,127.0,360.0,0.0,Semiurban,N
LP004521,Male,Yes,0,Graduate,No,3267,3069.0,128.0,360.0,1.0,Semiurban,Y
LP004522,Female,No,1,Graduate,No,2209,0.0,65.0,360.0,1.0,Rural,Y
LP004523,Male,Yes,0,Not Graduate,No,4164,924.0,156.0,360.0,1.0,Urban,Y
LP004524,Male,Yes,0,Graduate,No,2721,1797.0,110.0,360.0,1.0,Semiurban,Y
LP004525,Male,Yes,1,Graduate,No,5540,1662.0,309.0,240.0,1.0,Semiurban,Y
LP004526,Male,Yes,1,Graduate,Yes,2862,3063.0,193.0,360.0,0.0,Semiurban,N
LP004527,Male,No,1,Graduate,No,9362,2522.0,302.0,360.0,1.0,Rural,Y
LP004528,Male,Yes,0,Graduate,No,1860,1705.0,90.0,360.0,1.0,Semiurban,Y
LP004529,Male,Yes,2,Graduate,No,1612,1151.0,54.0,360.0,1.0,Rural,Y
LP004530,Male,Yes,2,Graduate,No,1429,0.0,46.0,360.0,1.0,Rural,N
LP004531,Female,Yes,1,Not Graduate,No,2093,735.0,62.0,360.0,1.0,Urban,Y
LP004532,Female,Yes,3+,Graduate,No,4166,1998.0,190.0,180.0,1.0,Urban,Y
LP004533,Male,Yes,0,Graduate,No,2895,1720.0,152.0,360.0,1.0,Rural,Y
LP004534,Female,Yes,2,Graduate,No,6846,0.0,225.0,360.0,1.0,Semiurban,Y
LP004535,Male,Yes,0,Graduate,No,3706,797.0,117.0,360.0,1.0,Rural,Y
LP004536,Male,Yes,2,Graduate,No,5229,1691.0,210.0,360.0,0.0,Semiurban,N
LP004537,Male,No,0,Not Graduate,No,3376,2331.0,186.0,360.0,1.0,Urban,Y
LP004538,Male,No,0,Graduate,No,1017,0.0,37.0,360.0,1.0,Urban,N
LP004539,Male,Yes,0,Graduate,No,4305,4613.0,365.0,180.0,1.0,Rural,Y
LP004540,Male,Yes,0,Graduate,No,3033,3661.0,135.0,360.0,1.0,Rural,Y
LP004541,Male,Yes,2,Graduate,No,1827,0.0,41.0,360.0,1.0,Urban,Y
LP004542,Male,Yes,0,Not Graduate,No,7106,1520.0,200.0,360.0,1.0,Semiurban,Y
LP004543,Male,Yes,0,Graduate,No,6022,848.0,151.0,360.0,0.0,Rural,N
LP004544,Male,Yes,0,Graduate,No,2869,2983.0,168.0,360.0,1.0,Urban,Y
LP004545,Male,Yes,0,Not Graduate,No,2614,0.0,49.0,360.0,1.0,Rural,Y
LP004546,Male,No,3+,Not Graduate,Yes,4512,0.0,151.0,360.0,1.0,Urban,Y
LP004547,Male,No,0,Not Graduate,No,2837,0.0,82.0,360.0,1.0,Urban,Y
LP004548,Female,No,1,Not Graduate,Yes,1686,0.0,41.0,360.0,1.0,Rural,Y
LP004549,Male,No,0,Graduate,No,4706,0.0,81.0,180.0,1.0,Urban,Y
LP004550,Male,Yes,3+,Graduate,No,4062,384.0,138.0,180.0,1.0,Rural,Y
LP004551,Male,No,0,Not Graduate,No,6138,0.0,124.0,360.0,1.0,Semiurban,Y
LP004552,Male,No,0,Graduate,Yes,4945,2518.0,220.0,360.0,1.0,Rural,Y
LP004553,Male,Yes,2,Graduate,No,3130,758.0,81.0,360.0,0.0,Urban,N
LP004554,Male,Yes,0,Graduate,No,4324,2898.0,234.0,360.0,0.0,Semiurban,N
LP004555,Male,No,0,Graduate,No,3252,0.0,60.0,360.0,1.0,Semiurban,Y
LP004556,Male,Yes,2,Graduate,No,3815,1646.0,313.0,360.0,1.0,Semiurban,Y
LP004557,Male,Yes,3+,Graduate,No,1967,0.0,33.0,240.0,1.0,Rural,N
LP004558,Male,No,2,Graduate,No,2978,2614.0,125.0,360.0,1.0,Semiurban,Y
LP004559,Male,Yes,2,Graduate,No,2202,0.0,72.0,360.0,1.0,Semiurban,Y
LP004560,Male,Yes,2,Graduate,Yes,3106,2203.0,124.0,360.0,1.0,Rural,Y
LP004561,Male,Yes,1,Graduate,No,4579,483.0,109.0,360.0,1.0,Semiurban,Y
LP004562,Male,Yes,3+,Not Graduate,No,2665,1316.0,128.0,360.0,1.0,Urban,Y
LP004563,Male,Yes,2,Graduate,No,2640,672.0,124.0,360.0,1.0,Semiurban,Y
LP004564,Female,Yes,0,Graduate,No,1781,1988.0,122.0,360.0,1.0,Urban,Y
LP004565,Male,No,0,Graduate,No,3386,0.0,52.0,360.0,1.0,Semiurban,Y
LP004566,Male,No,1,Graduate,No,4521,0.0,172.0,360.0,1.0,Urban,Y
LP004567,Male,Yes,0,Graduate,No,3851,1518.0,184.0,360.0,1.0,Semiurban,Y
LP004568,Female,Yes,1,Not Graduate,No,3779,968.0,115.0,360.0,1.0,Rural,Y
LP004569,Male,No,2,Graduate,Yes,10685,0.0,288.0,360.0,1.0,Semiurban,Y
LP004570,Male,No,2,Graduate,No,3717,0.0,142.0,360.0,1.0,Semiurban,Y
LP004571,Male,Yes,0,Graduate,No,6170,3253.0,437.0,360.0,1.0,Semiurban,Y
LP004572,Male,Yes,0,Graduate,No,4508,1389.0,296.0,360.0,1.0,Urban,Y
LP004573,Male,Yes,1,Graduate,No,7009,5731.0,312.0,360.0,1.0,Rural,Y
LP004574,Male,No,0,Graduate,No,5332,0.0,171.0,360.0,1.0,Urban,Y
LP004575,Female,No,0,Graduate,Yes,3826,0.0,102.0,360.0,1.0,Semiurban,Y
LP004576,Male,No,2,Not Graduate,No,4778,1929.0,184.0,360.0,1.0,Semiurban,Y
LP004577,Male,Yes,2,Graduate,No,1611,695.0,50.0,360.0,1.0,Rural,Y
LP004578,Male,Yes,0,Graduate,No,2472,0.0,54.0,360.0,1.0,Semiurban,Y
LP004579,Male,No,1,Graduate,Yes,3017,0.0,75.0,360.0,1.0,Urban,Y
LP004580,Male,No,1,Graduate,No,4421,0.0,109.0,360.0,0.0,Urban,N
LP004581,Female,Yes,0,Not Graduate,No,9762,961.0,283.0,360.0,1.0,Semiurban,Y
LP004582,Male,Yes,0,Graduate,No,1878,393.0,70.0,360.0,1.0,Urban,Y
LP004583,Male,Yes,0,Graduate,No,8448,1878.0,208.0,360.0,1.0,Rural,Y
LP004584,Female,No,2,Graduate,No,2671,0.0,53.0,360.0,1.0,Semiurban,Y
LP004585,Male,Yes,2,Graduate,No,4207,2270.0,166.0,360.0,1.0,Rural,Y
LP004586,Male,No,3+,Graduate,Yes,6523,0.0,221.0,300.0,1.0,Semiurban,Y
LP004587,Male,No,0,Graduate,No,12215,0.0,522.0,360.0,1.0,Semiurban,N
LP004588,Male,No,1,Graduate,No,4283,0.0,191.0,360.0,1.0,Rural,Y
LP004589,Male,No,3+,Graduate,Yes,5433,0.0,115.0,300.0,1.0,Semiurban,Y
LP004590,Male,No,1,Graduate,No,5286,0.0,115.0,360.0,1.0,Rural,Y
LP004591,Male,Yes,0,Graduate,No,1126,2368.0,142.0,360.0,1.0,Urban,Y
LP004592,Male,Yes,3+,Graduate,No,3151,0.0,74.0,360.0,1.0,Semiurban,Y
LP004593,Male,Yes,2,Graduate,No,1651,1510.0,172.0,360.0,1.0,Semiurban,Y
LP004594,Male,Yes,2,Graduate,No,5428,0.0,134.0,360.0,1.0,Semiurban,Y
LP004595,Female,Yes,0,Graduate,No,2629,0.0,51.0,180.0,1.0,Urban,Y
LP004596,Female,Yes,0,Graduate,No,6528,1531.0,217.0,360.0,1.0,Rural,Y
LP004597,Male,No,0,Graduate,No,4846,0.0,211.0,360.0,0.0,Semiurban,N
LP004598,Female,Yes,0,Graduate,No,4725,1466.0,123.0,360.0,1.0,Semiurban,Y
LP004599,Male,No,1,Graduate,Yes,2655,1722.0,163.0,360.0,1.0,Rural,Y
LP004600,Male,No,2,Graduate,No,4091,0.0,86.0,360.0,1.0,Rural,Y
LP004601,Male,No,0,Graduate,No,7408,0.0,180.0,360.0,1.0,Urban,Y
LP004602,Male,No,1,Graduate,No,2562,0.0,64.0,360.0,1.0,Rural,Y
LP004603,Male,Yes,0,Graduate,No,4951,2350.0,214.0,360.0,1.0,Urban,Y
LP004604,Male,No,0,Graduate,No,3732,0.0,76.0,360.0,1.0,Urban,Y
LP004605,Male,No,2,Graduate,No,5414,1045.0,209.0,360.0,0.0,Semiurban,N
LP004606,Male,Yes,3+,Graduate,No,10956,777.0,325.0,180.0,1.0,Semiurban,Y
LP004607,Male,No,0,Not Graduate,No,4542,1423.0,206.0,360.0,1.0,Rural,Y
LP004608,Male,Yes,0,Graduate,No,1680,0.0,48.0,360.0,1.0,Urban,Y
LP004609,Male,Yes,2,Graduate,No,2410,0.0,66.0,360.0,0.0,Rural,N
LP004610,Male,No,0,Graduate,No,1924,1354.0,75.0,360.0,1.0,Semiurban,Y
LP004611,Male,Yes,0,Graduate,No,2548,1522.0,84.0,360.0,1.0,Semiurban,Y
LP004612,Male,Yes,0,Not Graduate,No,3432,3185.0,188.0,360.0,1.0,Semiurban,Y
LP004613,Male,No,0,Graduate,No,5114,1314.0,156.0,360.0,1.0,Urban,Y
LP004614,Female,Yes,0,Graduate,No,1936,984.0,116.0,360.0,1.0,Semiurban,Y
LP004615,Male,Yes,3+,Graduate,No,4646,0.0,200.0,480.0,1.0,Semiurban,Y
LP004616,Male,Yes,0,Graduate,No,7742,1490.0,310.0,360.0,1.0,Rural,Y
LP004617,Male,No,0,Graduate,No,12273,1125.0,316.0,360.0,1.0,Urban,Y
LP004618,Male,Yes,0,Graduate,No,6943,1016.0,240.0,360.0,1.0,Semiurban,Y
LP004619,Male,Yes,0,Graduate,No,3416,0.0,144.0,360.0,1.0,Urban,Y
LP004620,Male,No,0,Graduate,No,1975,694.0,89.0,360.0,0.0,Urban,N
LP004621,Female,Yes,0,Graduate,Yes,10969,2396.0,526.0,360.0,1.0,Semiurban,N
LP004622,Female,Yes,1,Graduate,No,3142,952.0,93.0,360.0,1.0,Rural,Y
LP004623,Male,Yes,0,Graduate,No,4392,1420.0,155.0,360.0,1.0,Rural,Y
LP004624,Male,No,0,Graduate,No,1494,1065.0,83.0,360.0,1.0,Urban,Y
LP004625,Male,Yes,3+,Graduate,No,2534,1368.0,68.0,360.0,1.0,Semiurban,Y
LP004626,Male,No,1,Graduate,No,5428,1243.0,201.0,360.0,1.0,Semiurban,Y
LP004627,Male,Yes,0,Graduate,No,6569,1182.0,218.0,360.0,1.0,Rural,Y
LP004628,Male,No,3+,Graduate,No,3226,0.0,94.0,360.0,1.0,Semiurban,Y
LP004629,Male,No,0,Graduate,No,5890,0.0,136.0,360.0,1.0,Rural,Y
LP004630,Female,Yes,2,Graduate,No,5698,0.0,133.0,360.0,1.0,Rural,Y
LP004631,Male,Yes,1,Graduate,No,2681,3100.0,106.0,360.0,1.0,Rural,Y
LP004632,Male,Yes,0,Graduate,No,3483,1285.0,96.0,360.0,1.0,Urban,Y
LP004633,Female,Yes,1,Graduate,No,8950,2871.0,456.0,360.0,1.0,Urban,Y
LP004634,Male,No,0,Graduate,No,5309,0.0,91.0,360.0,1.0,Semiurban,Y
LP004635,Male,Yes,0,Not Graduate,No,1993,684.0,55.0,360.0,1.0,Urban,Y
LP004636,Female,Yes,0,Graduate,No,5421,0.0,102.0,360.0,1.0,Semiurban,Y
LP004637,Male,No,3+,Not Graduate,No,3088,0.0,83.0,360.0,1.0,Semiurban,Y
LP004638,Female,No,0,Not Graduate,No,4333,927.0,89.0,360.0,1.0,Rural,Y
LP004639,Male,Yes,2,Graduate,No,6439,2075.0,215.0,360.0,1.0,Rural,Y
LP004640,Male,Yes,0,Graduate,No,4086,3779.0,219.0,480.0,1.0,Rural,Y
LP004641,Male,Yes,1,Graduate,No,1971,1605.0,90.0,360.0,1.0,Rural,Y
LP004642,Male,No,0,Graduate,No,2431,0.0,69.0,180.0,1.0,Rural,Y
LP004643,Male,Yes,0,Graduate,No,4859,1899.0,167.0,360.0,1.0,Urban,Y
LP004644,Male,No,1,Graduate,No,3181,0.0,66.0,360.0,1.0,Semiurban,Y
LP004645,Male,Yes,0,Graduate,No,1700,3282.0,108.0,360.0,1.0,Urban,Y
LP004646,Female,No,2,Not Graduate,No,2368,831.0,48.0,360.0,1.0,Rural,Y
LP004647,Female,No,0,Graduate,No,2030,0.0,44.0,360.0,1.0,Rural,Y
LP004648,Male,No,0,Not Graduate,No,4843,0.0,111.0,360.0,1.0,Semiurban,Y
LP004649,Male,Yes,0,Graduate,No,3454,0.0,118.0,360.0,1.0,Urban,Y
LP004650,Male,Yes,0,Not Graduate,No,1568,0.0,31.0,360.0,1.0,Rural,Y
LP004651,Female,Yes,0,Graduate,No,7274,1679.0,311.0,360.0,1.0,Urban,Y
LP004652,Male,Yes,1,Not Graduate,No,4401,0.0,223.0,360.0,1.0,Semiurban,Y
LP004653,Female,No,0,Graduate,No,4748,4893.0,200.0,360.0,1.0,Semiurban,Y
LP004654,Male,Yes,0,Graduate,No,2063,1967.0,85.0,360.0,1.0,Rural,Y
LP004655,Female,No,0,Graduate,Yes,5892,0.0,170.0,360.0,0.0,Semiurban,N
LP004656,Male,No,0,Graduate,No,3332,2151.0,206.0,360.0,1.0,Rural,Y
LP004657,Female,Yes,2,Not Graduate,No,1444,1436.0,138.0,360.0,1.0,Semiurban,Y
LP004658,Male,Yes,1,Graduate,Yes,4572,2123.0,191.0,360.0,1.0,Urban,Y
LP004659,Male,Yes,2,Graduate,No,1650,757.0,64.0,360.0,1.0,Urban,Y
LP004660,Female,Yes,0,Graduate,No,1587,3914.0,177.0,360.0,1.0,Urban,Y
LP004661,Female,Yes,0,Graduate,No,3076,721.0,93.0,360.0,1.0,Semiurban,Y
LP004662,Male,No,2,Graduate,No,13226,0.0,459.0,180.0,1.0,Semiurban,Y
LP004663,Male,Yes,0,Graduate,Yes,6354,1567.0,205.0,360.0,1.0,Semiurban,Y
LP004664,Male,No,1,Graduate,Yes,13020,0.0,393.0,360.0,0.0,Rural,N
LP004665,Male,No,0,Graduate,No,5690,0.0,174.0,360.0,1.0,Urban,Y
LP004666,Male,Yes,2,Graduate,No,6606,2316.0,252.0,360.0,0.0,Semiurban,N
LP004667,Male,Yes,0,Graduate,No,2072,1190.0,67.0,180.0,1.0,Semiurban,Y
LP004668,Male,Yes,0,Graduate,No,1000,0.0,16.0,360.0,1.0,Rural,N
LP004669,Male,Yes,2,Graduate,No,1000,0.0,26.0,180.0,1.0,Semiurban,N
LP004670,Male,Yes,0,Graduate,No,6236,0.0,181.0,180.0,0.0,Rural,N
LP004671,Male,Yes,2,Graduate,No,3337,551.0,87.0,360.0,1.0,Rural,Y
LP004672,Male,Yes,2,Not Graduate,No,4174,1043.0,126.0,240.0,1.0,Urban,Y
LP004673,Male,Yes,0,Not Graduate,Yes,1940,970.0,68.0,360.0,0.0,Urban,N
LP004674,Male,Yes,0,Graduate,No,10422,1555.0,294.0,360.0,1.0,Rural,Y
LP004675,Male,Yes,1,Not Graduate,No,7252,2289.0,257.0,360.0,1.0,Urban,Y
LP004676,Male,Yes,2,Not Graduate,No,2646,0.0,115.0,360.0,0.0,Semiurban,N
LP004677,Male,Yes,0,Not Graduate,No,21855,2429.0,542.0,360.0,1.0,Rural,N
LP004678,Male,Yes,0,Graduate,No,7985,1477.0,315.0,360.0,0.0,Semiurban,N
LP004679,Male,No,0,Not Graduate,No,1301,0.0,38.0,360.0,1.0,Semiurban,N
LP004680,Female,Yes,2,Graduate,No,1037,0.0,27.0,360.0,0.0,Rural,N
LP004681,Male,No,0,Graduate,No,1674,0.0,39.0,60.0,1.0,Semiurban,N
LP004682,Female,Yes,0,Not Graduate,No,3009,1008.0,133.0,360.0,1.0,Urban,Y
LP004683,Male,No,2,Not Graduate,No,3638,0.0,91.0,360.0,1.0,Rural,Y
LP004684,Male,Yes,1,Graduate,Yes,5585,0.0,139.0,360.0,1.0,Urban,Y
LP004685,Male,No,0,Graduate,No,3788,1376.0,144.0,240.0,1.0,Semiurban,Y
LP004686,Female,Yes,0,Graduate,No,8195,2683.0,348.0,360.0,1.0,Rural,Y
LP004687,Male,No,2,Graduate,No,3971,0.0,229.0,360.0,1.0,Rural,Y
LP004688,Male,Yes,0,Not Graduate,No,2538,674.0,90.0,480.0,0.0,Urban,N
LP004689,Male,Yes,0,Graduate,No,7847,2104.0,327.0,360.0,1.0,Urban,Y
LP004690,Male,Yes,1,Graduate,No,5385,1087.0,156.0,360.0,1.0,Rural,Y
LP004691,Female,No,2,Graduate,No,3528,0.0,138.0,180.0,1.0,Semiurban,Y
LP004692,Male,No,1,Not Graduate,No,2386,0.0,56.0,360.0,1.0,Rural,Y
LP004693,Male,Yes,0,Graduate,No,17183,2080.0,333.0,360.0,1.0,Semiurban,Y
LP004694,Male,No,0,Graduate,No,3342,0.0,139.0,360.0,1.0,Urban,Y
LP004695,Male,No,0,Graduate,No,2127,0.0,90.0,360.0,1.0,Urban,Y
LP004696,Male,Yes,0,Graduate,No,1986,1031.0,63.0,360.0,1.0,Rural,Y
LP004697,Male,Yes,0,Graduate,No,7220,605.0,212.0,360.0,1.0,Semiurban,Y
LP004698,Male,No,3+,Graduate,No,5851,0.0,269.0,360.0,0.0,Semiurban,N
LP004699,Male,Yes,2,Graduate,No,5114,0.0,159.0,360.0,1.0,Semiurban,Y
LP004700,Male,Yes,1,Graduate,No,3606,2468.0,102.0,360.0,1.0,Semiurban,Y
LP004701,Male,Yes,0,Graduate,No,7958,1780.0,239.0,360.0,0.0,Rural,N
LP004702,Female,No,0,Graduate,No,4423,0.0,103.0,360.0,1.0,Rural,Y
LP004703,Male,Yes,1,Graduate,No,2343,1331.0,102.0,360.0,1.0,Urban,Y
LP004704,Male,Yes,1,Not Graduate,No,4577,918.0,129.0,360.0,1.0,Semiurban,Y
LP004705,Male,No,2,Graduate,No,3628,0.0,65.0,360.0,1.0,Urban,Y
LP004706,Male,No,3+,Graduate,No,3562,0.0,130.0,360.0,1.0,Urban,Y
LP004707,Male,Yes,0,Graduate,No,1576,3459.0,166.0,360.0,1.0,Rural,Y
LP004708,Male,No,1,Graduate,No,1407,0.0,42.0,180.0,0.0,Semiurban,N
LP004709,Male,No,1,Graduate,No,2779,0.0,42.0,360.0,1.0,Rural,Y
LP004710,Male,Yes,1,Graduate,No,11595,910.0,297.0,360.0,1.0,Rural,Y
LP004711,Female,Yes,2,Graduate,No,4126,2466.0,109.0,360.0,1.0,Urban,Y
LP004712,Male,No,1,Graduate,No,5276,0.0,154.0,360.0,1.0,Urban,Y
LP004713,Male,Yes,1,Graduate,No,2762,2020.0,165.0,360.0,1.0,Rural,Y
LP004714,Male,Yes,1,Graduate,No,8759,2369.0,346.0,360.0,1.0,Rural,Y
LP004715,Male,Yes,1,Graduate,No,6083,1465.0,154.0,360.0,1.0,Urban,Y
LP004716,Male,Yes,1,Not Graduate,No,2398,1671.0,84.0,360.0,0.0,Rural,N
LP004717,Male,Yes,2,Graduate,No,2390,2143.0,146.0,360.0,1.0,Rural,Y
LP004718,Female,No,0,Graduate,No,6059,0.0,186.0,360.0,0.0,Urban,N
LP004719,Male,No,0,Graduate,No,5363,0.0,177.0,360.0,1.0,Rural,Y
LP004720,Female,No,0,Graduate,No,4293,3238.0,165.0,360.0,1.0,Semiurban,Y
LP004721,Female,No,0,Not Graduate,No,7802,0.0,179.0,240.0,1.0,Semiurban,Y
LP004722,Male,Yes,0,Not Graduate,No,3217,878.0,101.0,360.0,0.0,Semiurban,N
LP004723,Male,Yes,0,Graduate,No,3362,0.0,83.0,480.0,1.0,Rural,Y
LP004724,Female,Yes,0,Graduate,No,1974,1804.0,99.0,360.0,1.0,Semiurban,Y
LP004725,Male,Yes,1,Not Graduate,No,2582,0.0,40.0,360.0,1.0,Semiurban,Y
LP004726,Male,No,0,Graduate,No,5806,898.0,209.0,360.0,1.0,Rural,Y
LP004727,Male,Yes,0,Graduate,Yes,1920,0.0,29.0,360.0,1.0,Semiurban,Y
LP004728,Female,No,0,Graduate,No,4342,0.0,145.0,360.0,1.0,Urban,Y
LP004729,Male,Yes,0,Graduate,No,3443,746.0,92.0,360.0,1.0,Rural,Y
LP004730,Male,Yes,1,Graduate,No,3325,1491.0,106.0,360.0,1.0,Semiurban,Y
LP004731,Male,Yes,1,Graduate,No,5455,2174.0,253.0,360.0,1.0,Semiurban,Y
LP004732,Male,Yes,0,Graduate,No,4488,0.0,116.0,360.0,1.0,Semiurban,Y
LP004733,Female,Yes,1,Not Graduate,No,3826,0.0,115.0,360.0,1.0,Semiurban,Y
LP004734,Female,No,0,Graduate,No,8391,0.0,254.0,360.0,1.0,Urban,Y
LP004735,Male,Yes,1,Graduate,Yes,2095,2202.0,117.0,180.0,1.0,Rural,Y
LP004736,Female,No,0,Graduate,No,2516,0.0,63.0,360.0,0.0,Semiurban,N
LP004737,Female,Yes,1,Graduate,Yes,2937,2238.0,172.0,480.0,0.0,Semiurban,N
LP004738,Male,Yes,0,Graduate,Yes,2974,1490.0,102.0,60.0,1.0,Urban,Y
LP004739,Male,Yes,1,Graduate,No,1118,2282.0,105.0,180.0,1.0,Urban,Y
LP004740,Male,No,0,Graduate,No,2953,0.0,102.0,360.0,1.0,Semiurban,Y
LP004741,Male,Yes,1,Not Graduate,No,8113,2421.0,220.0,360.0,1.0,Semiurban,Y
LP004742,Female,No,0,Graduate,No,1318,0.0,26.0,360.0,1.0,Urban,Y
LP004743,Male,Yes,0,Graduate,No,3342,1957.0,115.0,360.0,0.0,Rural,N
LP004744,Female,Yes,0,Graduate,No,1946,0.0,71.0,360.0,0.0,Urban,N
LP004745,Male,Yes,3+,Graduate,No,4303,1186.0,114.0,360.0,1.0,Semiurban,Y
LP004746,Female,Yes,2,Not Graduate,No,3030,0.0,130.0,360.0,1.0,Semiurban,Y
LP004747,Female,Yes,0,Not Graduate,No,4627,0.0,121.0,360.0,1.0,Rural,Y
LP004748,Male,Yes,2,Graduate,No,2209,3107.0,120.0,180.0,1.0,Rural,Y
LP004749,Male,Yes,0,Not Graduate,Yes,2583,1548.0,139.0,360.0,1.0,Semiurban,Y
LP004750,Male,No,0,Graduate,No,3755,0.0,78.0,360.0,1.0,Semiurban,Y
LP004751,Male,No,0,Graduate,No,12691,0.0,267.0,360.0,1.0,Urban,Y
LP004752,Male,Yes,3+,Graduate,No,2688,2385.0,155.0,360.0,1.0,Semiurban,Y
LP004753,Male,Yes,3+,Graduate,No,1543,3257.0,136.0,360.0,1.0,Urban,Y
LP004754,Male,Yes,1,Not Graduate,No,3515,1516.0,106.0,360.0,1.0,Rural,Y
LP004755,Male,No,0,Graduate,No,5846,2822.0,267.0,360.0,1.0,Semiurban,Y
LP004756,Male,Yes,0,Graduate,No,3599,1501.0,104.0,360.0,1.0,Rural,Y
LP004757,Male,Yes,2,Graduate,No,8025,1375.0,306.0,360.0,1.0,Urban,Y
LP004758,Male,Yes,0,Graduate,No,2661,1443.0,174.0,60.0,1.0,Semiurban,N
LP004759,Male,No,0,Graduate,No,3699,0.0,76.0,360.0,1.0,Rural,Y
LP004760,Male,Yes,1,Graduate,No,3603,2188.0,107.0,360.0,1.0,Rural,Y
LP004761,Male,Yes,2,Not Graduate,No,2854,789.0,155.0,360.0,1.0,Semiurban,Y
LP004762,Male,No,2,Graduate,No,3293,0.0,83.0,180.0,1.0,Rural,Y
LP004763,Female,Yes,0,Graduate,No,2371,2686.0,183.0,360.0,1.0,Semiurban,Y
LP004764,Male,Yes,2,Graduate,No,3198,1123.0,93.0,360.0,1.0,Semiurban,Y
LP004765,Male,Yes,1,Graduate,No,2569,0.0,80.0,360.0,0.0,Semiurban,N
LP004766,Male,No,0,Graduate,No,2035,5483.0,220.0,360.0,1.0,Urban,Y
LP004767,Female,Yes,0,Graduate,No,2371,0.0,52.0,360.0,1.0,Semiurban,Y
LP004768,Male,Yes,0,Graduate,No,2017,2672.0,84.0,360.0,0.0,Rural,N
LP004769,Male,No,0,Graduate,Yes,8436,1094.0,227.0,360.0,1.0,Rural,Y
LP004770,Male,Yes,0,Graduate,No,2464,1552.0,119.0,360.0,1.0,Urban,Y
LP004771,Male,No,0,Not Graduate,No,2078,1360.0,91.0,360.0,1.0,Urban,Y
LP004772,Female,Yes,0,Graduate,No,2571,1231.0,174.0,360.0,1.0,Urban,Y
LP004773,Male,Yes,3+,Graduate,No,4693,1351.0,127.0,360.0,1.0,Rural,Y
LP004774,Male,No,0,Graduate,No,5067,0.0,132.0,360.0,1.0,Rural,Y
LP004775,Male,Yes,1,Graduate,No,2375,1656.0,93.0,360.0,1.0,Semiurban,Y
LP004776,Male,Yes,1,Not Graduate,No,1415,852.0,76.0,360.0,0.0,Semiurban,N
LP004777,Male,Yes,0,Graduate,Yes,3947,704.0,145.0,84.0,1.0,Rural,Y
LP004778,Male,No,2,Not Graduate,No,1364,0.0,25.0,360.0,1.0,Semiurban,N
LP004779,Male,No,1,Graduate,No,2673,4600.0,178.0,360.0,1.0,Rural,Y
LP004780,Male,No,0,Graduate,No,7039,2362.0,261.0,360.0,1.0,Semiurban,Y
LP004781,Male,No,0,Graduate,No,3890,0.0,131.0,360.0,1.0,Urban,Y
LP004782,Male,No,2,Graduate,No,2139,0.0,35.0,360.0,1.0,Rural,Y
LP004783,Male,No,0,Graduate,No,2773,0.0,76.0,360.0,1.0,Semiurban,Y
LP004784,Female,Yes,2,Not Graduate,No,2544,1111.0,79.0,360.0,1.0,Urban,Y
LP004785,Female,Yes,0,Graduate,Yes,4354,1282.0,87.0,360.0,1.0,Rural,Y
LP004786,Male,No,0,Graduate,No,1534,0.0,35.0,360.0,1.0,Semiurban,Y
LP004787,Male,Yes,2,Graduate,No,2961,2151.0,221.0,480.0,1.0,Semiurban,Y
LP004788,Male,Yes,1,Graduate,No,8605,2453.0,334.0,360.0,1.0,Rural,Y
LP004789,Male,No,0,Graduate,No,1024,0.0,60.0,480.0,1.0,Semiurban,N
LP004790,Female,No,0,Graduate,No,5550,0.0,158.0,360.0,1.0,Rural,Y
LP004791,Male,Yes,0,Graduate,Yes,4731,2710.0,256.0,360.0,1.0,Rural,Y
LP004792,Female,Yes,0,Graduate,No,2043,1082.0,54.0,240.0,1.0,Urban,Y
LP004793,Male,Yes,0,Not Graduate,No,1000,2191.0,67.0,360.0,1.0,Urban,Y
LP004794,Male,No,0,Graduate,No,2517,0.0,85.0,360.0,1.0,Rural,Y
LP004795,Female,No,0,Graduate,No,2859,0.0,115.0,360.0,1.0,Rural,Y
LP004796,Male,No,0,Graduate,No,2718,0.0,45.0,360.0,1.0,Semiurban,Y
LP004797,Male,No,0,Not Graduate,Yes,3415,0.0,112.0,360.0,1.0,Urban,Y
LP004798,Male,Yes,0,Graduate,No,7094,1885.0,341.0,360.0,1.0,Urban,Y
LP004799,Male,Yes,3+,Graduate,No,2293,4620.0,181.0,360.0,0.0,Urban,N
LP004800,Female,No,0,Graduate,Yes,2952,1742.0,131.0,360.0,1.0,Rural,Y
LP004801,Male,Yes,0,Not Graduate,No,3292,1198.0,132.0,360.0,0.0,Urban,N
LP004802,Male,Yes,0,Graduate,No,5144,1900.0,154.0,300.0,1.0,Semiurban,Y
LP004803,Male,Yes,1,Not Graduate,No,1689,0.0,34.0,360.0,1.0,Semiurban,Y
LP004804,Male,Yes,0,Graduate,No,3321,1147.0,125.0,360.0,1.0,Rural,Y
LP004805,Male,Yes,1,Graduate,No,4406,4383.0,209.0,360.0,1.0,Urban,Y
LP004806,Male,Yes,0,Graduate,No,3519,2871.0,109.0,360.0,1.0,Rural,Y
LP004807,Male,Yes,0,Graduate,No,2081,3444.0,219.0,360.0,1.0,Rural,Y
LP004808,Male,Yes,1,Graduate,No,2241,3024.0,129.0,120.0,1.0,Urban,Y
LP004809,Male,Yes,0,Graduate,Yes,3112,1725.0,220.0,360.0,1.0,Rural,Y
LP004810,Male,Yes,0,Graduate,No,5455,2177.0,299.0,360.0,1.0,Semiurban,Y
LP004811,Male,Yes,0,Graduate,Yes,3391,2097.0,166.0,360.0,1.0,Rural,Y
LP004812,Male,Yes,0,Graduate,No,3953,1987.0,228.0,360.0,1.0,Rural,Y
LP004813,Male,Yes,0,Graduate,No,13673,3446.0,354.0,360.0,1.0,Semiurban,Y
LP004814,Male,Yes,1,Graduate,No,1404,0.0,34.0,360.0,1.0,Urban,N
LP004815,Male,No,1,Not Graduate,No,1932,0.0,43.0,360.0,1.0,Rural,Y
LP004816,Male,Yes,0,Graduate,No,3322,0.0,83.0,360.0,1.0,Urban,Y
LP004817,Female,Yes,3+,Not Graduate,No,2669,1706.0,96.0,360.0,1.0,Semiurban,Y
LP004818,Female,No,0,Graduate,No,4441,0.0,99.0,360.0,1.0,Semiurban,Y
LP004819,Male,Yes,2,Graduate,No,12027,1270.0,345.0,360.0,1.0,Semiurban,Y
LP004820,Female,Yes,0,Graduate,No,2311,0.0,55.0,360.0,0.0,Urban,N
LP004821,Male,Yes,0,Graduate,No,2912,0.0,82.0,360.0,1.0,Rural,Y
LP004822,Male,Yes,3+,Graduate,No,4312,0.0,143.0,360.0,1.0,Semiurban,Y
LP004823,Female,No,2,Graduate,No,4318,0.0,107.0,360.0,1.0,Semiurban,Y
LP004824,Male,Yes,3+,Graduate,No,3152,3347.0,227.0,360.0,1.0,Semiurban,Y
LP004825,Male,Yes,0,Graduate,No,1849,1350.0,88.0,360.0,0.0,Urban,N
LP004826,Female,Yes,2,Graduate,No,2935,0.0,87.0,360.0,1.0,Urban,Y
LP004827,Male,Yes,0,Graduate,No,2828,861.0,74.0,360.0,1.0,Urban,Y
LP004828,Female,No,1,Graduate,No,7626,1221.0,184.0,360.0,1.0,Urban,Y
LP004829,Male,No,0,Graduate,No,2457,2272.0,113.0,360.0,1.0,Semiurban,Y
LP004830,Female,Yes,2,Graduate,No,12573,1730.0,298.0,360.0,1.0,Urban,Y
LP004831,Male,Yes,0,Graduate,No,4194,1879.0,105.0,360.0,1.0,Urban,Y
LP004832,Female,Yes,0,Graduate,No,5148,1877.0,178.0,360.0,1.0,Semiurban,Y
LP004833,Male,Yes,0,Graduate,No,3140,1372.0,139.0,360.0,1.0,Urban,Y
LP004834,Male,Yes,3+,Graduate,No,3723,1379.0,138.0,360.0,1.0,Rural,Y
LP004835,Male,No,0,Graduate,No,2213,840.0,83.0,360.0,1.0,Semiurban,Y
LP004836,Male,Yes,0,Graduate,No,2985,1969.0,96.0,360.0,0.0,Urban,N
LP004837,Male,Yes,0,Graduate,No,2957,938.0,135.0,300.0,1.0,Rural,Y
LP004838,Male,Yes,2,Graduate,No,5195,0.0,117.0,240.0,1.0,Urban,Y
LP004839,Male,Yes,0,Not Graduate,No,5979,1817.0,178.0,360.0,1.0,Rural,Y
LP004840,Female,Yes,0,Graduate,No,3712,1121.0,140.0,360.0,1.0,Rural,Y
LP004841,Male,Yes,3+,Graduate,No,1325,0.0,45.0,360.0,1.0,Rural,N
LP004842,Male,Yes,0,Graduate,No,10605,0.0,175.0,360.0,1.0,Rural,Y
LP004843,Male,No,0,Graduate,No,8977,6038.0,371.0,360.0,1.0,Rural,Y
LP004844,Male,Yes,0,Graduate,Yes,6447,2790.0,301.0,360.0,1.0,Urban,Y
LP004845,Male,Yes,0,Not Graduate,No,3515,1363.0,119.0,360.0,1.0,Urban,Y
LP004846,Male,Yes,0,Graduate,No,4476,2181.0,176.0,360.0,1.0,Rural,Y
LP004847,Male,No,0,Graduate,No,3655,0.0,56.0,360.0,1.0,Urban,Y
LP004848,Male,Yes,1,Graduate,Yes,3063,0.0,76.0,360.0,1.0,Semiurban,Y
LP004849,Male,Yes,0,Graduate,No,3049,2223.0,206.0,360.0,0.0,Rural,N
LP004850,Male,Yes,0,Not Graduate,Yes,2627,536.0,78.0,300.0,1.0,Urban,Y
LP004851,Male,Yes,0,Graduate,No,4263,3058.0,218.0,360.0,1.0,Semiurban,Y
LP004852,Male,Yes,0,Graduate,Yes,1646,0.0,57.0,360.0,0.0,Rural,N
LP004853,Male,Yes,0,Graduate,No,4362,0.0,90.0,360.0,1.0,Urban,Y
LP004854,Female,No,0,Graduate,No,4820,1923.0,207.0,480.0,0.0,Urban,N
LP004855,Male,Yes,3+,Not Graduate,No,2798,0.0,66.0,360.0,1.0,Semiurban,Y
LP004856,Female,Yes,2,Graduate,No,3263,933.0,125.0,360.0,1.0,Semiurban,Y
LP004857,Male,Yes,1,Graduate,No,7393,0.0,194.0,360.0,1.0,Urban,Y
LP004858,Male,No,0,Graduate,No,4663,0.0,144.0,360.0,1.0,Semiurban,Y
LP004859,Male,Yes,0,Graduate,No,4660,0.0,132.0,360.0,1.0,Rural,Y
LP004860,Male,Yes,0,Graduate,No,6859,945.0,254.0,360.0,1.0,Semiurban,Y
LP004861,Female,No,1,Graduate,Yes,6239,587.0,227.0,360.0,1.0,Semiurban,Y
LP004862,Male,Yes,0,Graduate,No,9562,1007.0,440.0,180.0,1.0,Urban,Y
LP004863,Male,Yes,2,Graduate,No,3667,2862.0,195.0,360.0,1.0,Urban,Y
LP004864,Male,No,3+,Graduate,No,7204,0.0,330.0,360.0,1.0,Rural,Y
LP004865,Male,No,2,Not Graduate,No,2382,0.0,65.0,360.0,1.0,Rural,Y
LP004866,Female,No,0,Graduate,No,3184,0.0,171.0,360.0,1.0,Urban,Y
LP004867,Male,Yes,2,Graduate,No,2751,642.0,132.0,180.0,1.0,Rural,Y
LP004868,Male,Yes,1,Not Graduate,No,7088,1989.0,223.0,360.0,1.0,Semiurban,Y
LP004869,Male,No,0,Graduate,No,3831,887.0,138.0,360.0,1.0,Semiurban,Y
LP004870,Male,No,0,Graduate,No,6486,0.0,207.0,360.0,1.0,Semiurban,Y
LP004871,Male,Yes,0,Graduate,No,2579,2153.0,99.0,360.0,1.0,Urban,Y
LP004872,Male,Yes,1,Graduate,No,6197,2533.0,261.0,360.0,1.0,Semiurban,Y
LP004873,Female,Yes,3+,Graduate,No,3147,0.0,136.0,360.0,1.0,Rural,Y
LP004874,Male,Yes,1,Graduate,Yes,1767,1709.0,119.0,360.0,1.0,Urban,Y
LP004875,Male,Yes,0,Graduate,No,1928,0.0,51.0,360.0,1.0,Semiurban,Y
LP004876,Male,Yes,2,Graduate,Yes,7043,3583.0,185.0,360.0,1.0,Semiurban,Y
LP004877,Male,Yes,0,Not Graduate,No,4264,2205.0,139.0,360.0,1.0,Urban,Y
LP004878,Male,No,2,Graduate,No,3910,0.0,92.0,180.0,1.0,Urban,Y
LP004879,Male,Yes,0,Graduate,Yes,2228,881.0,53.0,360.0,1.0,Semiurban,Y
LP004880,Male,No,2,Not Graduate,No,3032,0.0,82.0,360.0,1.0,Urban,Y
LP004881,Male,Yes,0,Graduate,No,5397,960.0,187.0,360.0,1.0,Rural,Y
LP004882,Female,Yes,0,Graduate,No,1920,1197.0,90.0,360.0,1.0,Semiurban,Y
LP004883,Male,No,1,Not Graduate,Yes,2417,0.0,39.0,180.0,1.0,Semiurban,Y
LP004884,Female,Yes,0,Graduate,No,3733,817.0,107.0,360.0,1.0,Rural,Y
LP004885,Female,Yes,3+,Not Graduate,No,2108,1644.0,127.0,360.0,1.0,Rural,Y
LP004886,Male,Yes,0,Not Graduate,No,4665,1273.0,198.0,360.0,1.0,Semiurban,Y
LP004887,Male,No,3+,Not Graduate,No,4886,0.0,117.0,360.0,1.0,Rural,Y
LP004888,Male,Yes,0,Graduate,Yes,2289,1748.0,108.0,360.0,1.0,Urban,Y
LP004889,Male,Yes,2,Graduate,No,7767,783.0,197.0,360.0,1.0,Urban,Y
LP004890,Male,Yes,0,Graduate,Yes,4782,0.0,86.0,360.0,1.0,Urban,Y
LP004891,Male,No,0,Graduate,No,1824,1848.0,61.0,180.0,1.0,Urban,Y
LP004892,Male,Yes,0,Graduate,No,2321,4241.0,363.0,360.0,1.0,Semiurban,Y
LP004893,Male,Yes,0,Graduate,No,8921,861.0,215.0,360.0,1.0,Rural,Y
LP004894,Male,Yes,0,Graduate,No,3788,1343.0,156.0,360.0,1.0,Semiurban,Y
LP004895,Male,No,2,Graduate,No,3267,1641.0,92.0,180.0,0.0,Semiurban,N
LP004896,Male,Yes,1,Graduate,No,1894,2559.0,92.0,360.0,1.0,Semiurban,Y
LP004897,Male,No,0,Graduate,No,4494,0.0,115.0,360.0,1.0,Rural,Y
LP004898,Female,Yes,1,Graduate,Yes,3469,1795.0,133.0,360.0,1.0,Rural,Y
LP004899,Female,Yes,0,Not Graduate,Yes,1855,0.0,80.0,360.0,0.0,Urban,N
LP004900,Male,Yes,0,Graduate,No,2372,527.0,59.0,360.0,1.0,Rural,Y
LP004901,Female,No,2,Graduate,No,4334,555.0,184.0,360.0,1.0,Rural,Y
LP004902,Male,Yes,1,Not Graduate,No,5849,3652.0,292.0,360.0,0.0,Semiurban,N
LP004903,Female,Yes,2,Graduate,No,2667,0.0,91.0,360.0,1.0,Urban,Y
LP004904,Male,No,1,Graduate,No,7315,1990.0,210.0,360.0,1.0,Semiurban,Y
LP004905,Male,Yes,0,Graduate,No,3675,781.0,91.0,360.0,1.0,Urban,Y
LP004906,Male,No,0,Graduate,No,2985,0.0,61.0,360.0,1.0,Rural,Y
LP004907,Male,Yes,0,Graduate,No,1881,0.0,64.0,360.0,0.0,Rural,N
LP004908,Male,No,0,Graduate,No,3233,0.0,60.0,360.0,1.0,Urban,Y
LP004909,Male,Yes,0,Graduate,Yes,4023,2536.0,313.0,360.0,0.0,Semiurban,N
LP004910,Male,Yes,0,Graduate,No,2532,1817.0,141.0,360.0,1.0,Rural,Y
LP004911,Male,Yes,0,Graduate,No,9408,1785.0,246.0,360.0,1.0,Semiurban,Y
LP004912,Male,Yes,2,Not Graduate,No,4223,1587.0,191.0,360.0,1.0,Semiurban,Y
LP004913,Male,Yes,0,Graduate,No,2820,1211.0,135.0,360.0,0.0,Urban,N
LP004914,Female,Yes,0,Graduate,No,2497,955.0,84.0,360.0,1.0,Semiurban,Y
LP004915,Male,Yes,1,Graduate,No,8844,1081.0,259.0,360.0,0.0,Rural,N
LP004916,Female,Yes,1,Graduate,No,3567,0.0,80.0,360.0,1.0,Semiurban,Y
LP004917,Female,Yes,0,Graduate,No,2543,1881.0,149.0,360.0,1.0,Rural,Y
LP004918,Male,Yes,2,Graduate,No,3525,0.0,91.0,360.0,0.0,Rural,N
LP004919,Male,Yes,0,Not Graduate,No,3685,1258.0,143.0,360.0,1.0,Semiurban,Y
LP004920,Male,Yes,0,Graduate,No,4402,0.0,91.0,360.0,1.0,Semiurban,Y
LP004921,Male,Yes,2,Graduate,No,2931,0.0,85.0,360.0,0.0,Urban,N
LP004922,Female,Yes,1,Graduate,Yes,5369,1770.0,163.0,360.0,1.0,Rural,Y
LP004923,Male,Yes,2,Graduate,No,9618,860.0,320.0,180.0,1.0,Semiurban,Y
LP004924,Male,Yes,3+,Graduate,No,2847,0.0,80.0,360.0,1.0,Urban,Y
LP004925,Female,Yes,0,Graduate,No,3529,886.0,142.0,120.0,0.0,Rural,N
LP004926,Female,Yes,0,Graduate,No,10637,2193.0,305.0,360.0,0.0,Semiurban,N
LP004927,Female,No,1,Graduate,No,8176,0.0,322.0,360.0,1.0,Rural,Y
LP004928,Male,No,0,Graduate,Yes,2770,0.0,62.0,360.0,1.0,Semiurban,Y
LP004929,Male,No,1,Graduate,No,4159,0.0,134.0,360.0,1.0,Semiurban,Y
LP004930,Female,Yes,3+,Not Graduate,No,3842,1411.0,99.0,360.0,1.0,Rural,Y
LP004931,Male,No,0,Graduate,No,3938,0.0,83.0,360.0,1.0,Urban,Y
LP004932,Male,Yes,0,Not Graduate,No,2765,0.0,80.0,360.0,0.0,Semiurban,N
LP004933,Male,Yes,0,Graduate,No,3954,1197.0,118.0,360.0,1.0,Urban,Y
LP004934,Male,Yes,0,Not Graduate,No,5157,806.0,132.0,360.0,1.0,Semiurban,Y
LP004935,Male,Yes,2,Graduate,No,9125,711.0,319.0,360.0,1.0,Semiurban,Y
LP004936,Male,Yes,0,Graduate,No,3267,1144.0,139.0,360.0,1.0,Urban,Y
LP004937,Male,Yes,3+,Graduate,No,3337,1131.0,146.0,360.0,1.0,Semiurban,Y
LP004938,Male,No,0,Graduate,No,2850,0.0,90.0,360.0,1.0,Rural,Y
LP004939,Male,No,0,Graduate,No,4859,0.0,208.0,360.0,1.0,Urban,Y
LP004940,Male,No,0,Graduate,Yes,4495,0.0,148.0,360.0,1.0,Urban,Y
LP004941,Male,Yes,2,Graduate,No,6253,1913.0,242.0,360.0,0.0,Semiurban,N
LP004942,Male,No,0,Graduate,No,3880,0.0,125.0,300.0,1.0,Urban,Y
LP004943,Male,Yes,0,Graduate,No,8789,0.0,424.0,360.0,0.0,Semiurban,N
LP004944,Male,Yes,0,Not Graduate,No,1843,3550.0,145.0,180.0,1.0,Rural,Y
LP004945,Male,No,0,Graduate,No,6390,539.0,234.0,360.0,0.0,Urban,N
LP004946,Male,Yes,0,Graduate,Yes,4934,0.0,104.0,360.0,1.0,Semiurban,Y
LP004947,Male,No,0,Graduate,No,4104,0.0,129.0,360.0,1.0,Urban,Y
LP004948,Male,Yes,2,Graduate,No,3549,2543.0,126.0,240.0,1.0,Urban,Y
LP004949,Male,Yes,0,Graduate,No,5141,2439.0,186.0,360.0,1.0,Rural,Y
LP004950,Male,Yes,2,Graduate,No,2728,1665.0,200.0,360.0,1.0,Semiurban,Y
LP004951,Male,No,0,Graduate,No,3573,3252.0,230.0,360.0,1.0,Urban,Y
LP004952,Male,Yes,0,Graduate,No,3178,1265.0,110.0,360.0,0.0,Urban,N
LP004953,Male,No,0,Graduate,No,6299,0.0,183.0,360.0,1.0,Semiurban,Y
LP004954,Male,Yes,1,Not Graduate,No,4689,1622.0,196.0,180.0,0.0,Semiurban,N
LP004955,Male,Yes,1,Not Graduate,No,5199,2310.0,162.0,360.0,1.0,Semiurban,Y
LP004956,Male,Yes,0,Not Graduate,No,19954,1580.0,550.0,360.0,1.0,Semiurban,N
LP004957,Male,Yes,0,Graduate,No,5160,1451.0,274.0,360.0,1.0,Rural,Y
LP004958,Male,Yes,0,Graduate,Yes,2761,0.0,154.0,360.0,1.0,Semiurban,Y
LP004959,Female,No,3+,Graduate,No,2330,1976.0,143.0,360.0,1.0,Urban,Y
LP004960,Female,Yes,1,Graduate,No,2260,0.0,62.0,480.0,0.0,Urban,N
LP004961,Male,Yes,0,Graduate,No,8111,803.0,264.0,360.0,1.0,Rural,Y
LP004962,Male,Yes,1,Graduate,Yes,6330,1200.0,318.0,360.0,0.0,Rural,N
LP004963,Male,Yes,2,Graduate,Yes,3509,1566.0,131.0,360.0,1.0,Urban,Y
LP004964,Male,No,3+,Graduate,No,1416,0.0,60.0,360.0,1.0,Semiurban,N
LP004965,Female,No,0,Graduate,No,3215,0.0,56.0,360.0,1.0,Urban,Y
LP004966,Male,Yes,2,Graduate,No,3640,739.0,92.0,360.0,1.0,Semiurban,Y
LP004967,Male,Yes,0,Graduate,No,2850,1502.0,125.0,480.0,1.0,Rural,Y
LP004968,Male,No,0,Not Graduate,No,2086,0.0,68.0,360.0,0.0,Semiurban,N
LP004969,Male,No,1,Graduate,Yes,4401,0.0,154.0,360.0,0.0,Urban,N
LP004970,Male,Yes,2,Not Graduate,No,3562,814.0,119.0,360.0,1.0,Urban,Y
LP004971,Male,No,1,Graduate,No,5140,0.0,102.0,360.0,1.0,Semiurban,Y
LP004972,Male,No,0,Graduate,No,2871,1547.0,115.0,360.0,1.0,Semiurban,Y
LP004973,Male,Yes,0,Graduate,No,2751,0.0,61.0,360.0,1.0,Semiurban,Y
LP004974,Male,Yes,0,Graduate,No,5503,1231.0,183.0,360.0,1.0,Urban,Y
LP004975,Female,No,0,Graduate,No,3410,0.0,130.0,360.0,1.0,Rural,Y
LP004976,Male,No,3+,Graduate,No,1381,3367.0,128.0,360.0,0.0,Semiurban,N
LP004977,Male,No,0,Graduate,No,3377,3639.0,168.0,360.0,1.0,Urban,Y
LP004978,Male,Yes,1,Not Graduate,Yes,10125,671.0,328.0,180.0,1.0,Semiurban,Y
LP004979,Male,Yes,0,Graduate,Yes,3278,3700.0,404.0,360.0,1.0,Rural,Y
LP004980,Male,No,2,Graduate,No,5339,1099.0,112.0,360.0,1.0,Semiurban,Y
LP004981,Male,No,0,Not Graduate,No,9545,0.0,280.0,360.0,1.0,Rural,Y
LP004982,Male,No,1,Graduate,No,3520,0.0,106.0,360.0,1.0,Urban,Y
LP004983,Female,Yes,0,Graduate,No,3215,884.0,129.0,120.0,0.0,Urban,N
LP004984,Male,Yes,1,Graduate,No,5171,2385.0,251.0,360.0,0.0,Semiurban,N
LP004985,Male,Yes,0,Graduate,No,3216,1731.0,100.0,360.0,1.0,Semiurban,Y
LP004986,Male,No,2,Graduate,No,5701,0.0,165.0,360.0,1.0,Urban,Y
LP004987,Male,No,0,Graduate,No,3489,3329.0,200.0,360.0,1.0,Semiurban,Y
LP004988,Male,No,0,Not Graduate,No,4377,0.0,199.0,360.0,1.0,Semiurban,Y
LP004989,Male,Yes,0,Graduate,No,3276,1657.0,183.0,360.0,1.0,Semiurban,Y
LP004990,Male,No,2,Graduate,Yes,5656,0.0,183.0,360.0,1.0,Semiurban,Y
LP004991,Male,Yes,2,Graduate,No,3970,0.0,153.0,360.0,1.0,Semiurban,Y
LP004992,Male,Yes,2,Graduate,No,6220,1484.0,171.0,360.0,1.0,Semiurban,Y
LP004993,Male,Yes,2,Graduate,No,1645,866.0,58.0,360.0,0.0,Rural,N
LP004994,Female,Yes,2,Graduate,No,2437,4395.0,314.0,360.0,1.0,Urban,Y
LP004995,Male,Yes,0,Graduate,No,2704,1238.0,180.0,360.0,1.0,Urban,Y
LP004996,Male,Yes,1,Graduate,No,1318,802.0,83.0,360.0,1.0,Rural,Y
LP004997,Male,Yes,0,Graduate,No,2203,974.0,90.0,360.0,1.0,Urban,Y
LP004998,Male,Yes,0,Graduate,No,1366,1609.0,101.0,360.0,1.0,Semiurban,Y
LP004999,Male,Yes,3+,Graduate,No,1288,1857.0,69.0,360.0,1.0,Rural,Y
LP005000,Male,Yes,1,Graduate,No,5152,0.0,232.0,360.0,1.0,Rural,Y
LP005001,Male,No,0,Not Graduate,Yes,5799,0.0,194.0,180.0,1.0,Urban,Y
LP005002,Male,No,0,Graduate,No,2483,0.0,72.0,360.0,1.0,Semiurban,Y
LP005003,Male,No,1,Graduate,Yes,4999,0.0,140.0,360.0,1.0,Urban,Y
LP005004,Male,Yes,1,Not Graduate,No,6905,0.0,124.0,360.0,1.0,Rural,Y
LP005005,Male,No,1,Graduate,No,3914,0.0,80.0,360.0,1.0,Semiurban,Y
LP005006,Male,Yes,0,Graduate,No,2057,0.0,57.0,360.0,1.0,Urban,Y
LP005007,Male,No,0,Graduate,No,4630,0.0,87.0,360.0,1.0,Rural,Y
LP005008,Male,No,2,Graduate,No,4395,1174.0,231.0,180.0,1.0,Semiurban,Y
LP005009,Female,Yes,2,Graduate,No,4237,2183.0,217.0,360.0,1.0,Rural,Y
LP005010,Female,Yes,1,Not Graduate,No,2547,2351.0,97.0,360.0,1.0,Urban,Y
LP005011,Female,Yes,0,Graduate,No,4518,1211.0,147.0,360.0,1.0,Rural,Y
LP005012,Male,Yes,0,Graduate,No,1423,1894.0,97.0,240.0,1.0,Semiurban,Y
LP005013,Male,Yes,1,Graduate,No,2588,3135.0,177.0,360.0,1.0,Semiurban,Y
LP005014,Male,Yes,3+,Graduate,Yes,1509,0.0,36.0,360.0,1.0,Rural,N
LP005015,Female,No,1,Graduate,No,4125,0.0,158.0,360.0,1.0,Urban,Y
LP005016,Male,Yes,0,Graduate,No,4183,1307.0,182.0,360.0,1.0,Rural,Y
LP005017,Male,Yes,0,Graduate,No,1927,3336.0,173.0,360.0,1.0,Semiurban,Y
LP005018,Male,Yes,2,Graduate,No,3507,2672.0,212.0,360.0,0.0,Urban,N
LP005019,Male,Yes,0,Graduate,No,7994,5049.0,278.0,360.0,1.0,Rural,Y
LP005020,Male,No,0,Graduate,No,3318,1252.0,143.0,360.0,1.0,Semiurban,Y
LP005021,Male,Yes,0,Graduate,No,7765,2702.0,214.0,360.0,1.0,Rural,Y
LP005022,Male,Yes,2,Graduate,No,9175,2995.0,306.0,360.0,1.0,Rural,Y
LP005023,Male,Yes,3+,Graduate,No,2754,0.0,52.0,360.0,1.0,Semiurban,Y
LP005024,Male,Yes,0,Graduate,No,1965,0.0,42.0,180.0,1.0,Rural,Y
LP005025,Male,Yes,0,Graduate,Yes,4752,1187.0,104.0,360.0,1.0,Rural,Y
LP005026,Female,Yes,0,Graduate,Yes,10955,3624.0,355.0,360.0,1.0,Urban,Y
LP005027,Male,Yes,0,Graduate,Yes,3229,957.0,121.0,480.0,0.0,Semiurban,N
LP005028,Male,No,1,Graduate,No,3310,0.0,86.0,360.0,1.0,Rural,Y
LP005029,Female,Yes,0,Graduate,Yes,2377,2242.0,111.0,360.0,1.0,Semiurban,Y
LP005030,Male,Yes,3+,Graduate,No,1272,843.0,64.0,360.0,1.0,Semiurban,N
LP005031,Male,Yes,2,Graduate,No,3874,1039.0,168.0,180.0,1.0,Rural,Y
LP005032,Female,Yes,0,Graduate,No,4560,0.0,103.0,180.0,1.0,Semiurban,Y
LP005033,Male,Yes,2,Graduate,No,3893,0.0,160.0,360.0,1.0,Semiurban,Y
LP005034,Male,Yes,0,Graduate,No,1753,0.0,50.0,180.0,1.0,Semiurban,Y
LP005035,Male,Yes,1,Graduate,No,6131,1004.0,225.0,360.0,1.0,Semiurban,Y
LP005036,Male,Yes,0,Graduate,No,2480,0.0,74.0,360.0,0.0,Urban,N
LP005037,Male,Yes,0,Graduate,No,5222,2402.0,200.0,360.0,0.0,Semiurban,N
LP005038,Male,Yes,0,Graduate,No,12000,2465.0,366.0,360.0,1.0,Urban,Y
LP005039,Male,No,2,Not Graduate,Yes,4270,0.0,120.0,180.0,1.0,Urban,Y
LP005040,Male,Yes,3+,Graduate,No,2329,0.0,82.0,360.0,1.0,Semiurban,Y
LP005041,Female,Yes,0,Graduate,No,3519,1835.0,121.0,360.0,1.0,Urban,Y
LP005042,Male,Yes,0,Graduate,No,4672,1234.0,273.0,360.0,0.0,Rural,N
LP005043,Female,No,3+,Graduate,No,2726,0.0,63.0,360.0,1.0,Semiurban,Y
LP005044,Male,Yes,0,Graduate,No,2706,1106.0,185.0,360.0,1.0,Semiurban,Y
LP005045,Male,Yes,1,Graduate,No,2950,1612.0,140.0,360.0,1.0,Urban,Y
LP005046,Male,No,1,Not Graduate,No,2739,3431.0,150.0,360.0,0.0,Semiurban,N
LP005047,Male,Yes,0,Graduate,No,1083,1506.0,118.0,360.0,1.0,Urban,Y
LP005048,Male,Yes,2,Graduate,No,5427,2295.0,226.0,360.0,1.0,Urban,Y
LP005049,Male,Yes,0,Graduate,Yes,6279,1508.0,300.0,360.0,1.0,Rural,Y
LP005050,Male,Yes,3+,Graduate,No,5797,956.0,144.0,180.0,1.0,Semiurban,Y
LP005051,Male,No,0,Not Graduate,No,1801,0.0,38.0,360.0,1.0,Semiurban,Y
LP005052,Male,Yes,0,Graduate,Yes,3920,0.0,115.0,360.0,1.0,Urban,Y
LP005053,Male,Yes,2,Graduate,No,7877,958.0,225.0,360.0,1.0,Semiurban,Y
LP005054,Male,Yes,1,Graduate,No,6522,0.0,183.0,360.0,1.0,Semiurban,Y
LP005055,Male,No,0,Graduate,No,1550,1894.0,82.0,360.0,1.0,Semiurban,Y
LP005056,Female,Yes,1,Graduate,No,3441,1850.0,148.0,360.0,1.0,Semiurban,Y
LP005057,Male,No,0,Graduate,No,3713,0.0,98.0,360.0,0.0,Semiurban,N
LP005058,Male,Yes,0,Graduate,No,4020,0.0,115.0,360.0,1.0,Semiurban,Y
LP005059,Male,Yes,0,Graduate,No,7947,3508.0,235.0,360.0,1.0,Urban,Y
LP005060,Male,Yes,0,Not Graduate,No,1378,0.0,45.0,360.0,1.0,Semiurban,Y
LP005061,Male,Yes,3+,Not Graduate,No,6015,0.0,350.0,360.0,1.0,Urban,Y
LP005062,Male,No,3+,Not Graduate,Yes,4660,0.0,82.0,480.0,1.0,Rural,Y
LP005063,Male,Yes,1,Graduate,No,8524,0.0,246.0,360.0,1.0,Rural,Y
LP005064,Male,Yes,2,Graduate,No,4464,0.0,104.0,360.0,1.0,Semiurban,Y
LP005065,Male,Yes,3+,Graduate,No,3883,2262.0,210.0,180.0,1.0,Semiurban,Y
LP005066,Male,Yes,0,Not Graduate,Yes,2888,1548.0,111.0,180.0,1.0,Rural,Y
LP005067,Female,Yes,1,Graduate,No,3236,0.0,104.0,480.0,1.0,Semiurban,Y
LP005068,Male,No,2,Graduate,No,7073,0.0,161.0,360.0,0.0,Urban,N
LP005069,Female,Yes,2,Graduate,No,4941,3222.0,464.0,360.0,1.0,Semiurban,Y
LP005070,Male,Yes,0,Not Graduate,No,4514,1196.0,167.0,300.0,1.0,Semiurban,Y
LP005071,Male,Yes,0,Graduate,No,7370,267.0,297.0,360.0,1.0,Rural,Y
LP005072,Male,No,0,Not Graduate,Yes,2032,0.0,52.0,360.0,1.0,Semiurban,Y
LP005073,Male,Yes,2,Graduate,No,5435,1131.0,123.0,360.0,0.0,Semiurban,N
LP005074,Female,Yes,2,Graduate,No,4240,2076.0,118.0,360.0,0.0,Urban,N
LP005075,Male,Yes,0,Graduate,Yes,2836,975.0,128.0,360.0,1.0,Semiurban,Y
LP005076,Male,Yes,0,Graduate,No,3185,1933.0,99.0,360.0,1.0,Urban,Y
LP005077,Male,Yes,0,Graduate,No,2473,2919.0,186.0,360.0,1.0,Semiurban,Y
LP005078,Male,Yes,1,Not Graduate,Yes,7325,393.0,187.0,360.0,1.0,Rural,Y
LP005079,Male,No,0,Graduate,No,4137,0.0,197.0,360.0,1.0,Urban,Y
LP005080,Male,No,1,Graduate,No,2678,0.0,53.0,360.0,1.0,Urban,Y
LP005081,Female,Yes,2,Graduate,No,1544,961.0,54.0,360.0,1.0,Semiurban,Y
LP005082,Female,No,0,Not Graduate,No,4201,3249.0,325.0,360.0,1.0,Rural,Y
LP005083,Male,Yes,0,Graduate,No,2788,1179.0,121.0,360.0,1.0,Semiurban,Y
LP005084,Male,No,0,Graduate,No,9000,0.0,273.0,360.0,1.0,Semiurban,Y
LP005085,Male,Yes,1,Graduate,No,2168,1304.0,90.0,360.0,1.0,Semiurban,Y
LP005086,Male,Yes,2,Graduate,No,1431,2063.0,74.0,360.0,0.0,Semiurban,N
LP005087,Female,No,0,Not Graduate,No,4251,0.0,110.0,360.0,1.0,Semiurban,Y
LP005088,Male,Yes,0,Not Graduate,No,3333,2173.0,97.0,360.0,1.0,Semiurban,Y
LP005089,Male,Yes,1,Graduate,No,11554,3645.0,370.0,360.0,1.0,Semiurban,Y
LP005090,Female,Yes,2,Not Graduate,No,3361,0.0,101.0,360.0,0.0,Urban,N
LP005091,Male,No,0,Not Graduate,No,5972,0.0,127.0,360.0,0.0,Urban,N
LP005092,Male,No,1,Not Graduate,No,6102,0.0,283.0,360.0,1.0,Semiurban,Y
LP005093,Male,No,0,Graduate,No,3991,2901.0,285.0,360.0,1.0,Urban,Y
LP005094,Male,No,0,Graduate,No,2085,768.0,94.0,360.0,1.0,Rural,Y
LP005095,Male,No,0,Graduate,No,6608,0.0,346.0,360.0,1.0,Rural,Y
LP005096,Male,Yes,0,Graduate,No,3878,1755.0,99.0,360.0,1.0,Urban,Y
LP005097,Male,Yes,0,Graduate,No,4701,1244.0,154.0,360.0,1.0,Semiurban,Y
LP005098,Male,No,0,Graduate,No,6020,0.0,146.0,360.0,0.0,Semiurban,N
LP005099,Male,Yes,1,Graduate,No,3784,1341.0,116.0,360.0,1.0,Semiurban,Y
LP005100,Male,Yes,0,Graduate,Yes,6963,1520.0,266.0,360.0,1.0,Semiurban,Y
LP005101,Male,Yes,0,Graduate,No,9269,0.0,187.0,360.0,1.0,Semiurban,Y
LP005102,Male,Yes,0,Graduate,No,5773,938.0,188.0,480.0,1.0,Rural,Y
LP005103,Female,No,2,Graduate,Yes,4204,0.0,144.0,360.0,1.0,Semiurban,Y
LP005104,Male,Yes,2,Not Graduate,No,4823,2148.0,175.0,360.0,1.0,Semiurban,Y
LP005105,Male,No,2,Graduate,No,5395,1415.0,160.0,360.0,1.0,Rural,Y
LP005106,Male,No,1,Graduate,Yes,10104,1567.0,299.0,360.0,0.0,Urban,N
LP005107,Male,Yes,0,Not Graduate,No,6991,1387.0,286.0,300.0,1.0,Semiurban,Y
LP005108,Male,No,2,Graduate,No,6148,0.0,122.0,360.0,1.0,Rural,Y
LP005109,Male,Yes,3+,Graduate,No,3185,1941.0,107.0,180.0,0.0,Semiurban,N
LP005110,Female,Yes,1,Graduate,Yes,26445,774.0,550.0,360.0,1.0,Semiurban,N
LP005111,Male,No,0,Graduate,No,6812,1717.0,297.0,360.0,1.0,Semiurban,Y
LP005112,Male,Yes,0,Graduate,No,3210,2335.0,171.0,360.0,1.0,Semiurban,Y
LP005113,Male,Yes,0,Graduate,No,2297,2177.0,147.0,360.0,1.0,Semiurban,Y
LP005114,Male,Yes,0,Graduate,No,4929,1590.0,202.0,360.0,1.0,Urban,Y
LP005115,Male,No,0,Graduate,No,5166,0.0,179.0,360.0,1.0,Semiurban,Y
LP005116,Male,Yes,0,Graduate,No,3482,0.0,71.0,360.0,0.0,Rural,N
LP005117,Female,Yes,1,Graduate,No,4137,3575.0,152.0,360.0,1.0,Semiurban,Y
LP005118,Male,Yes,0,Graduate,No,6310,2484.0,255.0,360.0,0.0,Urban,N
LP005119,Male,Yes,0,Graduate,No,8869,0.0,285.0,360.0,1.0,Rural,Y
LP005120,Male,Yes,3+,Graduate,No,3435,0.0,113.0,360.0,0.0,Rural,N
LP005121,Male,Yes,0,Graduate,No,6095,992.0,221.0,360.0,1.0,Rural,Y
LP005122,Female,Yes,0,Not Graduate,No,5336,1864.0,225.0,360.0,1.0,Urban,Y
LP005123,Male,Yes,0,Graduate,Yes,2089,1603.0,84.0,360.0,1.0,Urban,Y
LP005124,Male,Yes,0,Graduate,No,2060,2970.0,172.0,360.0,1.0,Semiurban,Y
LP005125,Male,No,1,Graduate,No,6114,0.0,150.0,360.0,1.0,Rural,Y
LP005126,Male,No,2,Graduate,No,4308,0.0,105.0,360.0,1.0,Semiurban,Y
LP005127,Male,Yes,3+,Graduate,No,4332,2405.0,200.0,360.0,1.0,Semiurban,Y
LP005128,Male,Yes,0,Graduate,No,3086,1995.0,209.0,480.0,1.0,Semiurban,Y
LP005129,Male,Yes,1,Graduate,No,2574,0.0,66.0,360.0,1.0,Semiurban,Y
LP005130,Female,Yes,2,Graduate,Yes,3594,0.0,88.0,360.0,0.0,Urban,N
LP005131,Male,Yes,3+,Graduate,No,3960,2477.0,196.0,180.0,1.0,Rural,Y
LP005132,Male,Yes,1,Graduate,No,8774,1436.0,227.0,180.0,1.0,Semiurban,Y
LP005133,Male,No,0,Graduate,No,7491,1570.0,525.0,360.0,1.0,Urban,N
LP005134,Female,Yes,0,Graduate,No,2566,2583.0,165.0,360.0,0.0,Semiurban,N
LP005135,Male,No,2,Not Graduate,No,1928,0.0,97.0,180.0,1.0,Rural,N
LP005136,Female,No,0,Not Graduate,No,6331,0.0,129.0,60.0,1.0,Rural,Y
LP005137,Male,Yes,0,Graduate,No,3020,567.0,106.0,300.0,0.0,Urban,N
LP005138,Male,No,2,Graduate,Yes,2036,0.0,54.0,480.0,1.0,Rural,Y
LP005139,Female,Yes,0,Not Graduate,No,7673,0.0,406.0,360.0,1.0,Semiurban,Y
LP005140,Male,Yes,0,Graduate,No,4079,4754.0,356.0,360.0,1.0,Urban,Y
LP005141,Male,Yes,1,Graduate,No,2766,2025.0,107.0,360.0,1.0,Urban,Y
LP005142,Male,Yes,0,Graduate,No,3209,1177.0,88.0,360.0,0.0,Semiurban,N
LP005143,Male,No,3+,Graduate,No,7118,0.0,113.0,360.0,0.0,Urban,N
LP005144,Male,Yes,0,Graduate,No,1972,0.0,78.0,360.0,1.0,Urban,Y
LP005145,Male,Yes,0,Graduate,No,5861,0.0,162.0,180.0,1.0,Semiurban,Y
LP005146,Male,Yes,0,Graduate,No,6005,0.0,241.0,360.0,1.0,Semiurban,Y
LP005147,Male,No,1,Graduate,No,5295,0.0,123.0,360.0,1.0,Semiurban,Y
LP005148,Male,Yes,3+,Graduate,No,5079,0.0,177.0,360.0,1.0,Rural,Y
LP005149,Male,Yes,0,Not Graduate,No,2310,1931.0,139.0,360.0,1.0,Rural,Y
LP005150,Male,Yes,0,Not Graduate,No,3668,3101.0,184.0,360.0,1.0,Urban,Y
LP005151,Male,No,0,Graduate,Yes,2279,5090.0,240.0,360.0,1.0,Urban,Y
LP005152,Female,No,0,Graduate,No,4121,0.0,106.0,360.0,1.0,Urban,Y
LP005153,Male,Yes,0,Graduate,No,3498,2084.0,120.0,360.0,1.0,Semiurban,Y
LP005154,Male,Yes,1,Graduate,Yes,3666,773.0,146.0,360.0,1.0,Urban,Y
LP005155,Male,Yes,0,Graduate,No,2653,1859.0,107.0,360.0,1.0,Urban,Y
LP005156,Male,Yes,0,Not Graduate,No,4506,640.0,104.0,360.0,0.0,Rural,N
LP005157,Male,Yes,1,Graduate,No,2203,761.0,165.0,360.0,1.0,Semiurban,Y
LP005158,Male,Yes,3+,Not Graduate,Yes,7912,848.0,229.0,360.0,1.0,Semiurban,Y
LP005159,Male,Yes,1,Not Graduate,No,1614,766.0,66.0,360.0,1.0,Urban,Y
LP005160,Male,No,0,Graduate,No,6185,0.0,199.0,360.0,1.0,Rural,Y
LP005161,Male,Yes,0,Graduate,No,4263,829.0,205.0,480.0,0.0,Semiurban,N
LP005162,Male,No,0,Graduate,No,4539,0.0,117.0,180.0,1.0,Urban,Y
LP005163,Female,No,0,Graduate,No,7315,4854.0,288.0,360.0,1.0,Semiurban,Y
LP005164,Male,Yes,0,Graduate,No,4127,958.0,122.0,300.0,1.0,Semiurban,Y
LP005165,Male,Yes,2,Graduate,No,6308,0.0,135.0,360.0,0.0,Semiurban,N
LP005166,Female,No,0,Graduate,No,3597,0.0,101.0,360.0,1.0,Rural,Y
LP005167,Male,Yes,1,Graduate,No,1333,2660.0,95.0,360.0,1.0,Urban,Y
LP005168,Male,Yes,0,Graduate,No,5597,2786.0,193.0,360.0,1.0,Semiurban,Y
LP005169,Male,Yes,0,Graduate,No,3630,2993.0,162.0,360.0,1.0,Urban,Y
LP005170,Female,Yes,2,Graduate,No,2255,0.0,75.0,360.0,1.0,Urban,Y
LP005171,Male,Yes,0,Graduate,No,3419,3700.0,214.0,360.0,1.0,Urban,Y
LP005172,Male,No,0,Graduate,No,2833,0.0,111.0,180.0,0.0,Urban,N
LP005173,Male,Yes,2,Graduate,No,2899,0.0,63.0,360.0,0.0,Semiurban,N
LP005174,Male,Yes,2,Graduate,No,19676,0.0,500.0,360.0,0.0,Semiurban,N
LP005175,Male,No,2,Graduate,No,2568,0.0,56.0,360.0,1.0,Rural,Y
LP005176,Female,Yes,0,Graduate,No,3753,0.0,91.0,360.0,1.0,Urban,Y
LP005177,Male,No,0,Graduate,No,2380,0.0,47.0,360.0,1.0,Semiurban,Y
LP005178,Male,Yes,0,Graduate,No,2964,1285.0,76.0,360.0,1.0,Semiurban,Y
LP005179,Male,Yes,0,Graduate,No,1921,1596.0,84.0,360.0,1.0,Semiurban,Y
LP005180,Female,Yes,0,Graduate,No,5873,1005.0,206.0,360.0,1.0,Urban,Y
LP005181,Male,No,1,Not Graduate,No,1981,0.0,34.0,180.0,1.0,Urban,Y
LP005182,Male,Yes,0,Graduate,No,4987,7356.0,255.0,360.0,1.0,Rural,Y
LP005183,Female,No,2,Graduate,No,4920,464.0,90.0,360.0,1.0,Rural,Y
LP005184,Male,No,0,Graduate,No,3666,731.0,128.0,360.0,1.0,Semiurban,Y
LP005185,Male,Yes,0,Graduate,No,3846,0.0,139.0,360.0,1.0,Semiurban,Y
LP005186,Male,Yes,1,Graduate,Yes,3705,1506.0,103.0,360.0,1.0,Rural,Y
LP005187,Male,No,0,Graduate,No,4864,0.0,147.0,360.0,1.0,Rural,Y
LP005188,Male,Yes,0,Graduate,No,17116,0.0,550.0,360.0,1.0,Rural,N
LP005189,Male,Yes,0,Graduate,No,6594,422.0,188.0,360.0,1.0,Urban,Y
LP005190,Male,No,0,Graduate,No,2047,0.0,49.0,300.0,1.0,Rural,Y
LP005191,Male,No,2,Graduate,No,3569,0.0,88.0,360.0,1.0,Semiurban,Y
LP005192,Female,Yes,0,Graduate,No,2825,0.0,88.0,360.0,1.0,Semiurban,Y
LP005193,Male,Yes,0,Not Graduate,No,8754,0.0,265.0,360.0,0.0,Semiurban,N
LP005194,Male,No,1,Graduate,No,4772,0.0,100.0,360.0,0.0,Semiurban,N
LP005195,Male,No,1,Graduate,No,1949,0.0,57.0,360.0,1.0,Rural,Y
LP005196,Male,Yes,0,Not Graduate,No,8003,1644.0,261.0,360.0,1.0,Urban,Y
LP005197,Male,Yes,0,Graduate,No,9363,1928.0,264.0,360.0,1.0,Urban,Y
LP005198,Male,Yes,3+,Not Graduate,No,4579,2628.0,230.0,360.0,1.0,Semiurban,Y
LP005199,Male,Yes,3+,Graduate,No,4809,2682.0,122.0,360.0,1.0,Semiurban,Y
LP005200,Male,No,2,Not Graduate,No,3157,0.0,73.0,360.0,0.0,Urban,N
LP005201,Male,Yes,2,Graduate,Yes,6759,805.0,169.0,360.0,0.0,Semiurban,N
LP005202,Male,No,0,Graduate,No,3297,0.0,72.0,360.0,1.0,Semiurban,Y
LP005203,Female,Yes,0,Graduate,No,7928,454.0,228.0,360.0,1.0,Rural,Y
LP005204,Female,Yes,0,Graduate,No,2987,0.0,58.0,360.0,1.0,Urban,Y
LP005205,Female,No,0,Graduate,No,4538,1753.0,215.0,360.0,1.0,Urban,Y
LP005206,Male,No,0,Graduate,No,1417,2443.0,81.0,360.0,1.0,Semiurban,Y
LP005207,Male,Yes,1,Graduate,No,2499,1698.0,79.0,360.0,1.0,Semiurban,Y
LP005208,Male,Yes,3+,Graduate,No,13319,0.0,367.0,360.0,1.0,Urban,Y
LP005209,Female,Yes,0,Graduate,No,3524,2378.0,187.0,480.0,1.0,Rural,Y
LP005210,Male,Yes,0,Graduate,No,7215,1663.0,260.0,360.0,1.0,Rural,Y
LP005211,Male,Yes,3+,Graduate,No,7644,2121.0,214.0,360.0,1.0,Urban,Y
LP005212,Male,Yes,0,Not Graduate,No,3332,1897.0,143.0,84.0,1.0,Semiurban,Y
LP005213,Male,Yes,0,Graduate,No,3321,515.0,115.0,360.0,0.0,Semiurban,N
LP005214,Male,Yes,1,Graduate,No,7820,1055.0,219.0,180.0,1.0,Urban,Y
LP005215,Male,Yes,1,Graduate,No,2398,0.0,68.0,360.0,1.0,Semiurban,Y
LP005216,Male,Yes,0,Not Graduate,No,4935,1355.0,245.0,360.0,1.0,Semiurban,Y
LP005217,Male,No,0,Not Graduate,Yes,2310,1457.0,63.0,360.0,1.0,Semiurban,Y
LP005218,Male,Yes,0,Not Graduate,No,4342,0.0,149.0,360.0,0.0,Rural,N
LP005219,Male,Yes,3+,Graduate,No,4633,1894.0,263.0,360.0,1.0,Urban,Y
LP005220,Male,Yes,0,Graduate,No,1121,0.0,36.0,180.0,1.0,Semiurban,N
LP005221,Female,Yes,3+,Graduate,No,3575,1433.0,146.0,360.0,1.0,Semiurban,Y
LP005222,Female,Yes,2,Graduate,No,3985,1082.0,104.0,180.0,1.0,Urban,Y
LP005223,Male,Yes,0,Graduate,No,2510,949.0,72.0,360.0,1.0,Semiurban,Y
LP005224,Male,Yes,2,Graduate,No,5955,1447.0,124.0,360.0,1.0,Semiurban,Y
LP005225,Male,Yes,0,Not Graduate,No,8181,1051.0,345.0,360.0,1.0,Urban,Y
LP005226,Male,Yes,0,Not Graduate,No,2891,2142.0,128.0,360.0,0.0,Rural,N
LP005227,Female,No,2,Graduate,No,6489,0.0,134.0,360.0,1.0,Urban,Y
LP005228,Male,Yes,0,Graduate,No,1826,1704.0,115.0,360.0,1.0,Rural,Y
LP005229,Male,Yes,2,Graduate,No,2513,1513.0,130.0,360.0,1.0,Rural,Y
LP005230,Male,Yes,0,Not Graduate,No,2241,1307.0,118.0,360.0,1.0,Urban,Y
LP005231,Male,Yes,1,Graduate,No,3514,1258.0,164.0,360.0,1.0,Semiurban,Y
LP005232,Female,Yes,3+,Graduate,No,3905,0.0,84.0,360.0,0.0,Semiurban,N
LP005233,Male,Yes,2,Graduate,No,2433,2695.0,120.0,240.0,0.0,Semiurban,N
LP005234,Male,Yes,1,Not Graduate,No,3481,581.0,116.0,360.0,0.0,Urban,N
LP005235,Male,No,1,Not Graduate,No,6394,814.0,278.0,360.0,0.0,Semiurban,N
LP005236,Male,No,1,Graduate,No,3682,1396.0,122.0,360.0,1.0,Rural,Y
LP005237,Male,Yes,0,Graduate,Yes,2803,0.0,81.0,360.0,1.0,Rural,Y
LP005238,Female,No,1,Not Graduate,No,4558,0.0,113.0,360.0,1.0,Urban,Y
LP005239,Female,Yes,0,Not Graduate,Yes,4686,4125.0,198.0,360.0,1.0,Rural,Y
LP005240,Male,Yes,0,Not Graduate,No,2636,1880.0,94.0,360.0,1.0,Semiurban,Y
LP005241,Male,Yes,3+,Graduate,Yes,1142,4305.0,136.0,360.0,1.0,Urban,Y
LP005242,Male,No,0,Not Graduate,No,1623,0.0,48.0,360.0,1.0,Rural,Y
LP005243,Female,Yes,1,Not Graduate,No,1318,3162.0,147.0,300.0,1.0,Urban,Y
LP005244,Male,No,0,Graduate,No,1789,0.0,59.0,360.0,1.0,Urban,Y
LP005245,Male,No,1,Graduate,No,3921,0.0,101.0,360.0,1.0,Urban,Y
LP005246,Male,No,0,Not Graduate,Yes,1000,0.0,52.0,360.0,1.0,Semiurban,N
LP005247,Male,Yes,0,Graduate,No,5274,1518.0,146.0,360.0,0.0,Rural,N
LP005248,Male,Yes,0,Graduate,No,2842,1563.0,109.0,360.0,1.0,Urban,Y
LP005249,Male,Yes,0,Not Graduate,No,7904,0.0,162.0,360.0,1.0,Semiurban,Y
LP005250,Male,No,0,Graduate,No,4054,0.0,62.0,360.0,1.0,Semiurban,Y
LP005251,Male,No,1,Graduate,No,5893,0.0,153.0,360.0,1.0,Semiurban,Y
LP005252,Male,Yes,1,Graduate,No,2154,1372.0,88.0,360.0,1.0,Rural,Y
LP005253,Male,Yes,0,Graduate,No,3526,0.0,74.0,360.0,1.0,Rural,Y
LP005254,Male,Yes,0,Graduate,No,3574,2930.0,375.0,360.0,1.0,Semiurban,Y
LP005255,Male,Yes,2,Graduate,No,3845,0.0,105.0,120.0,1.0,Semiurban,Y
LP005256,Female,Yes,0,Graduate,No,6860,1970.0,272.0,180.0,1.0,Rural,Y
LP005257,Male,Yes,0,Not Graduate,No,8894,2375.0,229.0,360.0,1.0,Semiurban,Y
LP005258,Male,No,1,Graduate,No,2669,0.0,54.0,360.0,1.0,Semiurban,Y
LP005259,Female,Yes,0,Graduate,No,4216,1197.0,166.0,360.0,1.0,Urban,Y
LP005260,Male,No,0,Not Graduate,No,6030,0.0,255.0,180.0,1.0,Rural,Y
LP005261,Male,Yes,3+,Graduate,No,11344,1567.0,334.0,360.0,0.0,Rural,N
LP005262,Male,No,1,Graduate,No,4459,2163.0,210.0,360.0,1.0,Urban,Y
LP005263,Male,Yes,0,Graduate,No,7190,1572.0,285.0,360.0,1.0,Rural,Y
LP005264,Male,Yes,3+,Not Graduate,No,6224,2689.0,397.0,360.0,1.0,Semiurban,Y
LP005265,Male,No,0,Graduate,No,2955,0.0,102.0,360.0,1.0,Semiurban,Y
LP005266,Male,Yes,0,Graduate,No,2030,864.0,107.0,360.0,1.0,Urban,Y
LP005267,Male,Yes,0,Not Graduate,No,4604,0.0,75.0,360.0,0.0,Urban,N
LP005268,Male,No,3+,Graduate,No,1884,518.0,64.0,360.0,0.0,Semiurban,N
LP005269,Male,No,0,Graduate,No,6196,0.0,288.0,360.0,1.0,Urban,Y
LP005270,Female,Yes,0,Not Graduate,No,6331,0.0,172.0,360.0,1.0,Rural,Y
LP005271,Male,Yes,0,Graduate,No,4878,1826.0,173.0,360.0,1.0,Semiurban,Y
LP005272,Male,No,2,Graduate,No,3703,1582.0,107.0,360.0,1.0,Semiurban,Y
LP005273,Male,No,2,Graduate,No,2140,0.0,51.0,360.0,1.0,Urban,Y
LP005274,Male,Yes,0,Graduate,No,3133,2441.0,149.0,360.0,1.0,Rural,Y
LP005275,Male,No,0,Graduate,No,1957,0.0,77.0,360.0,1.0,Rural,Y
LP005276,Female,Yes,0,Not Graduate,Yes,1905,1624.0,73.0,360.0,1.0,Rural,Y
LP005277,Male,No,1,Graduate,No,3226,2671.0,186.0,360.0,1.0,Rural,Y
LP005278,Female,Yes,0,Graduate,No,4822,3809.0,215.0,360.0,1.0,Rural,Y
LP005279,Male,Yes,2,Graduate,Yes,1298,0.0,28.0,360.0,1.0,Urban,N
LP005280,Female,Yes,1,Graduate,No,9090,1058.0,263.0,360.0,1.0,Urban,Y
LP005281,Male,No,1,Graduate,No,4114,0.0,99.0,360.0,1.0,Semiurban,Y
LP005282,Male,Yes,1,Graduate,No,1595,0.0,35.0,360.0,1.0,Semiurban,Y
LP005283,Male,Yes,0,Graduate,No,5686,0.0,133.0,360.0,0.0,Urban,N
LP005284,Male,Yes,1,Graduate,No,9951,2038.0,282.0,180.0,1.0,Rural,Y
LP005285,Male,No,1,Graduate,No,5138,0.0,145.0,480.0,0.0,Rural,N
LP005286,Female,Yes,1,Not Graduate,No,4208,0.0,127.0,360.0,1.0,Rural,Y
LP005287,Female,Yes,3+,Graduate,No,5748,1930.0,160.0,360.0,0.0,Rural,N
LP005288,Male,Yes,0,Graduate,No,6313,1459.0,269.0,360.0,0.0,Rural,N
LP005289,Male,Yes,0,Graduate,No,3924,2170.0,194.0,360.0,1.0,Rural,Y
LP005290,Male,Yes,0,Not Graduate,No,7910,0.0,264.0,360.0,1.0,Semiurban,Y
LP005291,Male,Yes,0,Not Graduate,No,2998,1080.0,173.0,180.0,1.0,Urban,Y
LP005292,Male,No,0,Graduate,No,1234,2812.0,127.0,360.0,1.0,Rural,Y
LP005293,Female,No,0,Graduate,No,6035,0.0,168.0,180.0,1.0,Urban,Y
LP005294,Male,No,0,Graduate,No,1318,0.0,44.0,360.0,1.0,Semiurban,N
LP005295,Male,No,0,Graduate,No,4574,0.0,139.0,360.0,1.0,Rural,Y
LP005296,Male,Yes,0,Graduate,No,3383,1730.0,121.0,360.0,1.0,Rural,Y
LP005297,Male,Yes,2,Graduate,No,3054,5339.0,238.0,360.0,1.0,Rural,Y
LP005298,Male,No,0,Graduate,No,4879,1858.0,177.0,360.0,1.0,Rural,Y
LP005299,Male,No,2,Graduate,No,2299,0.0,35.0,360.0,1.0,Semiurban,Y
LP005300,Male,Yes,1,Graduate,No,2994,1778.0,222.0,360.0,1.0,Rural,Y
LP005301,Male,Yes,1,Graduate,Yes,10948,0.0,303.0,360.0,1.0,Rural,Y
LP005302,Female,Yes,1,Graduate,No,6698,1788.0,271.0,360.0,1.0,Semiurban,Y
LP005303,Female,Yes,3+,Graduate,No,3308,2956.0,228.0,360.0,1.0,Semiurban,Y
LP005304,Male,No,0,Graduate,No,2024,0.0,90.0,360.0,1.0,Urban,Y
LP005305,Male,No,3+,Graduate,Yes,8295,2450.0,251.0,360.0,1.0,Rural,Y
LP005306,Male,No,0,Graduate,Yes,5613,0.0,180.0,480.0,1.0,Urban,Y
LP005307,Male,Yes,0,Graduate,No,3673,2283.0,143.0,360.0,1.0,Semiurban,Y
LP005308,Male,Yes,0,Graduate,No,3142,2165.0,100.0,360.0,1.0,Semiurban,Y
LP005309,Female,Yes,0,Graduate,Yes,2607,2100.0,112.0,240.0,1.0,Urban,Y
LP005310,Male,No,0,Graduate,Yes,2266,2117.0,153.0,360.0,1.0,Semiurban,Y
LP005311,Male,No,0,Graduate,No,2257,2338.0,106.0,360.0,1.0,Semiurban,Y
LP005312,Male,No,3+,Graduate,No,3625,0.0,97.0,360.0,1.0,Urban,Y
LP005313,Female,Yes,0,Graduate,No,8041,1843.0,305.0,360.0,1.0,Urban,Y
LP005314,Male,Yes,2,Not Graduate,No,4475,1978.0,164.0,360.0,1.0,Rural,Y
LP005315,Male,No,0,Graduate,No,4378,0.0,147.0,360.0,1.0,Semiurban,Y
LP005316,Male,Yes,1,Graduate,No,5528,1541.0,147.0,360.0,1.0,Urban,Y
LP005317,Male,No,0,Graduate,No,1691,0.0,54.0,360.0,1.0,Semiurban,Y
LP005318,Male,No,0,Graduate,No,4591,0.0,115.0,360.0,1.0,Urban,Y
LP005319,Male,Yes,0,Graduate,No,1943,771.0,89.0,360.0,1.0,Semiurban,Y
LP005320,Female,No,0,Graduate,No,8780,0.0,286.0,480.0,1.0,Urban,Y
LP005321,Male,Yes,2,Graduate,Yes,4671,1576.0,95.0,480.0,0.0,Urban,N
LP005322,Male,No,1,Graduate,No,2186,0.0,55.0,360.0,1.0,Rural,Y
LP005323,Male,Yes,0,Graduate,Yes,6818,2502.0,225.0,360.0,1.0,Urban,Y
LP005324,Male,Yes,0,Graduate,Yes,2875,0.0,75.0,360.0,1.0,Urban,Y
LP005325,Male,No,1,Not Graduate,No,2831,0.0,70.0,360.0,1.0,Urban,Y
LP005326,Male,Yes,0,Graduate,Yes,6860,2359.0,170.0,360.0,1.0,Urban,Y
LP005327,Female,Yes,2,Not Graduate,No,6203,2345.0,239.0,360.0,0.0,Urban,N
LP005328,Male,Yes,0,Graduate,No,1242,4014.0,241.0,360.0,1.0,Urban,Y
LP005329,Male,Yes,1,Graduate,No,5592,1329.0,155.0,360.0,1.0,Rural,Y
LP005330,Male,No,2,Graduate,No,2878,7622.0,354.0,360.0,1.0,Urban,Y
LP005331,Male,Yes,0,Graduate,No,7505,2184.0,322.0,360.0,1.0,Semiurban,Y
LP005332,Male,No,0,Not Graduate,No,2396,0.0,79.0,360.0,1.0,Semiurban,Y
LP005333,Male,Yes,0,Graduate,Yes,4988,2788.0,312.0,360.0,1.0,Urban,Y
LP005334,Male,No,2,Not Graduate,No,3810,0.0,95.0,360.0,0.0,Urban,N
LP005335,Female,No,0,Graduate,No,3340,0.0,105.0,360.0,1.0,Semiurban,Y
LP005336,Male,Yes,2,Not Graduate,No,4329,662.0,96.0,360.0,1.0,Rural,Y
LP005337,Male,Yes,3+,Graduate,No,1326,0.0,22.0,360.0,1.0,Urban,N
LP005338,Male,Yes,0,Graduate,No,2298,1894.0,86.0,360.0,1.0,Rural,Y
LP005339,Female,No,0,Graduate,No,4056,0.0,124.0,180.0,1.0,Semiurban,Y
LP005340,Male,No,3+,Not Graduate,No,5208,0.0,183.0,480.0,1.0,Rural,Y
LP005341,Male,No,1,Graduate,No,4790,0.0,111.0,360.0,1.0,Semiurban,Y
LP005342,Female,Yes,0,Graduate,No,2822,0.0,45.0,360.0,1.0,Urban,Y
LP005343,Male,Yes,0,Not Graduate,No,3869,0.0,127.0,360.0,1.0,Semiurban,Y
LP005344,Female,No,0,Not Graduate,No,5156,0.0,151.0,360.0,1.0,Semiurban,Y
LP005345,Male,Yes,2,Not Graduate,No,5264,829.0,181.0,360.0,1.0,Rural,Y
LP005346,Male,No,0,Graduate,No,2442,0.0,67.0,480.0,1.0,Semiurban,Y
LP005347,Male,Yes,2,Graduate,No,3026,0.0,120.0,360.0,1.0,Urban,Y
LP005348,Male,Yes,2,Not Graduate,No,3340,2282.0,158.0,360.0,1.0,Semiurban,Y
LP005349,Male,Yes,0,Graduate,No,7034,1711.0,244.0,360.0,1.0,Rural,Y
LP005350,Male,Yes,0,Graduate,No,3887,714.0,139.0,360.0,1.0,Rural,Y
LP005351,Male,No,0,Graduate,No,2250,0.0,78.0,360.0,1.0,Urban,Y
LP005352,Male,No,1,Graduate,No,5352,0.0,141.0,360.0,1.0,Semiurban,Y
LP005353,Male,No,2,Not Graduate,No,4582,0.0,113.0,360.0,1.0,Rural,Y
LP005354,Female,Yes,0,Graduate,No,4944,3696.0,299.0,360.0,1.0,Semiurban,Y
LP005355,Male,Yes,1,Graduate,No,1892,2529.0,151.0,180.0,1.0,Semiurban,Y
LP005356,Male,Yes,0,Graduate,No,5238,1304.0,225.0,360.0,0.0,Urban,N
LP005357,Male,Yes,2,Graduate,No,5318,736.0,196.0,360.0,1.0,Semiurban,Y
LP005358,Male,No,2,Graduate,No,3768,0.0,64.0,360.0,1.0,Rural,Y
LP005359,Male,Yes,0,Graduate,No,8225,3104.0,247.0,360.0,1.0,Urban,Y
LP005360,Male,Yes,0,Graduate,No,1873,2571.0,145.0,360.0,1.0,Semiurban,Y
LP005361,Male,Yes,2,Graduate,No,7428,1584.0,307.0,360.0,1.0,Rural,Y
LP005362,Male,Yes,0,Graduate,No,6028,589.0,225.0,360.0,1.0,Rural,Y
LP005363,Male,No,2,Graduate,No,3721,0.0,135.0,360.0,1.0,Semiurban,Y
LP005364,Male,Yes,3+,Not Graduate,No,7078,1481.0,179.0,360.0,1.0,Rural,Y
LP005365,Male,Yes,0,Graduate,No,3223,0.0,65.0,360.0,1.0,Semiurban,Y
LP005366,Male,Yes,1,Not Graduate,No,4451,2021.0,123.0,180.0,1.0,Urban,Y
LP005367,Female,No,0,Graduate,Yes,4385,0.0,108.0,360.0,1.0,Rural,Y
LP005368,Male,Yes,2,Graduate,No,11304,450.0,395.0,360.0,1.0,Semiurban,Y
LP005369,Male,Yes,0,Graduate,No,3042,1961.0,101.0,360.0,1.0,Semiurban,Y
LP005370,Male,No,0,Graduate,No,5276,1933.0,111.0,360.0,1.0,Urban,Y
LP005371,Male,No,0,Graduate,No,1961,0.0,63.0,360.0,1.0,Rural,Y
LP005372,Male,Yes,3+,Graduate,No,3196,0.0,168.0,360.0,1.0,Semiurban,Y
LP005373,Male,Yes,2,Graduate,No,1882,1595.0,132.0,480.0,1.0,Semiurban,Y
LP005374,Female,Yes,0,Graduate,Yes,7241,1093.0,190.0,360.0,1.0,Rural,Y
LP005375,Male,Yes,0,Graduate,No,2094,2081.0,78.0,360.0,1.0,Urban,Y
LP005376,Male,Yes,2,Graduate,No,1827,711.0,79.0,360.0,1.0,Semiurban,Y
LP005377,Male,Yes,0,Graduate,Yes,7707,1912.0,251.0,360.0,0.0,Urban,N
LP005378,Male,Yes,0,Not Graduate,No,2824,0.0,71.0,180.0,1.0,Semiurban,Y
LP005379,Male,Yes,0,Graduate,No,4703,0.0,107.0,360.0,1.0,Urban,Y
LP005380,Male,Yes,1,Graduate,No,2437,0.0,103.0,360.0,1.0,Rural,Y
LP005381,Male,Yes,0,Graduate,Yes,2570,767.0,74.0,360.0,0.0,Semiurban,N
LP005382,Male,Yes,2,Graduate,No,2719,1792.0,98.0,360.0,1.0,Urban,Y
LP005383,Male,Yes,0,Graduate,No,4236,0.0,122.0,180.0,1.0,Rural,Y
LP005384,Male,Yes,0,Graduate,Yes,2930,1633.0,111.0,360.0,1.0,Semiurban,Y
LP005385,Male,No,3+,Graduate,No,4275,0.0,85.0,360.0,1.0,Semiurban,Y
LP005386,Male,Yes,0,Graduate,No,1967,1760.0,85.0,360.0,1.0,Semiurban,Y
LP005387,Male,No,0,Graduate,No,2932,1132.0,81.0,360.0,0.0,Urban,N
LP005388,Male,Yes,2,Not Graduate,No,11052,796.0,290.0,360.0,1.0,Rural,Y
LP005389,Male,No,0,Graduate,No,2710,0.0,83.0,360.0,1.0,Semiurban,Y
LP005390,Male,No,0,Graduate,No,3949,1345.0,131.0,180.0,1.0,Semiurban,Y
LP005391,Male,Yes,3+,Graduate,No,2743,821.0,69.0,360.0,0.0,Rural,N
LP005392,Female,Yes,1,Graduate,No,3012,1016.0,74.0,360.0,1.0,Semiurban,Y
LP005393,Male,Yes,1,Graduate,No,1619,3514.0,117.0,360.0,0.0,Semiurban,N
LP005394,Male,Yes,0,Graduate,No,2065,0.0,65.0,360.0,1.0,Urban,Y
LP005395,Male,Yes,2,Graduate,No,1000,0.0,17.0,360.0,0.0,Semiurban,N
LP005396,Male,Yes,0,Graduate,No,6400,2114.0,171.0,360.0,0.0,Rural,N
LP005397,Female,Yes,2,Graduate,No,3429,1368.0,127.0,180.0,1.0,Semiurban,Y
LP005398,Male,Yes,0,Graduate,Yes,1045,815.0,76.0,360.0,1.0,Semiurban,Y
LP005399,Female,Yes,1,Graduate,No,1871,661.0,72.0,360.0,1.0,Semiurban,Y
LP005400,Male,Yes,0,Not Graduate,No,8314,748.0,244.0,180.0,1.0,Urban,Y
LP005401,Male,No,3+,Graduate,Yes,2390,0.0,49.0,360.0,0.0,Rural,N
LP005402,Male,Yes,0,Graduate,No,2685,1000.0,98.0,360.0,1.0,Rural,Y
LP005403,Male,Yes,0,Graduate,No,12744,2129.0,474.0,360.0,1.0,Urban,Y
LP005404,Male,No,0,Graduate,Yes,1905,0.0,85.0,360.0,1.0,Rural,Y
LP005405,Male,Yes,0,Graduate,No,6279,2598.0,229.0,360.0,1.0,Urban,Y
LP005406,Male,No,1,Graduate,No,2891,0.0,73.0,300.0,1.0,Semiurban,Y
LP005407,Male,Yes,0,Graduate,No,4002,0.0,132.0,360.0,1.0,Rural,Y
LP005408,Male,Yes,3+,Not Graduate,No,1902,817.0,55.0,84.0,1.0,Urban,N
LP005409,Male,Yes,0,Not Graduate,Yes,3419,1506.0,167.0,360.0,1.0,Semiurban,Y
LP005410,Male,No,0,Graduate,No,3451,3255.0,184.0,180.0,0.0,Semiurban,N
LP005411,Female,No,1,Graduate,Yes,4017,0.0,61.0,180.0,1.0,Rural,Y
LP005412,Male,No,2,Graduate,No,4586,0.0,122.0,360.0,1.0,Urban,Y
LP005413,Male,Yes,0,Graduate,No,2765,1381.0,119.0,180.0,1.0,Urban,Y
LP005414,Male,No,0,Graduate,Yes,3751,0.0,92.0,360.0,1.0,Rural,Y
LP005415,Male,Yes,0,Graduate,No,4394,2356.0,172.0,360.0,1.0,Urban,Y
LP005416,Male,Yes,0,Graduate,No,3650,1329.0,154.0,360.0,0.0,Rural,N
LP005417,Male,No,0,Graduate,Yes,3301,0.0,87.0,360.0,1.0,Urban,Y
LP005418,Male,Yes,2,Graduate,Yes,3530,0.0,100.0,360.0,1.0,Urban,Y
LP005419,Male,Yes,0,Graduate,No,2649,6722.0,309.0,360.0,1.0,Semiurban,Y
LP005420,Female,Yes,0,Graduate,No,4118,1391.0,192.0,360.0,1.0,Urban,Y
LP005421,Male,Yes,0,Graduate,No,6103,0.0,178.0,360.0,1.0,Semiurban,Y
LP005422,Male,No,2,Not Graduate,No,5212,0.0,143.0,240.0,1.0,Rural,Y
LP005423,Male,Yes,0,Graduate,No,1364,2854.0,166.0,360.0,1.0,Urban,Y
LP005424,Male,Yes,0,Graduate,No,1821,651.0,83.0,360.0,0.0,Semiurban,N
LP005425,Female,No,0,Not Graduate,No,3852,0.0,125.0,360.0,1.0,Urban,Y
LP005426,Male,Yes,0,Graduate,No,3703,937.0,120.0,360.0,1.0,Semiurban,Y
LP005427,Female,No,0,Not Graduate,No,2497,0.0,65.0,360.0,1.0,Rural,Y
LP005428,Male,Yes,0,Not Graduate,No,2652,1950.0,142.0,360.0,1.0,Semiurban,Y
LP005429,Female,Yes,2,Graduate,No,1852,0.0,64.0,360.0,1.0,Rural,Y
LP005430,Male,Yes,0,Not Graduate,No,1721,2134.0,94.0,300.0,1.0,Rural,Y
LP005431,Female,Yes,0,Graduate,No,7273,2530.0,342.0,360.0,1.0,Semiurban,Y
LP005432,Male,No,0,Graduate,No,3545,0.0,90.0,360.0,1.0,Rural,Y
LP005433,Male,Yes,2,Graduate,No,3960,1392.0,128.0,360.0,1.0,Urban,Y
LP005434,Male,Yes,1,Graduate,No,2432,3207.0,106.0,360.0,1.0,Urban,Y
LP005435,Male,No,0,Graduate,No,7501,0.0,137.0,360.0,1.0,Rural,Y
LP005436,Male,No,3+,Not Graduate,No,3045,1976.0,136.0,84.0,1.0,Semiurban,Y
LP005437,Male,Yes,0,Graduate,No,3212,1703.0,163.0,360.0,1.0,Semiurban,Y
LP005438,Male,Yes,1,Graduate,No,5183,1622.0,282.0,360.0,0.0,Urban,N
LP005439,Male,Yes,1,Graduate,No,4370,1864.0,163.0,360.0,1.0,Semiurban,Y
LP005440,Male,Yes,0,Graduate,No,3322,1206.0,135.0,360.0,1.0,Semiurban,Y
LP005441,Male,Yes,2,Graduate,No,2472,595.0,76.0,360.0,1.0,Rural,Y
LP005442,Male,Yes,2,Graduate,No,2226,1293.0,55.0,360.0,0.0,Urban,N
LP005443,Male,Yes,3+,Graduate,No,4345,1237.0,88.0,360.0,1.0,Rural,Y
LP005444,Male,No,0,Graduate,Yes,5118,1383.0,189.0,360.0,1.0,Semiurban,Y
LP005445,Female,No,0,Graduate,No,3752,0.0,124.0,360.0,1.0,Semiurban,Y
LP005446,Male,Yes,0,Graduate,Yes,1831,667.0,63.0,360.0,1.0,Urban,Y
LP005447,Male,Yes,1,Graduate,No,5528,691.0,122.0,360.0,1.0,Rural,Y
LP005448,Male,Yes,2,Graduate,No,3482,806.0,170.0,360.0,0.0,Semiurban,N
LP005449,Female,Yes,0,Graduate,No,8672,0.0,204.0,360.0,1.0,Semiurban,Y
LP005450,Male,Yes,0,Graduate,No,1707,0.0,51.0,360.0,1.0,Semiurban,Y
LP005451,Male,Yes,1,Graduate,No,3016,344.0,81.0,360.0,0.0,Urban,N
LP005452,Male,No,0,Graduate,No,3038,0.0,78.0,360.0,1.0,Rural,Y
LP005453,Male,Yes,0,Graduate,No,6177,0.0,207.0,360.0,1.0,Rural,Y
LP005454,Male,Yes,3+,Graduate,No,6065,1811.0,186.0,360.0,1.0,Rural,Y
LP005455,Male,Yes,0,Graduate,Yes,5516,2280.0,142.0,360.0,0.0,Semiurban,N
LP005456,Male,No,2,Graduate,Yes,1027,1190.0,52.0,360.0,1.0,Semiurban,Y
LP005457,Male,Yes,0,Graduate,No,3072,998.0,193.0,360.0,1.0,Semiurban,Y
LP005458,Male,No,2,Not Graduate,No,2459,0.0,58.0,360.0,0.0,Rural,N
LP005459,Male,Yes,1,Graduate,No,2799,1217.0,136.0,360.0,1.0,Urban,Y
LP005460,Male,Yes,2,Graduate,No,1788,2762.0,183.0,360.0,1.0,Semiurban,Y
LP005461,Male,Yes,0,Graduate,No,2842,1010.0,82.0,360.0,1.0,Semiurban,Y
LP005462,Female,Yes,1,Not Graduate,No,4312,0.0,112.0,360.0,1.0,Semiurban,Y
LP005463,Male,Yes,0,Graduate,No,2368,2048.0,135.0,360.0,1.0,Semiurban,Y
LP005464,Male,Yes,1,Graduate,No,7443,1371.0,389.0,360.0,1.0,Urban,Y
LP005465,Male,Yes,2,Graduate,No,3119,0.0,114.0,360.0,1.0,Rural,Y
LP005466,Male,Yes,3+,Graduate,No,5568,2219.0,193.0,180.0,1.0,Rural,Y
LP005467,Male,No,0,Graduate,No,1053,0.0,29.0,180.0,0.0,Semiurban,N
LP005468,Female,No,0,Graduate,No,7460,4373.0,367.0,360.0,1.0,Urban,Y
LP005469,Male,No,0,Graduate,No,7899,0.0,429.0,360.0,0.0,Semiurban,N
LP005470,Male,Yes,0,Graduate,No,5217,1123.0,209.0,360.0,1.0,Rural,Y
LP005471,Male,No,3+,Graduate,No,9772,0.0,199.0,360.0,1.0,Rural,Y
LP005472,Male,No,1,Graduate,No,1393,0.0,28.0,360.0,1.0,Semiurban,N
LP005473,Male,No,0,Graduate,No,1916,0.0,58.0,360.0,1.0,Semiurban,Y
LP005474,Female,No,0,Not Graduate,No,2328,0.0,57.0,360.0,1.0,Rural,Y
LP005475,Male,Yes,2,Graduate,No,2224,1744.0,130.0,360.0,1.0,Semiurban,Y
LP005476,Female,No,0,Graduate,No,2705,0.0,48.0,360.0,1.0,Semiurban,Y
LP005477,Male,Yes,2,Graduate,No,3613,1200.0,129.0,360.0,1.0,Semiurban,Y
LP005478,Female,Yes,0,Not Graduate,No,4189,2065.0,128.0,360.0,1.0,Urban,Y
LP005479,Male,No,0,Graduate,No,5396,0.0,113.0,360.0,1.0,Urban,Y
LP005480,Male,No,0,Graduate,No,1653,0.0,34.0,360.0,1.0,Urban,Y
LP005481,Male,Yes,3+,Graduate,No,6043,914.0,144.0,360.0,1.0,Urban,Y
LP005482,Male,Yes,0,Graduate,No,4139,3317.0,279.0,360.0,1.0,Urban,Y
LP005483,Male,Yes,2,Graduate,No,1000,1774.0,84.0,180.0,1.0,Urban,Y
LP005484,Male,No,1,Not Graduate,Yes,2767,980.0,126.0,360.0,1.0,Rural,Y
LP005485,Male,Yes,0,Not Graduate,No,2813,1277.0,79.0,360.0,1.0,Urban,Y
LP005486,Female,No,0,Not Graduate,No,3398,0.0,88.0,300.0,1.0,Rural,Y
LP005487,Male,Yes,0,Graduate,Yes,5679,1669.0,170.0,360.0,1.0,Rural,Y
LP005488,Male,Yes,1,Graduate,No,5284,571.0,180.0,180.0,1.0,Urban,Y
LP005489,Male,Yes,1,Not Graduate,No,3218,0.0,76.0,360.0,1.0,Rural,Y
LP005490,Female,Yes,0,Graduate,Yes,2313,3095.0,152.0,360.0,0.0,Semiurban,N
LP005491,Male,No,0,Not Graduate,No,2085,3264.0,160.0,360.0,1.0,Urban,Y
LP005492,Male,No,3+,Graduate,Yes,4607,0.0,106.0,360.0,1.0,Urban,Y
LP005493,Male,Yes,2,Not Graduate,No,3663,2103.0,149.0,180.0,1.0,Semiurban,Y
LP005494,Male,No,2,Graduate,No,2793,0.0,92.0,360.0,1.0,Semiurban,Y
LP005495,Female,Yes,1,Graduate,No,2501,2064.0,99.0,180.0,0.0,Rural,N
LP005496,Male,Yes,1,Not Graduate,No,4526,1234.0,188.0,360.0,1.0,Rural,Y
LP005497,Male,Yes,0,Graduate,No,3910,2468.0,218.0,360.0,1.0,Urban,Y
LP005498,Female,Yes,0,Graduate,No,3234,937.0,124.0,360.0,1.0,Urban,Y
LP005499,Female,No,1,Graduate,No,8165,0.0,284.0,360.0,0.0,Rural,N
LP005500,Male,Yes,0,Not Graduate,No,5100,0.0,131.0,60.0,1.0,Rural,N
LP005501,Male,Yes,0,Graduate,No,2982,1589.0,93.0,180.0,1.0,Rural,Y
LP005502,Female,Yes,0,Graduate,No,6496,2168.0,214.0,360.0,0.0,Semiurban,N
LP005503,Male,Yes,0,Graduate,No,4842,1590.0,135.0,360.0,1.0,Semiurban,Y
LP005504,Male,Yes,0,Graduate,No,3037,1056.0,180.0,360.0,0.0,Rural,N
LP005505,Male,Yes,1,Graduate,No,2589,1928.0,70.0,360.0,1.0,Semiurban,Y
LP005506,Male,Yes,0,Not Graduate,No,2692,1526.0,106.0,360.0,1.0,Semiurban,Y
LP005507,Male,No,0,Graduate,No,8417,0.0,219.0,180.0,1.0,Rural,Y
LP005508,Male,Yes,0,Graduate,No,2227,1880.0,74.0,360.0,1.0,Semiurban,Y
LP005509,Male,Yes,0,Graduate,No,10942,2153.0,337.0,360.0,1.0,Urban,Y
LP005510,Male,Yes,1,Graduate,No,2117,0.0,95.0,360.0,1.0,Semiurban,Y
LP005511,Female,No,2,Graduate,No,4560,2130.0,255.0,360.0,1.0,Urban,Y
LP005512,Male,Yes,1,Graduate,No,4708,4892.0,301.0,360.0,1.0,Rural,Y
LP005513,Male,No,1,Graduate,No,3802,0.0,59.0,360.0,1.0,Semiurban,Y
LP005514,Male,Yes,0,Graduate,No,2243,2786.0,127.0,360.0,1.0,Semiurban,Y
LP005515,Male,No,0,Graduate,No,3018,0.0,62.0,360.0,1.0,Rural,Y
LP005516,Male,Yes,0,Not Graduate,No,2748,2019.0,107.0,360.0,1.0,Urban,Y
LP005517,Male,No,3+,Graduate,No,2691,1343.0,114.0,360.0,1.0,Urban,Y
LP005518,Female,Yes,1,Not Graduate,Yes,5381,1056.0,153.0,360.0,1.0,Rural,Y
LP005519,Male,Yes,2,Graduate,No,4688,0.0,141.0,360.0,1.0,Semiurban,Y
LP005520,Female,No,0,Graduate,No,10384,0.0,271.0,360.0,0.0,Semiurban,N
LP005521,Male,Yes,0,Graduate,No,4491,1884.0,125.0,360.0,0.0,Urban,N
LP005522,Female,Yes,3+,Graduate,No,4208,911.0,110.0,360.0,1.0,Urban,Y
LP005523,Male,Yes,0,Graduate,No,3232,0.0,50.0,360.0,1.0,Urban,Y
LP005524,Male,Yes,0,Graduate,Yes,4521,0.0,180.0,360.0,1.0,Rural,Y
LP005525,Male,No,0,Graduate,No,1685,0.0,36.0,360.0,1.0,Semiurban,Y
LP005526,Male,Yes,2,Graduate,No,6703,2100.0,166.0,360.0,0.0,Rural,N
LP005527,Male,No,1,Graduate,No,2448,0.0,109.0,360.0,1.0,Urban,Y
LP005528,Male,No,0,Graduate,No,2195,1902.0,123.0,360.0,1.0,Semiurban,Y
LP005529,Male,No,0,Graduate,No,2320,0.0,53.0,360.0,1.0,Semiurban,Y
LP005530,Male,No,2,Graduate,No,11720,0.0,261.0,360.0,0.0,Semiurban,N
LP005531,Female,No,1,Graduate,No,3004,0.0,79.0,360.0,1.0,Rural,Y
LP005532,Male,Yes,0,Not Graduate,No,3024,1624.0,124.0,180.0,1.0,Rural,Y
LP005533,Male,Yes,2,Graduate,No,1479,0.0,32.0,360.0,1.0,Urban,N
LP005534,Male,No,0,Graduate,No,4079,0.0,112.0,360.0,1.0,Rural,Y
LP005535,Male,Yes,0,Graduate,No,5721,0.0,215.0,360.0,0.0,Urban,N
LP005536,Female,No,1,Graduate,No,5174,0.0,131.0,360.0,1.0,Urban,Y
LP005537,Male,No,0,Graduate,No,4795,0.0,144.0,360.0,1.0,Urban,Y
LP005538,Male,No,0,Graduate,No,8714,2110.0,325.0,360.0,1.0,Rural,Y
LP005539,Male,Yes,0,Graduate,No,4794,0.0,122.0,360.0,1.0,Semiurban,Y
LP005540,Female,Yes,0,Graduate,No,6392,0.0,149.0,360.0,0.0,Semiurban,N
LP005541,Male,No,2,Graduate,No,3891,0.0,93.0,360.0,1.0,Rural,Y
LP005542,Female,Yes,0,Not Graduate,No,2549,4259.0,197.0,180.0,0.0,Rural,N
LP005543,Male,Yes,0,Graduate,No,1426,1568.0,159.0,360.0,1.0,Rural,Y
LP005544,Male,No,2,Not Graduate,No,4213,0.0,147.0,360.0,1.0,Urban,Y
LP005545,Female,Yes,1,Graduate,No,2890,563.0,113.0,360.0,1.0,Urban,Y
LP005546,Male,Yes,2,Graduate,No,1424,544.0,87.0,360.0,1.0,Semiurban,Y
LP005547,Male,Yes,0,Graduate,No,3624,1166.0,160.0,360.0,1.0,Urban,Y
LP005548,Male,Yes,0,Graduate,No,4095,1570.0,157.0,360.0,0.0,Semiurban,N
LP005549,Male,Yes,2,Graduate,No,9263,0.0,283.0,360.0,1.0,Semiurban,Y
LP005550,Male,Yes,0,Graduate,No,1827,1151.0,60.0,360.0,1.0,Rural,Y
LP005551,Male,No,0,Graduate,Yes,10572,0.0,212.0,360.0,1.0,Semiurban,Y
LP005552,Male,Yes,0,Graduate,No,1829,2029.0,98.0,360.0,1.0,Urban,Y
LP005553,Male,Yes,0,Not Graduate,No,4376,781.0,223.0,120.0,1.0,Semiurban,Y
LP005554,Male,No,3+,Graduate,No,7623,0.0,315.0,360.0,0.0,Rural,N
LP005555,Male,No,0,Graduate,No,4566,0.0,72.0,360.0,1.0,Rural,Y
LP005556,Male,Yes,0,Graduate,No,2235,928.0,125.0,360.0,1.0,Semiurban,Y
LP005557,Male,No,0,Graduate,No,4896,2632.0,258.0,360.0,1.0,Rural,Y
LP005558,Male,No,2,Graduate,No,3459,0.0,162.0,360.0,1.0,Semiurban,Y
LP005559,Male,Yes,0,Graduate,Yes,6448,2223.0,238.0,360.0,1.0,Urban,Y
LP005560,Male,Yes,1,Graduate,No,6136,0.0,118.0,360.0,1.0,Semiurban,Y
LP005561,Male,No,0,Not Graduate,No,3097,0.0,77.0,180.0,1.0,Urban,Y
LP005562,Male,Yes,2,Graduate,No,3637,0.0,105.0,360.0,1.0,Urban,Y
LP005563,Male,No,0,Graduate,Yes,5584,853.0,146.0,180.0,0.0,Semiurban,N
LP005564,Male,Yes,0,Graduate,No,2117,3707.0,235.0,360.0,0.0,Semiurban,N
LP005565,Male,Yes,1,Not Graduate,No,2349,0.0,61.0,360.0,1.0,Semiurban,Y
LP005566,Male,Yes,0,Graduate,No,4369,1221.0,173.0,180.0,0.0,Urban,N
LP005567,Male,No,1,Graduate,No,2706,0.0,64.0,84.0,1.0,Semiurban,Y
LP005568,Male,No,1,Not Graduate,No,5472,0.0,188.0,360.0,1.0,Rural,Y
LP005569,Male,No,0,Graduate,Yes,19813,1961.0,520.0,360.0,1.0,Semiurban,N
LP005570,Male,Yes,2,Graduate,No,4568,2093.0,211.0,360.0,1.0,Rural,Y
LP005571,Male,No,0,Graduate,No,6353,1837.0,472.0,360.0,1.0,Urban,Y
LP005572,Male,No,2,Graduate,No,5811,1493.0,221.0,360.0,1.0,Semiurban,Y
LP005573,Female,Yes,0,Not Graduate,No,4096,3431.0,213.0,360.0,1.0,Urban,Y
LP005574,Male,No,0,Not Graduate,Yes,1101,0.0,23.0,480.0,1.0,Rural,N
LP005575,Male,No,0,Graduate,No,1476,0.0,59.0,360.0,1.0,Urban,Y
LP005576,Male,Yes,2,Graduate,No,3734,3867.0,244.0,360.0,1.0,Semiurban,Y
LP005577,Female,No,0,Graduate,Yes,4595,0.0,184.0,360.0,1.0,Semiurban,Y
LP005578,Male,Yes,0,Graduate,No,6160,0.0,97.0,360.0,0.0,Semiurban,N
LP005579,Male,Yes,0,Not Graduate,Yes,2610,0.0,75.0,360.0,1.0,Rural,Y
LP005580,Male,Yes,1,Graduate,No,6805,1416.0,223.0,480.0,1.0,Rural,Y
LP005581,Male,Yes,3+,Not Graduate,Yes,7027,2061.0,274.0,360.0,0.0,Urban,N
LP005582,Male,No,0,Graduate,No,3522,0.0,71.0,360.0,0.0,Rural,N
LP005583,Male,Yes,0,Not Graduate,No,3839,653.0,141.0,180.0,1.0,Semiurban,Y
LP005584,Male,Yes,0,Graduate,No,9699,829.0,304.0,360.0,1.0,Urban,Y
LP005585,Male,No,0,Not Graduate,No,4016,0.0,137.0,360.0,0.0,Urban,N
LP005586,Male,No,0,Graduate,No,6742,1120.0,229.0,360.0,1.0,Semiurban,Y
LP005587,Male,Yes,0,Not Graduate,No,7605,2071.0,323.0,360.0,1.0,Rural,Y
LP005588,Male,Yes,2,Not Graduate,No,2831,0.0,90.0,360.0,1.0,Semiurban,Y
LP005589,Female,No,1,Graduate,No,3410,0.0,111.0,360.0,0.0,Urban,N
LP005590,Male,Yes,3+,Not Graduate,No,1910,2104.0,93.0,360.0,1.0,Semiurban,Y
LP005591,Male,Yes,2,Graduate,No,11535,2239.0,438.0,360.0,0.0,Semiurban,N
LP005592,Male,Yes,1,Graduate,No,10338,2865.0,217.0,180.0,1.0,Semiurban,Y
LP005593,Male,Yes,2,Not Graduate,No,4862,0.0,202.0,360.0,1.0,Semiurban,Y
LP005594,Male,Yes,2,Graduate,Yes,4775,2048.0,201.0,360.0,1.0,Semiurban,Y
LP005595,Male,Yes,0,Graduate,No,1263,1187.0,63.0,360.0,1.0,Semiurban,Y
LP005596,Male,No,2,Graduate,No,4461,0.0,110.0,360.0,1.0,Semiurban,Y
LP005597,Male,Yes,0,Graduate,No,5009,1686.0,160.0,180.0,1.0,Semiurban,Y
LP005598,Male,Yes,0,Graduate,No,7179,2657.0,322.0,360.0,1.0,Semiurban,Y
LP005599,Male,No,0,Graduate,No,4222,0.0,155.0,360.0,1.0,Rural,Y
LP005600,Male,Yes,0,Graduate,No,1521,4613.0,194.0,360.0,1.0,Rural,Y
LP005601,Male,Yes,0,Not Graduate,No,3282,800.0,159.0,360.0,1.0,Urban,Y
LP005602,Female,No,0,Graduate,No,3416,1975.0,102.0,360.0,0.0,Rural,N
LP005603,Male,No,0,Graduate,No,2608,0.0,59.0,360.0,1.0,Semiurban,Y
LP005604,Male,Yes,1,Graduate,No,1731,0.0,47.0,360.0,1.0,Semiurban,Y
LP005605,Male,Yes,2,Graduate,No,4865,757.0,165.0,360.0,1.0,Semiurban,Y
LP005606,Male,Yes,0,Graduate,No,4882,0.0,115.0,480.0,1.0,Urban,Y
LP005607,Female,Yes,1,Graduate,No,1919,2932.0,128.0,360.0,1.0,Semiurban,Y
LP005608,Male,Yes,3+,Graduate,No,2277,2837.0,156.0,360.0,1.0,Rural,Y
LP005609,Female,Yes,0,Graduate,No,3593,3506.0,209.0,360.0,1.0,Urban,Y
LP005610,Male,Yes,0,Graduate,No,2897,2710.0,128.0,360.0,1.0,Rural,Y
LP005611,Male,Yes,0,Graduate,No,1000,394.0,45.0,360.0,1.0,Urban,Y
LP005612,Male,Yes,2,Not Graduate,Yes,2380,2515.0,123.0,300.0,1.0,Semiurban,Y
LP005613,Male,Yes,1,Graduate,No,9354,940.0,280.0,360.0,1.0,Urban,Y
LP005614,Male,No,0,Graduate,No,3449,0.0,92.0,360.0,1.0,Urban,Y
LP005615,Male,Yes,0,Graduate,No,2372,1103.0,112.0,180.0,0.0,Semiurban,N
LP005616,Male,Yes,2,Graduate,Yes,4040,1759.0,116.0,360.0,1.0,Rural,Y
LP005617,Male,No,0,Graduate,No,3963,0.0,149.0,180.0,0.0,Urban,N
LP005618,Male,No,3+,Graduate,No,4045,0.0,103.0,360.0,0.0,Urban,N
LP005619,Male,Yes,2,Graduate,No,2964,691.0,88.0,360.0,1.0,Semiurban,Y
LP005620,Male,Yes,3+,Graduate,No,3033,0.0,59.0,360.0,1.0,Urban,Y
LP005621,Male,No,0,Not Graduate,No,3904,1264.0,110.0,360.0,1.0,Urban,Y
LP005622,Male,Yes,2,Graduate,No,2816,0.0,57.0,360.0,0.0,Urban,N
LP005623,Male,No,0,Not Graduate,No,6129,0.0,280.0,360.0,1.0,Urban,Y
LP005624,Male,Yes,2,Graduate,No,3072,2960.0,119.0,360.0,1.0,Urban,Y
LP005625,Female,Yes,0,Graduate,Yes,3382,0.0,98.0,360.0,0.0,Semiurban,N
LP005626,Male,Yes,0,Graduate,No,6141,1483.0,234.0,360.0,1.0,Urban,Y
LP005627,Male,Yes,0,Graduate,No,5399,1954.0,182.0,360.0,1.0,Urban,Y
LP005628,Male,Yes,0,Graduate,Yes,3802,1522.0,123.0,360.0,1.0,Urban,Y
LP005629,Male,Yes,0,Graduate,Yes,2681,656.0,101.0,360.0,1.0,Urban,Y
LP005630,Male,Yes,0,Graduate,No,5313,0.0,145.0,360.0,1.0,Rural,Y
LP005631,Male,Yes,0,Graduate,No,5266,1421.0,176.0,360.0,1.0,Semiurban,Y
LP005632,Male,Yes,2,Graduate,No,3830,672.0,178.0,360.0,1.0,Urban,Y
LP005633,Female,No,2,Graduate,Yes,7691,0.0,237.0,360.0,1.0,Semiurban,Y
LP005634,Male,Yes,0,Graduate,No,2373,1396.0,91.0,300.0,1.0,Semiurban,Y
LP005635,Male,No,1,Graduate,No,3114,1697.0,162.0,360.0,1.0,Urban,Y
LP005636,Male,No,0,Graduate,No,4129,0.0,102.0,360.0,1.0,Rural,Y
LP005637,Male,No,1,Graduate,No,5800,0.0,205.0,300.0,1.0,Urban,Y
LP005638,Male,Yes,0,Not Graduate,No,2980,4784.0,155.0,180.0,1.0,Semiurban,Y
LP005639,Male,Yes,2,Graduate,No,2093,0.0,70.0,360.0,1.0,Semiurban,Y
LP005640,Male,No,1,Not Graduate,No,2874,0.0,62.0,360.0,1.0,Rural,Y
LP005641,Female,Yes,2,Not Graduate,Yes,6452,1030.0,199.0,360.0,1.0,Rural,Y
LP005642,Male,Yes,0,Graduate,No,2312,1153.0,82.0,360.0,1.0,Semiurban,Y
LP005643,Male,No,0,Graduate,No,1915,0.0,51.0,360.0,1.0,Urban,Y
LP005644,Male,No,3+,Not Graduate,Yes,3378,0.0,57.0,360.0,1.0,Semiurban,Y
LP005645,Male,Yes,1,Graduate,No,5000,4527.0,223.0,360.0,1.0,Semiurban,Y
LP005646,Male,No,1,Graduate,No,1519,0.0,52.0,360.0,1.0,Semiurban,N
LP005647,Male,No,0,Graduate,No,2885,0.0,166.0,360.0,1.0,Urban,Y
LP005648,Male,Yes,0,Graduate,Yes,2746,1603.0,250.0,180.0,0.0,Rural,N
LP005649,Male,No,3+,Graduate,Yes,3047,1635.0,134.0,360.0,1.0,Urban,Y
LP005650,Female,No,1,Graduate,Yes,6349,0.0,164.0,360.0,1.0,Rural,Y
LP005651,Male,Yes,1,Graduate,No,6194,1362.0,258.0,360.0,1.0,Urban,Y
LP005652,Male,No,1,Graduate,No,2458,0.0,50.0,360.0,1.0,Urban,Y
LP005653,Male,No,3+,Graduate,No,4471,0.0,135.0,360.0,1.0,Urban,Y
LP005654,Male,Yes,0,Not Graduate,No,6516,1153.0,148.0,360.0,1.0,Rural,Y
LP005655,Male,Yes,0,Not Graduate,No,3235,868.0,133.0,360.0,1.0,Semiurban,Y
LP005656,Male,No,1,Graduate,No,6292,0.0,125.0,360.0,0.0,Rural,N
LP005657,Female,Yes,0,Graduate,No,2804,918.0,130.0,360.0,1.0,Urban,Y
LP005658,Male,No,1,Not Graduate,No,5685,2748.0,227.0,360.0,1.0,Semiurban,Y
LP005659,Male,No,3+,Graduate,No,2963,0.0,56.0,360.0,0.0,Semiurban,N
LP005660,Female,No,2,Graduate,No,1000,0.0,16.0,360.0,1.0,Rural,N
LP005661,Female,Yes,1,Not Graduate,No,7150,0.0,139.0,360.0,1.0,Urban,Y
LP005662,Male,No,1,Not Graduate,Yes,8750,0.0,182.0,360.0,1.0,Rural,Y
LP005663,Female,No,3+,Graduate,No,1000,0.0,21.0,360.0,1.0,Rural,N
LP005664,Female,Yes,0,Graduate,No,4959,1274.0,192.0,180.0,1.0,Rural,Y
LP005665,Male,Yes,0,Graduate,No,2725,2336.0,121.0,360.0,1.0,Urban,Y
LP005666,Male,Yes,0,Graduate,No,4383,2163.0,135.0,360.0,1.0,Semiurban,Y
LP005667,Male,No,0,Graduate,No,1728,0.0,42.0,180.0,1.0,Semiurban,Y
LP005668,Male,Yes,3+,Graduate,No,13824,0.0,468.0,360.0,1.0,Semiurban,Y
LP005669,Male,Yes,1,Not Graduate,No,3720,2408.0,179.0,180.0,1.0,Semiurban,Y
LP005670,Male,Yes,0,Graduate,No,2819,2603.0,124.0,360.0,1.0,Semiurban,Y
LP005671,Male,Yes,2,Graduate,No,2135,2667.0,144.0,360.0,1.0,Urban,Y
LP005672,Male,Yes,0,Graduate,No,4224,1895.0,98.0,360.0,1.0,Rural,Y
LP005673,Male,No,2,Graduate,Yes,2843,0.0,43.0,360.0,1.0,Urban,Y
LP005674,Male,No,0,Graduate,No,5694,0.0,128.0,360.0,1.0,Semiurban,Y
LP005675,Male,Yes,0,Graduate,No,2475,1634.0,85.0,360.0,1.0,Semiurban,Y
LP005676,Male,No,0,Not Graduate,No,4861,0.0,95.0,360.0,0.0,Urban,N
LP005677,Male,Yes,0,Graduate,No,2470,5775.0,267.0,360.0,1.0,Urban,Y
LP005678,Male,Yes,0,Not Graduate,No,1000,2989.0,140.0,360.0,1.0,Urban,Y
LP005679,Male,No,0,Graduate,No,2942,0.0,71.0,360.0,1.0,Semiurban,Y
LP005680,Male,Yes,0,Graduate,No,3514,998.0,202.0,360.0,0.0,Urban,N
LP005681,Male,No,3+,Graduate,No,4813,1899.0,180.0,360.0,1.0,Rural,Y
LP005682,Male,Yes,0,Graduate,No,5617,4266.0,305.0,360.0,1.0,Rural,Y
LP005683,Female,Yes,0,Graduate,No,5365,3421.0,176.0,360.0,0.0,Urban,N
LP005684,Female,No,0,Graduate,Yes,2933,0.0,92.0,360.0,1.0,Urban,Y
LP005685,Male,Yes,2,Graduate,No,5463,1628.0,126.0,360.0,1.0,Rural,Y
LP005686,Male,Yes,0,Graduate,No,5723,2064.0,165.0,360.0,1.0,Rural,Y
LP005687,Female,No,2,Graduate,No,4259,1937.0,134.0,360.0,1.0,Semiurban,Y
LP005688,Male,Yes,1,Graduate,No,2094,3051.0,135.0,360.0,1.0,Semiurban,Y
LP005689,Male,Yes,0,Graduate,No,4885,1689.0,150.0,360.0,1.0,Urban,Y
LP005690,Male,No,1,Graduate,No,2486,0.0,52.0,180.0,1.0,Urban,Y
LP005691,Male,Yes,1,Not Graduate,Yes,1231,3479.0,124.0,360.0,1.0,Semiurban,Y
LP005692,Male,No,1,Graduate,No,4076,1193.0,108.0,360.0,1.0,Rural,Y
LP005693,Male,No,0,Graduate,No,2159,0.0,60.0,360.0,0.0,Rural,N
LP005694,Male,Yes,0,Graduate,No,2772,1149.0,108.0,360.0,1.0,Rural,Y
LP005695,Male,Yes,2,Graduate,No,2493,724.0,108.0,360.0,1.0,Rural,Y
LP005696,Male,No,3+,Graduate,No,4044,1000.0,162.0,360.0,1.0,Urban,Y
LP005697,Male,Yes,0,Graduate,No,3335,1301.0,139.0,360.0,1.0,Semiurban,Y
LP005698,Male,Yes,2,Graduate,No,2512,1745.0,131.0,300.0,1.0,Urban,Y
LP005699,Male,No,0,Graduate,No,7908,0.0,173.0,360.0,1.0,Semiurban,Y
LP005700,Male,Yes,0,Not Graduate,No,1057,1552.0,76.0,360.0,1.0,Rural,Y
LP005701,Female,Yes,1,Not Graduate,Yes,4129,1289.0,222.0,360.0,0.0,Urban,N
LP005702,Male,Yes,0,Graduate,No,2471,0.0,86.0,360.0,1.0,Semiurban,Y
LP005703,Male,Yes,2,Graduate,No,3689,1230.0,154.0,480.0,1.0,Semiurban,Y
LP005704,Male,Yes,1,Graduate,No,7550,1080.0,246.0,360.0,1.0,Semiurban,Y
LP005705,Male,No,0,Graduate,No,1728,0.0,36.0,360.0,1.0,Urban,Y
LP005706,Female,Yes,1,Graduate,No,5288,0.0,182.0,360.0,0.0,Semiurban,N
LP005707,Male,Yes,1,Not Graduate,No,2908,3921.0,135.0,480.0,1.0,Urban,Y
LP005708,Male,Yes,1,Graduate,No,3882,0.0,97.0,360.0,1.0,Urban,Y
LP005709,Male,No,2,Not Graduate,Yes,3230,3111.0,338.0,360.0,1.0,Rural,Y
LP005710,Male,No,2,Graduate,No,3353,1853.0,171.0,360.0,1.0,Rural,Y
LP005711,Male,Yes,0,Graduate,No,4896,2290.0,177.0,360.0,0.0,Urban,N
LP005712,Male,Yes,1,Graduate,No,3351,2641.0,187.0,360.0,1.0,Semiurban,Y
LP005713,Male,No,3+,Graduate,No,2316,0.0,76.0,180.0,0.0,Rural,N
LP005714,Male,Yes,0,Not Graduate,No,5309,0.0,110.0,360.0,1.0,Semiurban,Y
LP005715,Male,Yes,0,Graduate,No,6250,2180.0,304.0,360.0,1.0,Rural,Y
LP005716,Male,Yes,0,Graduate,No,9021,0.0,181.0,360.0,1.0,Urban,Y
LP005717,Female,Yes,1,Graduate,No,1918,1277.0,109.0,360.0,1.0,Semiurban,Y
LP005718,Male,No,1,Graduate,No,10601,0.0,253.0,360.0,1.0,Urban,Y
LP005719,Male,Yes,3+,Graduate,No,5438,659.0,106.0,360.0,1.0,Semiurban,Y
LP005720,Male,Yes,0,Graduate,No,2852,636.0,73.0,360.0,1.0,Semiurban,Y
LP005721,Male,No,0,Graduate,No,2235,0.0,56.0,360.0,1.0,Rural,Y
LP005722,Male,No,1,Graduate,No,3796,0.0,134.0,360.0,1.0,Urban,Y
LP005723,Male,Yes,2,Graduate,No,3962,0.0,85.0,360.0,1.0,Semiurban,Y
LP005724,Male,Yes,2,Graduate,No,2095,1758.0,104.0,360.0,1.0,Semiurban,Y
LP005725,Male,Yes,0,Graduate,No,6368,822.0,157.0,360.0,0.0,Urban,N
LP005726,Male,Yes,0,Graduate,No,7927,0.0,201.0,180.0,1.0,Semiurban,Y
LP005727,Female,No,2,Graduate,No,2626,0.0,62.0,360.0,1.0,Semiurban,Y
LP005728,Male,Yes,0,Graduate,No,10202,2244.0,429.0,360.0,1.0,Semiurban,Y
LP005729,Male,No,0,Graduate,Yes,4921,0.0,130.0,300.0,1.0,Semiurban,Y
LP005730,Male,Yes,0,Graduate,No,8234,0.0,282.0,360.0,1.0,Rural,Y
LP005731,Female,Yes,0,Graduate,No,3572,1698.0,161.0,360.0,1.0,Rural,Y
LP005732,Male,Yes,2,Graduate,No,2454,2147.0,123.0,360.0,1.0,Semiurban,Y
LP005733,Male,No,1,Not Graduate,Yes,4059,0.0,130.0,360.0,1.0,Semiurban,Y
LP005734,Male,No,2,Graduate,Yes,5072,0.0,112.0,360.0,1.0,Rural,Y
LP005735,Male,Yes,0,Graduate,No,3878,1408.0,116.0,360.0,1.0,Rural,Y
LP005736,Female,No,1,Graduate,No,3036,1176.0,160.0,360.0,1.0,Urban,Y
LP005737,Male,Yes,0,Not Graduate,No,3192,1264.0,142.0,360.0,1.0,Semiurban,Y
LP005738,Female,No,0,Graduate,No,3883,2822.0,292.0,360.0,1.0,Semiurban,Y
LP005739,Female,Yes,1,Graduate,Yes,4365,1091.0,86.0,360.0,1.0,Semiurban,Y
LP005740,Male,Yes,0,Graduate,No,2934,1658.0,69.0,180.0,0.0,Urban,N
LP005741,Female,No,0,Graduate,No,7190,0.0,167.0,360.0,1.0,Semiurban,Y
LP005742,Male,Yes,0,Not Graduate,No,5540,1575.0,179.0,360.0,1.0,Urban,Y
LP005743,Male,Yes,0,Graduate,No,5147,1657.0,153.0,360.0,1.0,Urban,Y
LP005744,Male,Yes,1,Graduate,No,3167,0.0,74.0,360.0,1.0,Semiurban,Y
LP005745,Male,No,3+,Not Graduate,No,3952,0.0,124.0,360.0,1.0,Rural,Y
LP005746,Male,Yes,0,Graduate,No,4343,0.0,121.0,360.0,0.0,Semiurban,N
LP005747,Male,Yes,2,Not Graduate,No,6972,1946.0,202.0,360.0,1.0,Urban,Y
LP005748,Female,Yes,0,Graduate,No,4039,0.0,164.0,180.0,1.0,Semiurban,Y
LP005749,Female,Yes,0,Graduate,Yes,3295,885.0,94.0,360.0,1.0,Rural,Y
LP005750,Male,No,0,Graduate,No,5943,0.0,148.0,360.0,1.0,Semiurban,Y
LP005751,Female,Yes,1,Graduate,No,9706,1036.0,362.0,360.0,0.0,Semiurban,N
LP005752,Male,Yes,2,Graduate,No,6642,0.0,239.0,360.0,1.0,Semiurban,Y
LP005753,Male,Yes,3+,Not Graduate,No,3421,1200.0,151.0,360.0,1.0,Rural,Y
LP005754,Male,No,0,Not Graduate,No,3446,0.0,86.0,360.0,1.0,Semiurban,Y
LP005755,Male,Yes,0,Not Graduate,Yes,5980,2978.0,236.0,360.0,1.0,Urban,Y
LP005756,Male,Yes,1,Graduate,Yes,5663,0.0,166.0,360.0,1.0,Rural,Y
LP005757,Male,Yes,0,Graduate,No,6988,2613.0,209.0,360.0,1.0,Urban,Y
LP005758,Male,No,0,Not Graduate,No,3198,0.0,81.0,360.0,1.0,Urban,Y
LP005759,Male,No,0,Graduate,No,4788,872.0,128.0,360.0,1.0,Rural,Y
LP005760,Male,No,0,Graduate,No,5485,1954.0,222.0,360.0,1.0,Rural,Y
LP005761,Female,No,1,Graduate,No,4547,0.0,158.0,360.0,1.0,Urban,Y
LP005762,Female,Yes,0,Graduate,No,9726,1522.0,333.0,360.0,0.0,Rural,N
LP005763,Male,Yes,0,Graduate,No,13118,1239.0,475.0,360.0,1.0,Semiurban,Y
LP005764,Female,Yes,1,Graduate,No,4541,1130.0,143.0,360.0,0.0,Urban,N
LP005765,Male,Yes,3+,Graduate,No,3514,0.0,116.0,360.0,1.0,Urban,Y
LP005766,Male,Yes,2,Not Graduate,No,2872,0.0,69.0,180.0,1.0,Semiurban,Y
LP005767,Male,No,2,Graduate,No,5991,0.0,173.0,360.0,1.0,Rural,Y
LP005768,Male,No,0,Graduate,No,1559,0.0,35.0,360.0,1.0,Urban,Y
LP005769,Male,No,0,Graduate,No,4325,0.0,87.0,360.0,1.0,Rural,Y
LP005770,Male,Yes,1,Graduate,No,2385,964.0,108.0,360.0,1.0,Semiurban,Y
LP005771,Male,No,2,Graduate,No,12874,0.0,550.0,360.0,1.0,Rural,N
LP005772,Male,Yes,3+,Graduate,No,3590,3625.0,289.0,360.0,0.0,Rural,N
LP005773,Male,Yes,2,Not Graduate,Yes,3585,4043.0,398.0,360.0,1.0,Semiurban,Y
LP005774,Male,Yes,0,Graduate,No,4824,1497.0,169.0,360.0,1.0,Urban,Y
LP005775,Female,No,2,Graduate,No,3526,448.0,132.0,360.0,1.0,Rural,Y
LP005776,Male,Yes,0,Not Graduate,No,1573,0.0,48.0,360.0,1.0,Semiurban,Y
LP005777,Male,Yes,0,Graduate,No,2608,1703.0,136.0,360.0,1.0,Semiurban,Y
LP005778,Male,No,1,Graduate,No,4337,0.0,124.0,480.0,1.0,Semiurban,Y
LP005779,Male,Yes,1,Graduate,No,5810,2749.0,172.0,360.0,0.0,Rural,N
LP005780,Male,Yes,2,Graduate,No,8228,2696.0,286.0,180.0,0.0,Rural,N
LP005781,Male,Yes,0,Not Graduate,No,2433,0.0,49.0,360.0,1.0,Semiurban,Y
LP005782,Male,Yes,1,Graduate,No,4823,2358.0,277.0,360.0,1.0,Semiurban,Y
LP005783,Male,Yes,2,Graduate,No,4588,0.0,95.0,180.0,1.0,Rural,Y
LP005784,Male,Yes,0,Graduate,No,3990,2107.0,136.0,360.0,1.0,Rural,Y
LP005785,Male,No,0,Not Graduate,No,2220,0.0,77.0,360.0,1.0,Urban,Y
LP005786,Male,Yes,0,Graduate,No,4858,1739.0,162.0,360.0,1.0,Semiurban,Y
LP005787,Male,No,2,Graduate,No,3822,0.0,147.0,360.0,0.0,Rural,N
LP005788,Male,No,0,Graduate,No,2370,0.0,84.0,360.0,1.0,Semiurban,Y
LP005789,Male,No,0,Graduate,No,5466,0.0,137.0,360.0,1.0,Rural,Y
LP005790,Male,Yes,2,Not Graduate,Yes,6140,809.0,178.0,300.0,1.0,Rural,Y
LP005791,Male,Yes,3+,Not Graduate,No,2880,2924.0,204.0,180.0,0.0,Semiurban,N
LP005792,Female,Yes,0,Graduate,No,2959,0.0,89.0,360.0,1.0,Semiurban,Y
LP005793,Male,Yes,0,Graduate,No,2909,0.0,68.0,360.0,1.0,Semiurban,Y
LP005794,Male,No,0,Not Graduate,No,4302,0.0,89.0,360.0,1.0,Semiurban,Y
LP005795,Male,No,2,Graduate,Yes,2102,1187.0,93.0,360.0,0.0,Urban,N
LP005796,Male,Yes,0,Graduate,No,3529,1125.0,130.0,300.0,1.0,Rural,Y
LP005797,Male,Yes,0,Graduate,No,1807,0.0,57.0,360.0,1.0,Semiurban,Y
LP005798,Male,No,0,Graduate,No,5796,0.0,253.0,180.0,0.0,Semiurban,N
LP005799,Male,Yes,1,Graduate,No,6163,1530.0,208.0,360.0,1.0,Urban,Y
LP005800,Male,No,0,Graduate,No,2173,0.0,60.0,480.0,1.0,Semiurban,Y
LP005801,Male,No,2,Graduate,No,5646,0.0,152.0,360.0,1.0,Rural,Y
LP005802,Male,Yes,0,Graduate,No,3305,0.0,81.0,480.0,1.0,Semiurban,Y
LP005803,Male,No,0,Graduate,Yes,8939,1165.0,236.0,360.0,0.0,Semiurban,N
LP005804,Female,No,2,Not Graduate,No,5557,0.0,176.0,360.0,1.0,Urban,Y
LP005805,Male,No,0,Not Graduate,Yes,1899,0.0,54.0,360.0,1.0,Semiurban,Y
LP005806,Male,Yes,2,Graduate,No,4392,0.0,105.0,360.0,1.0,Rural,Y
LP005807,Male,No,2,Not Graduate,No,2329,0.0,96.0,360.0,0.0,Rural,N
LP005808,Male,Yes,1,Not Graduate,No,2439,1107.0,105.0,360.0,1.0,Semiurban,Y
LP005809,Male,Yes,0,Graduate,No,3336,2577.0,171.0,360.0,1.0,Semiurban,Y
LP005810,Male,Yes,1,Graduate,No,1000,2258.0,112.0,360.0,1.0,Urban,Y
LP005811,Female,No,1,Graduate,No,3613,0.0,79.0,360.0,1.0,Semiurban,Y
LP005812,Male,No,3+,Not Graduate,No,1663,1031.0,63.0,360.0,1.0,Urban,Y
LP005813,Female,Yes,0,Graduate,Yes,5791,786.0,172.0,360.0,1.0,Semiurban,Y
LP005814,Male,Yes,2,Not Graduate,No,4959,1636.0,142.0,360.0,1.0,Semiurban,Y
LP005815,Male,Yes,0,Not Graduate,No,5106,0.0,111.0,360.0,1.0,Rural,Y
LP005816,Male,Yes,2,Graduate,Yes,4861,1003.0,100.0,360.0,1.0,Urban,Y
LP005817,Male,Yes,0,Graduate,No,2214,711.0,98.0,360.0,0.0,Rural,N
LP005818,Male,Yes,0,Not Graduate,No,3520,2271.0,183.0,360.0,1.0,Urban,Y
LP005819,Male,Yes,0,Graduate,No,8954,1753.0,361.0,360.0,1.0,Rural,Y
LP005820,Male,No,0,Graduate,No,3784,0.0,92.0,360.0,1.0,Rural,Y
LP005821,Male,Yes,0,Graduate,No,3973,2183.0,200.0,360.0,1.0,Semiurban,Y
LP005822,Male,No,0,Not Graduate,Yes,4035,0.0,100.0,360.0,1.0,Rural,Y
LP005823,Male,No,3+,Graduate,No,2727,0.0,93.0,360.0,1.0,Semiurban,Y
LP005824,Male,No,1,Not Graduate,No,2657,0.0,91.0,360.0,1.0,Semiurban,Y
LP005825,Male,Yes,0,Graduate,No,7373,1028.0,275.0,360.0,0.0,Rural,N
LP005826,Male,Yes,0,Not Graduate,No,2710,407.0,79.0,360.0,1.0,Urban,Y
LP005827,Female,No,2,Not Graduate,No,5768,0.0,199.0,360.0,1.0,Urban,Y
LP005828,Female,Yes,2,Graduate,No,3432,1811.0,106.0,360.0,1.0,Semiurban,Y
LP005829,Male,Yes,0,Graduate,No,2215,0.0,55.0,360.0,1.0,Semiurban,Y
LP005830,Female,No,0,Graduate,Yes,3025,1571.0,143.0,120.0,1.0,Rural,Y
LP005831,Male,Yes,1,Graduate,No,4355,1020.0,119.0,360.0,1.0,Semiurban,Y
LP005832,Male,Yes,0,Graduate,Yes,7574,1616.0,257.0,360.0,1.0,Rural,Y
LP005833,Male,No,1,Graduate,No,16882,0.0,310.0,360.0,1.0,Semiurban,Y
LP005834,Male,No,0,Not Graduate,No,4527,0.0,110.0,480.0,1.0,Semiurban,Y
LP005835,Male,No,0,Graduate,Yes,4931,0.0,122.0,360.0,1.0,Semiurban,Y
LP005836,Male,No,0,Graduate,No,2341,3152.0,231.0,240.0,1.0,Semiurban,Y
LP005837,Male,Yes,2,Graduate,No,3461,0.0,162.0,360.0,1.0,Rural,Y
LP005838,Male,Yes,0,Graduate,No,8342,0.0,170.0,360.0,1.0,Urban,Y
LP005839,Male,No,1,Graduate,No,4916,0.0,116.0,360.0,0.0,Rural,N
LP005840,Male,Yes,2,Graduate,No,1660,777.0,53.0,360.0,1.0,Semiurban,Y
LP005841,Male,Yes,0,Graduate,No,2785,0.0,126.0,360.0,1.0,Semiurban,Y
LP005842,Male,Yes,0,Graduate,No,2867,1324.0,92.0,360.0,1.0,Urban,Y
LP005843,Male,Yes,3+,Not Graduate,No,6120,0.0,210.0,180.0,0.0,Semiurban,N
LP005844,Male,Yes,0,Graduate,No,4152,1118.0,151.0,360.0,1.0,Semiurban,Y
LP005845,Male,Yes,0,Graduate,Yes,4717,1840.0,190.0,360.0,1.0,Rural,Y
LP005846,Male,No,0,Graduate,No,5152,0.0,110.0,360.0,1.0,Semiurban,Y
LP005847,Male,No,0,Graduate,Yes,5735,0.0,294.0,360.0,1.0,Semiurban,Y
LP005848,Male,No,0,Graduate,Yes,1690,0.0,38.0,360.0,1.0,Rural,Y
LP005849,Female,Yes,0,Graduate,No,2617,0.0,56.0,360.0,1.0,Semiurban,Y
LP005850,Male,No,0,Not Graduate,No,1719,5023.0,142.0,360.0,1.0,Rural,Y
LP005851,Female,Yes,2,Graduate,No,4606,1422.0,136.0,360.0,1.0,Rural,Y
LP005852,Male,No,0,Graduate,Yes,1673,0.0,54.0,360.0,1.0,Urban,Y
LP005853,Male,No,2,Graduate,Yes,5386,1681.0,204.0,360.0,0.0,Semiurban,N
LP005854,Male,No,0,Graduate,No,6104,0.0,129.0,360.0,1.0,Urban,Y
LP005855,Male,Yes,2,Graduate,Yes,7758,1578.0,254.0,360.0,1.0,Rural,Y
LP005856,Male,Yes,0,Graduate,No,6017,0.0,131.0,360.0,0.0,Semiurban,N
LP005857,Female,No,0,Graduate,No,6552,0.0,266.0,360.0,1.0,Rural,Y
LP005858,Male,No,1,Graduate,No,2335,0.0,40.0,60.0,1.0,Rural,Y
LP005859,Male,No,2,Not Graduate,No,3174,0.0,101.0,360.0,1.0,Semiurban,Y
LP005860,Male,No,1,Graduate,No,2292,0.0,70.0,180.0,1.0,Urban,Y
LP005861,Male,Yes,2,Graduate,No,7589,1384.0,285.0,360.0,0.0,Semiurban,N
LP005862,Male,Yes,0,Not Graduate,No,9038,1531.0,292.0,300.0,1.0,Rural,Y
LP005863,Male,No,0,Graduate,No,4965,809.0,276.0,360.0,0.0,Semiurban,N
LP005864,Male,Yes,0,Graduate,No,3165,0.0,66.0,360.0,0.0,Urban,N
LP005865,Male,Yes,0,Graduate,Yes,1753,0.0,38.0,360.0,1.0,Urban,Y
LP005866,Female,No,1,Graduate,No,2624,0.0,69.0,180.0,0.0,Semiurban,N
LP005867,Male,Yes,0,Not Graduate,No,9460,1658.0,285.0,360.0,1.0,Urban,Y
LP005868,Male,No,2,Graduate,No,4500,0.0,127.0,360.0,1.0,Semiurban,Y
LP005869,Male,No,2,Graduate,No,2720,0.0,69.0,360.0,1.0,Urban,Y
LP005870,Male,No,0,Not Graduate,No,3502,0.0,60.0,180.0,1.0,Urban,Y
LP005871,Female,No,0,Graduate,No,2034,3445.0,138.0,360.0,1.0,Rural,Y
LP005872,Male,Yes,1,Graduate,No,4054,1593.0,195.0,360.0,1.0,Rural,Y
LP005873,Female,Yes,2,Graduate,No,1655,0.0,49.0,360.0,1.0,Semiurban,N
LP005874,Male,No,0,Graduate,No,3655,0.0,81.0,360.0,1.0,Semiurban,Y
LP005875,Female,Yes,0,Graduate,No,1812,1252.0,109.0,360.0,1.0,Semiurban,Y
LP005876,Female,Yes,0,Graduate,Yes,3397,2063.0,93.0,360.0,1.0,Semiurban,Y
LP005877,Male,No,2,Graduate,No,9142,0.0,194.0,180.0,1.0,Semiurban,Y
LP005878,Male,Yes,0,Graduate,No,2232,1950.0,117.0,360.0,1.0,Urban,Y
LP005879,Male,No,0,Graduate,No,4443,0.0,89.0,360.0,1.0,Semiurban,Y
LP005880,Male,Yes,0,Not Graduate,No,4248,0.0,121.0,360.0,1.0,Rural,Y
LP005881,Male,Yes,1,Graduate,No,3440,718.0,105.0,360.0,1.0,Semiurban,Y
LP005882,Male,Yes,0,Graduate,No,4054,0.0,103.0,480.0,1.0,Semiurban,Y
LP005883,Male,No,1,Graduate,No,1886,1844.0,174.0,360.0,1.0,Urban,Y
LP005884,Male,No,1,Graduate,Yes,2380,0.0,58.0,360.0,1.0,Semiurban,Y
LP005885,Male,No,0,Graduate,No,4282,1551.0,228.0,360.0,1.0,Semiurban,Y
LP005886,Male,Yes,0,Not Graduate,No,3401,1218.0,152.0,360.0,1.0,Semiurban,Y
LP005887,Male,Yes,0,Graduate,No,3662,784.0,100.0,360.0,0.0,Rural,N
LP005888,Male,Yes,1,Graduate,No,4669,1598.0,216.0,360.0,1.0,Rural,Y
LP005889,Male,No,0,Graduate,Yes,1298,0.0,28.0,360.0,1.0,Semiurban,Y
LP005890,Male,Yes,0,Graduate,No,3955,0.0,88.0,360.0,1.0,Rural,Y
LP005891,Male,Yes,0,Graduate,No,3464,0.0,67.0,360.0,1.0,Rural,Y
LP005892,Male,Yes,0,Graduate,No,13112,1155.0,330.0,360.0,1.0,Semiurban,Y
LP005893,Male,Yes,2,Graduate,No,6888,1555.0,317.0,360.0,1.0,Rural,Y
LP005894,Male,Yes,0,Graduate,No,5582,1941.0,307.0,480.0,1.0,Semiurban,Y
LP005895,Female,Yes,0,Not Graduate,No,1516,1545.0,56.0,360.0,1.0,Semiurban,Y
LP005896,Male,No,0,Graduate,Yes,2176,0.0,63.0,360.0,1.0,Urban,Y
LP005897,Male,Yes,0,Graduate,No,3462,0.0,83.0,360.0,1.0,Rural,Y
LP005898,Male,No,2,Not Graduate,No,4522,0.0,103.0,360.0,1.0,Semiurban,Y
LP005899,Male,No,1,Graduate,No,3202,0.0,104.0,360.0,0.0,Semiurban,N
LP005900,Male,Yes,0,Graduate,No,4058,0.0,159.0,360.0,1.0,Semiurban,Y
LP005901,Male,Yes,2,Graduate,Yes,2954,4237.0,223.0,360.0,1.0,Urban,Y
LP005902,Male,No,0,Graduate,No,5874,0.0,153.0,360.0,1.0,Semiurban,Y
LP005903,Male,Yes,2,Graduate,No,3037,2172.0,181.0,360.0,1.0,Semiurban,Y
LP005904,Male,No,0,Graduate,No,3341,599.0,109.0,360.0,1.0,Rural,Y
LP005905,Male,Yes,1,Not Graduate,No,4368,1182.0,171.0,180.0,1.0,Rural,Y
LP005906,Female,Yes,1,Graduate,No,3490,756.0,146.0,360.0,1.0,Rural,Y
LP005907,Male,No,2,Not Graduate,Yes,12547,0.0,295.0,360.0,1.0,Semiurban,Y
LP005908,Male,Yes,0,Not Graduate,No,2020,2624.0,114.0,360.0,1.0,Semiurban,Y
LP005909,Male,Yes,3+,Graduate,Yes,7461,0.0,322.0,360.0,1.0,Rural,Y
LP005910,Male,Yes,2,Not Graduate,No,1638,909.0,105.0,360.0,1.0,Urban,Y
LP005911,Male,Yes,2,Graduate,Yes,5663,4349.0,311.0,360.0,1.0,Semiurban,Y
LP005912,Female,Yes,0,Graduate,No,4015,0.0,101.0,360.0,1.0,Urban,Y
LP005913,Male,No,0,Graduate,Yes,2237,1311.0,110.0,360.0,0.0,Semiurban,N
LP005914,Male,No,1,Graduate,No,5105,0.0,91.0,360.0,1.0,Urban,Y
LP005915,Male,Yes,2,Not Graduate,No,3682,878.0,72.0,360.0,1.0,Rural,Y
LP005916,Male,Yes,2,Graduate,Yes,4341,1935.0,136.0,360.0,1.0,Semiurban,Y
LP005917,Male,No,0,Graduate,No,2046,0.0,78.0,360.0,1.0,Semiurban,Y
LP005918,Male,No,3+,Graduate,No,4569,0.0,112.0,360.0,1.0,Semiurban,Y
LP005919,Male,Yes,1,Graduate,No,5020,0.0,151.0,360.0,1.0,Urban,Y
LP005920,Female,Yes,0,Graduate,No,3047,2167.0,121.0,360.0,1.0,Semiurban,Y
LP005921,Male,Yes,0,Graduate,No,5260,1727.0,290.0,360.0,1.0,Rural,Y
LP005922,Male,Yes,1,Graduate,No,1501,1766.0,139.0,360.0,0.0,Rural,N
LP005923,Female,Yes,1,Graduate,No,2899,1611.0,124.0,360.0,1.0,Urban,Y
LP005924,Male,Yes,0,Graduate,No,4165,1577.0,187.0,360.0,1.0,Urban,Y
LP005925,Female,Yes,0,Graduate,Yes,1877,0.0,34.0,360.0,1.0,Rural,Y
LP005926,Male,Yes,0,Graduate,No,1776,1271.0,69.0,360.0,1.0,Semiurban,Y
LP005927,Male,Yes,0,Graduate,Yes,1579,0.0,71.0,360.0,1.0,Semiurban,Y
LP005928,Male,Yes,3+,Graduate,No,4754,1551.0,179.0,84.0,0.0,Urban,N
LP005929,Male,Yes,1,Graduate,No,4138,3653.0,163.0,360.0,1.0,Semiurban,Y
LP005930,Male,Yes,3+,Graduate,No,3609,0.0,121.0,360.0,0.0,Urban,N
LP005931,Male,Yes,0,Graduate,No,6575,2940.0,194.0,180.0,0.0,Urban,N
LP005932,Male,Yes,0,Graduate,Yes,3492,1876.0,131.0,360.0,1.0,Urban,Y
LP005933,Male,Yes,0,Graduate,No,2943,1294.0,117.0,360.0,1.0,Semiurban,Y
LP005934,Female,Yes,2,Not Graduate,No,1086,2574.0,85.0,360.0,1.0,Urban,Y
LP005935,Male,Yes,1,Graduate,No,4035,1695.0,114.0,360.0,1.0,Urban,Y
LP005936,Female,Yes,0,Graduate,No,4150,2154.0,199.0,360.0,1.0,Rural,Y
LP005937,Female,No,1,Graduate,No,7536,1242.0,221.0,360.0,1.0,Semiurban,Y
LP005938,Male,No,0,Graduate,No,4861,0.0,144.0,360.0,1.0,Semiurban,Y
LP005939,Male,Yes,0,Not Graduate,Yes,6528,2481.0,278.0,360.0,1.0,Rural,Y
LP005940,Male,Yes,0,Graduate,No,4167,2290.0,161.0,360.0,1.0,Urban,Y
LP005941,Male,Yes,1,Graduate,No,2608,0.0,104.0,360.0,1.0,Semiurban,Y
LP005942,Female,No,0,Graduate,Yes,3117,0.0,78.0,360.0,1.0,Urban,Y
LP005943,Male,Yes,0,Graduate,No,2676,926.0,85.0,360.0,1.0,Semiurban,Y
LP005944,Male,No,1,Graduate,No,2860,0.0,98.0,360.0,1.0,Urban,Y
LP005945,Male,Yes,3+,Not Graduate,No,2294,2095.0,195.0,360.0,1.0,Semiurban,Y
LP005946,Female,Yes,1,Graduate,No,3076,1122.0,190.0,360.0,0.0,Semiurban,N
LP005947,Male,Yes,2,Graduate,No,8858,1615.0,353.0,360.0,0.0,Urban,N
LP005948,Female,No,0,Graduate,No,7130,1803.0,213.0,360.0,1.0,Semiurban,Y
LP005949,Male,No,3+,Graduate,No,4499,1590.0,141.0,360.0,1.0,Semiurban,Y
LP005950,Male,Yes,0,Graduate,Yes,6024,0.0,193.0,360.0,1.0,Urban,Y
LP005951,Male,Yes,1,Graduate,No,4357,0.0,86.0,360.0,1.0,Rural,Y
LP005952,Female,Yes,3+,Graduate,No,3138,0.0,71.0,240.0,1.0,Semiurban,Y
LP005953,Male,Yes,0,Graduate,No,1087,0.0,27.0,360.0,0.0,Urban,N
LP005954,Male,Yes,0,Graduate,No,2858,2416.0,138.0,360.0,1.0,Semiurban,Y
LP005955,Male,Yes,1,Not Graduate,No,4407,0.0,107.0,360.0,1.0,Urban,Y
LP005956,Male,Yes,0,Graduate,No,4357,1905.0,96.0,360.0,0.0,Urban,N
LP005957,Male,Yes,0,Graduate,No,2245,1612.0,161.0,360.0,1.0,Rural,Y
LP005958,Female,No,0,Graduate,No,3530,1322.0,155.0,84.0,0.0,Rural,N
LP005959,Female,Yes,0,Graduate,Yes,4319,887.0,244.0,360.0,1.0,Semiurban,Y
LP005960,Male,Yes,3+,Graduate,No,11492,1899.0,362.0,300.0,1.0,Urban,Y
LP005961,Male,No,0,Graduate,No,10830,0.0,374.0,180.0,1.0,Rural,Y
LP005962,Female,Yes,0,Graduate,Yes,5040,0.0,125.0,360.0,1.0,Urban,Y
LP005963,Male,Yes,0,Graduate,No,7408,2252.0,470.0,360.0,1.0,Urban,Y
LP005964,Male,Yes,2,Not Graduate,No,6306,862.0,173.0,360.0,0.0,Rural,N
LP005965,Male,Yes,3+,Graduate,No,3589,1053.0,140.0,360.0,1.0,Rural,Y
LP005966,Male,No,3+,Graduate,No,1000,0.0,21.0,360.0,1.0,Semiurban,N
LP005967,Male,Yes,3+,Not Graduate,No,11685,672.0,290.0,180.0,1.0,Rural,Y
LP005968,Male,Yes,0,Graduate,No,4545,1163.0,180.0,360.0,1.0,Urban,Y
LP005969,Male,Yes,2,Graduate,No,2054,3503.0,141.0,360.0,0.0,Rural,N
LP005970,Male,No,0,Graduate,No,4489,0.0,88.0,360.0,1.0,Rural,Y
LP005971,Female,Yes,2,Graduate,No,2927,914.0,81.0,360.0,1.0,Urban,Y
LP005972,Male,Yes,1,Not Graduate,Yes,5177,0.0,129.0,360.0,1.0,Rural,Y
LP005973,Male,No,0,Graduate,Yes,2954,0.0,69.0,360.0,1.0,Urban,Y
LP005974,Male,Yes,0,Graduate,No,10754,1954.0,487.0,60.0,0.0,Rural,N
LP005975,Male,Yes,0,Not Graduate,No,9709,0.0,241.0,180.0,1.0,Semiurban,Y
LP005976,Male,Yes,2,Graduate,No,6713,2350.0,239.0,60.0,1.0,Urban,N
LP005977,Male,No,0,Graduate,No,4784,0.0,122.0,360.0,1.0,Urban,Y
LP005978,Male,Yes,2,Not Graduate,No,3911,0.0,68.0,300.0,1.0,Rural,Y
LP005979,Male,No,3+,Not Graduate,No,7043,740.0,167.0,360.0,1.0,Semiurban,Y
LP005980,Male,Yes,0,Graduate,No,2869,1460.0,92.0,360.0,1.0,Semiurban,Y
LP005981,Male,Yes,3+,Not Graduate,No,4821,883.0,135.0,360.0,0.0,Rural,N
LP005982,Male,No,0,Graduate,No,6035,1445.0,173.0,360.0,1.0,Urban,Y
LP005983,Male,Yes,0,Graduate,Yes,7725,0.0,231.0,360.0,1.0,Urban,Y
LP005984,Male,No,2,Graduate,Yes,4761,0.0,82.0,360.0,1.0,Urban,Y
LP005985,Male,Yes,1,Graduate,No,2425,951.0,76.0,360.0,1.0,Semiurban,Y
LP005986,Male,Yes,0,Graduate,No,7685,2689.0,298.0,180.0,1.0,Semiurban,Y
LP005987,Male,Yes,0,Not Graduate,Yes,2548,798.0,70.0,360.0,0.0,Urban,N
LP005988,Male,Yes,1,Not Graduate,Yes,3507,0.0,60.0,360.0,1.0,Urban,Y
LP005989,Male,Yes,0,Graduate,No,3878,1492.0,140.0,360.0,1.0,Urban,Y
LP005990,Male,No,2,Graduate,No,2435,919.0,99.0,360.0,1.0,Rural,Y
LP005991,Female,No,1,Graduate,No,13703,0.0,234.0,360.0,0.0,Urban,N
LP005992,Male,No,3+,Graduate,No,3379,917.0,99.0,360.0,1.0,Rural,Y
LP005993,Male,Yes,0,Not Graduate,No,2298,1049.0,59.0,360.0,1.0,Semiurban,Y
LP005994,Female,Yes,0,Graduate,Yes,2942,2752.0,151.0,180.0,0.0,Rural,N
LP005995,Male,Yes,1,Graduate,No,3267,944.0,68.0,300.0,1.0,Rural,Y
LP005996,Female,No,0,Graduate,No,6008,0.0,138.0,360.0,1.0,Semiurban,Y
LP005997,Female,Yes,3+,Graduate,No,4957,0.0,170.0,360.0,1.0,Rural,Y
LP005998,Male,Yes,2,Not Graduate,No,1822,2050.0,82.0,360.0,1.0,Rural,Y
LP005999,Male,Yes,0,Graduate,No,6976,0.0,149.0,360.0,0.0,Rural,N
LP006000,Female,Yes,3+,Graduate,No,3630,1972.0,186.0,360.0,1.0,Rural,Y
LP006001,Male,Yes,3+,Graduate,No,3687,0.0,172.0,360.0,1.0,Semiurban,Y
LP006002,Male,Yes,0,Graduate,No,2371,0.0,71.0,360.0,1.0,Semiurban,Y
LP006003,Male,No,2,Graduate,No,5857,0.0,128.0,360.0,1.0,Semiurban,Y
LP006004,Male,No,0,Not Graduate,Yes,6380,0.0,157.0,360.0,1.0,Rural,Y
LP006005,Male,Yes,0,Graduate,No,10131,0.0,331.0,360.0,1.0,Rural,Y
LP006006,Male,Yes,0,Not Graduate,No,2981,1121.0,116.0,360.0,1.0,Urban,Y
LP006007,Female,Yes,2,Not Graduate,No,4932,814.0,135.0,360.0,1.0,Urban,Y
LP006008,Male,Yes,1,Graduate,No,6834,0.0,312.0,360.0,0.0,Rural,N
LP006009,Male,Yes,2,Graduate,No,1675,1854.0,100.0,360.0,0.0,Urban,N
LP006010,Male,Yes,0,Graduate,No,11889,0.0,360.0,360.0,1.0,Semiurban,Y
LP006011,Male,Yes,0,Graduate,No,1212,3085.0,128.0,360.0,0.0,Rural,N
LP006012,Male,Yes,1,Graduate,No,7270,1088.0,356.0,360.0,1.0,Urban,Y
LP006013,Female,Yes,1,Graduate,No,2124,1018.0,48.0,360.0,0.0,Semiurban,N
LP006014,Female,Yes,0,Graduate,No,3648,0.0,132.0,360.0,1.0,Urban,Y
LP006015,Male,No,1,Graduate,No,1778,0.0,45.0,180.0,1.0,Semiurban,Y
LP006016,Female,Yes,0,Graduate,No,4371,0.0,127.0,360.0,1.0,Rural,Y
LP006017,Male,Yes,0,Graduate,No,1824,0.0,59.0,360.0,1.0,Urban,Y
LP006018,Female,No,0,Graduate,No,3250,0.0,99.0,480.0,1.0,Urban,Y
LP006019,Male,Yes,0,Graduate,Yes,2509,1973.0,100.0,360.0,0.0,Semiurban,N
LP006020,Female,Yes,0,Graduate,No,2390,2122.0,147.0,360.0,1.0,Urban,Y
LP006021,Male,Yes,0,Graduate,No,1708,3402.0,162.0,360.0,0.0,Rural,N
LP006022,Male,Yes,0,Graduate,No,3388,2353.0,196.0,360.0,1.0,Semiurban,Y
LP006023,Male,Yes,1,Graduate,No,4000,0.0,133.0,360.0,1.0,Rural,Y
LP006024,Female,Yes,0,Graduate,No,5057,3701.0,226.0,360.0,0.0,Semiurban,N
LP006025,Female,Yes,2,Not Graduate,No,2442,721.0,77.0,360.0,1.0,Urban,Y
LP006026,Male,No,0,Graduate,No,3544,0.0,113.0,360.0,0.0,Semiurban,N
LP006027,Male,Yes,3+,Graduate,Yes,3259,1721.0,160.0,360.0,1.0,Semiurban,Y
LP006028,Male,Yes,0,Not Graduate,No,2615,2830.0,181.0,360.0,1.0,Urban,Y
LP006029,Male,Yes,0,Graduate,No,1947,1591.0,83.0,360.0,1.0,Rural,Y
LP006030,Male,Yes,0,Graduate,No,1084,1101.0,35.0,360.0,1.0,Semiurban,Y
LP006031,Male,Yes,0,Graduate,Yes,12111,2572.0,350.0,360.0,0.0,Urban,N
LP006032,Female,Yes,0,Graduate,No,3951,0.0,82.0,360.0,1.0,Semiurban,Y
LP006033,Male,Yes,0,Graduate,No,2964,1433.0,204.0,360.0,1.0,Semiurban,Y
LP006034,Male,No,0,Not Graduate,No,3038,1604.0,110.0,360.0,1.0,Rural,Y
LP006035,Male,Yes,3+,Graduate,No,4440,3169.0,160.0,360.0,1.0,Rural,Y
LP006036,Male,Yes,0,Not Graduate,No,3218,0.0,173.0,360.0,0.0,Rural,N
LP006037,Male,Yes,2,Graduate,No,2402,1232.0,152.0,360.0,1.0,Semiurban,Y
LP006038,Male,Yes,0,Not Graduate,No,2419,1624.0,87.0,360.0,1.0,Urban,Y
LP006039,Male,Yes,0,Graduate,No,2548,0.0,47.0,360.0,0.0,Urban,N
LP006040,Female,Yes,0,Graduate,No,7429,2434.0,343.0,480.0,1.0,Rural,Y
LP006041,Male,Yes,0,Graduate,No,4101,0.0,85.0,360.0,0.0,Urban,N
LP006042,Male,No,0,Not Graduate,No,2904,0.0,106.0,360.0,1.0,Rural,Y
LP006043,Male,Yes,0,Not Graduate,No,2123,743.0,106.0,360.0,1.0,Semiurban,Y
LP006044,Male,No,0,Graduate,No,11937,0.0,273.0,360.0,1.0,Urban,Y
LP006045,Male,Yes,1,Graduate,No,9500,1824.0,288.0,360.0,1.0,Urban,Y
LP006046,Female,Yes,1,Not Graduate,No,3925,1769.0,169.0,360.0,1.0,Rural,Y
LP006047,Female,Yes,1,Not Graduate,No,1649,0.0,53.0,360.0,1.0,Semiurban,Y
LP006048,Male,No,0,Graduate,Yes,6693,0.0,140.0,360.0,1.0,Semiurban,Y
LP006049,Male,No,1,Graduate,Yes,9305,0.0,225.0,360.0,1.0,Urban,Y
LP006050,Male,No,1,Graduate,No,2657,0.0,69.0,360.0,1.0,Urban,Y
LP006051,Male,Yes,0,Graduate,Yes,3681,3146.0,201.0,360.0,1.0,Semiurban,Y
LP006052,Male,No,2,Graduate,No,4200,1174.0,145.0,360.0,1.0,Semiurban,Y
LP006053,Male,Yes,1,Graduate,No,4238,0.0,100.0,360.0,1.0,Urban,Y
LP006054,Male,Yes,0,Graduate,No,2999,979.0,91.0,360.0,0.0,Semiurban,N
LP006055,Male,Yes,2,Graduate,Yes,6078,1587.0,266.0,360.0,0.0,Rural,N
LP006056,Male,Yes,1,Graduate,No,3839,566.0,111.0,360.0,1.0,Semiurban,Y
LP006057,Female,Yes,0,Not Graduate,No,7151,0.0,189.0,180.0,1.0,Rural,Y
LP006058,Female,Yes,2,Graduate,Yes,6935,2436.0,291.0,360.0,1.0,Semiurban,Y
LP006059,Male,Yes,3+,Graduate,Yes,5733,1146.0,235.0,360.0,1.0,Rural,Y
LP006060,Male,Yes,3+,Graduate,No,4302,972.0,111.0,180.0,1.0,Urban,Y
LP006061,Male,Yes,0,Graduate,No,6408,872.0,161.0,360.0,1.0,Rural,Y
LP006062,Female,Yes,0,Graduate,No,2606,1133.0,88.0,180.0,1.0,Urban,Y
LP006063,Male,No,0,Not Graduate,No,3353,0.0,72.0,360.0,1.0,Urban,Y
LP006064,Female,No,3+,Graduate,No,3339,0.0,80.0,360.0,0.0,Urban,N
LP006065,Male,No,0,Graduate,No,5153,1516.0,264.0,360.0,1.0,Semiurban,Y
LP006066,Male,Yes,2,Graduate,No,2982,2731.0,152.0,360.0,1.0,Urban,Y
LP006067,Female,No,2,Graduate,No,7095,0.0,327.0,360.0,1.0,Urban,Y
LP006068,Male,No,0,Graduate,Yes,6286,0.0,95.0,360.0,1.0,Urban,Y
LP006069,Male,No,0,Graduate,No,4471,2029.0,180.0,360.0,1.0,Semiurban,Y
LP006070,Male,Yes,0,Graduate,No,1909,1524.0,118.0,360.0,1.0,Semiurban,Y
LP006071,Female,Yes,1,Graduate,No,3246,1869.0,178.0,360.0,1.0,Semiurban,Y
LP006072,Male,Yes,0,Graduate,No,3963,702.0,95.0,360.0,0.0,Urban,N
LP006073,Male,Yes,2,Not Graduate,No,1345,0.0,45.0,360.0,1.0,Rural,N
LP006074,Male,Yes,0,Graduate,No,2700,0.0,69.0,360.0,1.0,Rural,Y
LP006075,Male,No,3+,Not Graduate,No,3980,0.0,136.0,120.0,1.0,Rural,Y
LP006076,Male,No,0,Not Graduate,Yes,1891,0.0,60.0,180.0,1.0,Semiurban,Y
LP006077,Female,Yes,0,Graduate,No,2217,0.0,97.0,360.0,0.0,Urban,N
LP006078,Male,Yes,0,Graduate,Yes,1799,0.0,62.0,360.0,0.0,Urban,N
LP006079,Male,Yes,0,Not Graduate,No,1867,0.0,49.0,360.0,1.0,Urban,Y
LP006080,Male,Yes,0,Graduate,No,10502,0.0,406.0,360.0,1.0,Rural,Y
LP006081,Male,Yes,0,Graduate,No,5083,0.0,116.0,360.0,1.0,Rural,Y
LP006082,Male,No,2,Graduate,No,4572,0.0,130.0,360.0,1.0,Urban,Y
LP006083,Female,Yes,0,Graduate,No,2230,1262.0,94.0,360.0,0.0,Semiurban,N
LP006084,Male,No,0,Graduate,No,2873,0.0,94.0,360.0,1.0,Rural,Y
LP006085,Male,No,0,Graduate,No,3329,0.0,68.0,360.0,1.0,Semiurban,Y
LP006086,Female,Yes,0,Graduate,No,3287,2078.0,84.0,360.0,1.0,Urban,Y
LP006087,Male,Yes,2,Graduate,No,3313,1297.0,108.0,360.0,1.0,Urban,Y
LP006088,Female,No,2,Graduate,No,5369,0.0,175.0,360.0,1.0,Semiurban,Y
LP006089,Female,No,1,Graduate,Yes,3411,0.0,70.0,360.0,1.0,Semiurban,Y
LP006090,Male,Yes,3+,Not Graduate,No,6908,884.0,199.0,360.0,1.0,Semiurban,Y
LP006091,Male,No,1,Graduate,Yes,1869,0.0,64.0,360.0,1.0,Rural,Y
LP006092,Male,Yes,2,Not Graduate,No,2720,1498.0,181.0,360.0,1.0,Rural,Y
LP006093,Male,Yes,0,Not Graduate,No,6958,976.0,202.0,360.0,1.0,Urban,Y
LP006094,Male,Yes,0,Not Graduate,No,6358,1303.0,122.0,360.0,1.0,Rural,Y
LP006095,Male,Yes,1,Graduate,No,6696,1594.0,317.0,360.0,1.0,Semiurban,Y
LP006096,Male,Yes,2,Graduate,No,4662,2166.0,238.0,360.0,1.0,Rural,Y
LP006097,Male,Yes,0,Graduate,No,2323,0.0,64.0,180.0,1.0,Semiurban,Y
LP006098,Male,No,0,Graduate,Yes,3021,0.0,93.0,360.0,1.0,Rural,Y
LP006099,Male,Yes,0,Not Graduate,No,7921,5157.0,317.0,360.0,1.0,Urban,Y
LP006100,Male,Yes,3+,Graduate,No,7934,2517.0,200.0,360.0,0.0,Urban,N
LP006101,Female,No,2,Graduate,No,4924,1455.0,202.0,360.0,1.0,Semiurban,Y
LP006102,Female,Yes,0,Graduate,No,1452,0.0,38.0,180.0,1.0,Semiurban,Y
LP006103,Male,Yes,1,Graduate,No,2892,0.0,128.0,180.0,0.0,Rural,N
LP006104,Female,No,0,Graduate,No,4025,0.0,83.0,180.0,1.0,Semiurban,Y
LP006105,Male,Yes,3+,Graduate,No,4853,775.0,135.0,360.0,1.0,Urban,Y
LP006106,Male,Yes,0,Graduate,No,2337,0.0,51.0,360.0,1.0,Semiurban,Y
LP006107,Male,Yes,0,Graduate,No,2247,5490.0,267.0,180.0,0.0,Semiurban,N
LP006108,Male,No,0,Graduate,Yes,4033,0.0,98.0,360.0,1.0,Rural,Y
LP006109,Male,Yes,0,Graduate,No,8018,827.0,212.0,360.0,0.0,Urban,N
LP006110,Male,Yes,1,Graduate,No,3798,867.0,118.0,360.0,1.0,Semiurban,Y
LP006111,Male,Yes,2,Graduate,No,2390,832.0,79.0,360.0,1.0,Urban,Y
LP006112,Male,Yes,0,Graduate,No,9315,671.0,221.0,480.0,1.0,Urban,Y
LP006113,Male,No,0,Graduate,No,4550,0.0,150.0,360.0,1.0,Rural,Y
LP006114,Male,Yes,0,Graduate,No,6216,3160.0,469.0,360.0,1.0,Rural,Y
LP006115,Male,No,0,Graduate,No,2304,549.0,59.0,360.0,1.0,Urban,Y
LP006116,Male,Yes,0,Not Graduate,No,3254,0.0,100.0,360.0,1.0,Rural,Y
LP006117,Male,No,1,Graduate,No,8395,0.0,275.0,360.0,1.0,Semiurban,Y
LP006118,Male,Yes,0,Graduate,No,2238,0.0,71.0,180.0,1.0,Semiurban,Y
LP006119,Male,Yes,1,Not Graduate,No,3932,990.0,168.0,360.0,0.0,Urban,N
LP006120,Male,Yes,0,Not Graduate,No,4614,0.0,85.0,300.0,1.0,Rural,Y
LP006121,Male,Yes,3+,Not Graduate,No,1142,2070.0,151.0,360.0,0.0,Rural,N
LP006122,Male,Yes,0,Not Graduate,No,1991,2428.0,75.0,360.0,0.0,Rural,N
LP006123,Female,No,1,Not Graduate,No,6164,0.0,195.0,300.0,1.0,Rural,Y
LP006124,Male,Yes,2,Not Graduate,No,2642,1074.0,76.0,360.0,0.0,Urban,N
LP006125,Male,Yes,0,Graduate,No,5319,1114.0,181.0,360.0,0.0,Semiurban,N
LP006126,Male,Yes,3+,Graduate,No,3477,1461.0,115.0,360.0,1.0,Rural,Y
LP006127,Male,Yes,1,Graduate,No,3437,844.0,91.0,360.0,0.0,Semiurban,N
LP006128,Male,No,2,Graduate,No,5317,0.0,114.0,360.0,1.0,Rural,Y
LP006129,Male,Yes,0,Graduate,Yes,3257,1468.0,177.0,360.0,1.0,Urban,Y
LP006130,Female,No,0,Graduate,No,3202,0.0,102.0,360.0,1.0,Semiurban,Y
LP006131,Male,Yes,0,Graduate,No,2808,4159.0,223.0,360.0,1.0,Urban,Y
LP006132,Male,Yes,0,Graduate,Yes,3487,0.0,92.0,360.0,1.0,Semiurban,Y
LP006133,Male,Yes,0,Graduate,No,3108,2682.0,126.0,360.0,1.0,Urban,Y
LP006134,Male,Yes,3+,Graduate,No,2426,0.0,36.0,360.0,1.0,Rural,Y
LP006135,Male,Yes,1,Graduate,Yes,1765,703.0,52.0,360.0,1.0,Semiurban,Y
LP006136,Female,Yes,2,Graduate,Yes,2563,0.0,57.0,360.0,1.0,Rural,Y
LP006137,Male,Yes,2,Graduate,No,4782,1774.0,303.0,360.0,1.0,Urban,Y
LP006138,Male,Yes,2,Graduate,No,4726,2741.0,121.0,360.0,1.0,Semiurban,Y
LP006139,Male,Yes,0,Graduate,No,6497,1875.0,266.0,360.0,1.0,Semiurban,Y
LP006140,Female,No,0,Graduate,No,1809,0.0,33.0,360.0,1.0,Semiurban,Y
LP006141,Male,Yes,2,Not Graduate,No,7374,1467.0,220.0,180.0,1.0,Semiurban,Y
LP006142,Female,No,0,Graduate,No,6644,0.0,274.0,360.0,1.0,Semiurban,Y
LP006143,Male,Yes,0,Graduate,No,8122,1045.0,280.0,180.0,1.0,Rural,Y
LP006144,Male,Yes,2,Graduate,No,2170,0.0,57.0,360.0,0.0,Semiurban,N
LP006145,Male,No,0,Graduate,No,3734,0.0,80.0,360.0,1.0,Semiurban,Y
LP006146,Male,Yes,1,Graduate,No,1924,2606.0,114.0,360.0,1.0,Rural,Y
LP006147,Male,No,2,Graduate,No,3281,0.0,60.0,180.0,1.0,Rural,Y
LP006148,Female,Yes,0,Graduate,No,1886,1499.0,108.0,480.0,1.0,Semiurban,Y
LP006149,Female,Yes,0,Not Graduate,No,1708,0.0,50.0,360.0,1.0,Urban,Y
LP006150,Male,Yes,0,Not Graduate,No,2867,1337.0,137.0,360.0,0.0,Semiurban,N
LP006151,Male,No,0,Graduate,No,4028,0.0,91.0,360.0,0.0,Rural,N
LP006152,Male,Yes,3+,Graduate,No,4055,1395.0,285.0,360.0,1.0,Semiurban,Y
LP006153,Male,Yes,3+,Not Graduate,No,4402,0.0,126.0,360.0,1.0,Urban,Y
LP006154,Male,No,3+,Graduate,No,2551,0.0,62.0,360.0,0.0,Urban,N
LP006155,Male,Yes,2,Graduate,No,2700,0.0,50.0,360.0,1.0,Urban,Y
LP006156,Female,Yes,0,Graduate,No,4917,1299.0,198.0,360.0,1.0,Urban,Y
LP006157,Male,Yes,2,Graduate,No,2937,668.0,89.0,180.0,0.0,Urban,N
LP006158,Female,Yes,2,Graduate,Yes,3230,3432.0,377.0,360.0,1.0,Urban,Y
LP006159,Male,No,0,Graduate,No,4383,0.0,133.0,360.0,1.0,Urban,Y
LP006160,Male,Yes,2,Graduate,Yes,6435,1932.0,273.0,360.0,1.0,Rural,Y
LP006161,Female,Yes,1,Graduate,No,3544,1331.0,100.0,180.0,1.0,Urban,Y
LP006162,Male,Yes,1,Not Graduate,No,3582,4801.0,225.0,84.0,1.0,Rural,Y
LP006163,Male,Yes,1,Graduate,No,3629,2092.0,93.0,360.0,1.0,Semiurban,Y
LP006164,Male,Yes,2,Graduate,No,6395,784.0,273.0,180.0,1.0,Semiurban,Y
LP006165,Male,Yes,2,Graduate,No,2412,0.0,97.0,180.0,1.0,Rural,Y
LP006166,Male,No,3+,Graduate,No,3872,0.0,94.0,360.0,0.0,Semiurban,N
LP006167,Male,Yes,0,Graduate,No,5342,1883.0,340.0,180.0,0.0,Urban,N
LP006168,Male,No,0,Graduate,No,2694,0.0,43.0,360.0,0.0,Semiurban,N
LP006169,Female,Yes,2,Graduate,No,2696,1849.0,157.0,360.0,0.0,Urban,N
LP006170,Male,No,2,Not Graduate,No,4139,0.0,89.0,360.0,1.0,Urban,Y
LP006171,Male,Yes,1,Graduate,No,4135,0.0,95.0,360.0,1.0,Rural,Y
LP006172,Male,No,0,Graduate,No,3536,0.0,60.0,360.0,1.0,Rural,Y
LP006173,Male,Yes,0,Graduate,Yes,2406,1350.0,78.0,360.0,1.0,Urban,Y
LP006174,Male,No,2,Graduate,No,5183,0.0,85.0,360.0,1.0,Semiurban,Y
LP006175,Male,No,0,Not Graduate,No,3588,0.0,155.0,360.0,1.0,Rural,Y
LP006176,Male,No,0,Graduate,No,2603,0.0,110.0,360.0,1.0,Urban,Y
LP006177,Male,Yes,0,Not Graduate,No,4463,3290.0,211.0,360.0,0.0,Semiurban,N
LP006178,Male,Yes,1,Graduate,Yes,2769,0.0,102.0,360.0,1.0,Rural,Y
LP006179,Male,Yes,0,Graduate,No,2881,2472.0,234.0,360.0,1.0,Rural,Y
LP006180,Male,Yes,3+,Graduate,No,3364,4819.0,200.0,360.0,1.0,Rural,Y
LP006181,Male,No,0,Graduate,No,3379,0.0,54.0,360.0,1.0,Rural,Y
LP006182,Male,Yes,3+,Graduate,No,2372,817.0,98.0,360.0,1.0,Rural,Y
LP006183,Male,Yes,0,Graduate,No,2502,1646.0,93.0,360.0,1.0,Rural,Y
LP006184,Male,No,2,Graduate,No,2936,3425.0,226.0,360.0,1.0,Semiurban,Y
LP006185,Male,Yes,2,Not Graduate,No,10913,3374.0,392.0,360.0,1.0,Rural,Y
LP006186,Male,Yes,0,Graduate,No,2298,0.0,46.0,180.0,1.0,Urban,Y
LP006187,Female,Yes,1,Graduate,No,2255,0.0,61.0,360.0,1.0,Semiurban,Y
LP006188,Female,No,2,Graduate,No,3890,0.0,79.0,180.0,1.0,Rural,Y
LP006189,Male,Yes,0,Not Graduate,No,3129,0.0,97.0,360.0,0.0,Semiurban,N
LP006190,Female,Yes,3+,Graduate,No,3429,0.0,104.0,360.0,1.0,Urban,Y
LP006191,Male,Yes,1,Graduate,No,3544,870.0,96.0,360.0,1.0,Semiurban,Y
LP006192,Male,No,0,Graduate,No,5443,0.0,137.0,360.0,1.0,Urban,Y
LP006193,Male,Yes,3+,Graduate,No,4704,1489.0,165.0,360.0,1.0,Rural,Y
LP006194,Male,Yes,1,Graduate,No,2160,513.0,55.0,360.0,0.0,Urban,N
LP006195,Male,Yes,0,Graduate,No,6851,1628.0,394.0,360.0,1.0,Urban,Y
LP006196,Male,No,1,Graduate,No,2339,0.0,80.0,360.0,1.0,Rural,Y
LP006197,Male,Yes,2,Graduate,No,4736,0.0,151.0,360.0,1.0,Rural,Y
LP006198,Male,Yes,2,Graduate,No,2705,1400.0,95.0,360.0,1.0,Rural,Y
LP006199,Male,No,2,Graduate,No,2289,0.0,50.0,360.0,1.0,Semiurban,Y
LP006200,Male,No,0,Graduate,No,4824,0.0,202.0,360.0,0.0,Rural,N
LP006201,Male,Yes,0,Graduate,Yes,3506,0.0,85.0,84.0,0.0,Semiurban,N
LP006202,Male,Yes,0,Graduate,No,4774,0.0,128.0,300.0,1.0,Semiurban,Y
LP006203,Male,No,2,Graduate,No,3899,0.0,132.0,360.0,1.0,Rural,Y
LP006204,Male,No,0,Graduate,No,6808,0.0,136.0,360.0,0.0,Semiurban,N
LP006205,Male,Yes,0,Graduate,No,3681,0.0,76.0,360.0,1.0,Urban,Y
LP006206,Male,Yes,1,Graduate,No,3192,1618.0,172.0,360.0,1.0,Semiurban,Y
LP006207,Male,No,3+,Graduate,No,3588,2615.0,168.0,360.0,1.0,Rural,Y
LP006208,Male,No,0,Graduate,No,2249,1273.0,88.0,360.0,1.0,Urban,Y
LP006209,Male,No,0,Not Graduate,No,5143,0.0,208.0,360.0,1.0,Rural,Y
LP006210,Male,Yes,0,Graduate,No,1601,2849.0,110.0,360.0,1.0,Rural,Y
LP006211,Male,No,0,Graduate,No,13320,794.0,536.0,360.0,1.0,Semiurban,N
LP006212,Male,Yes,1,Graduate,No,5712,1079.0,200.0,360.0,1.0,Urban,Y
LP006213,Male,Yes,0,Graduate,No,4962,822.0,117.0,360.0,1.0,Urban,Y
LP006214,Male,Yes,2,Graduate,No,5787,1423.0,180.0,360.0,1.0,Semiurban,Y
LP006215,Male,Yes,2,Graduate,No,4753,1234.0,174.0,360.0,1.0,Urban,Y
LP006216,Male,Yes,0,Graduate,Yes,8767,0.0,211.0,360.0,1.0,Rural,Y
LP006217,Male,Yes,0,Graduate,No,5901,2984.0,168.0,360.0,1.0,Semiurban,Y
LP006218,Male,Yes,1,Not Graduate,Yes,7359,0.0,192.0,360.0,1.0,Urban,Y
LP006219,Female,Yes,0,Graduate,No,2821,0.0,63.0,360.0,0.0,Urban,N
LP006220,Male,No,1,Graduate,No,2006,1468.0,79.0,360.0,1.0,Semiurban,Y
LP006221,Male,Yes,0,Graduate,No,2793,817.0,80.0,360.0,1.0,Semiurban,Y
LP006222,Female,Yes,0,Not Graduate,No,5101,1855.0,281.0,360.0,1.0,Urban,Y
LP006223,Male,No,0,Graduate,No,2602,0.0,52.0,360.0,1.0,Urban,Y
LP006224,Male,Yes,0,Graduate,No,6945,1519.0,485.0,360.0,1.0,Rural,N
LP006225,Male,No,1,Graduate,No,4664,0.0,116.0,360.0,1.0,Urban,Y
LP006226,Male,No,2,Graduate,No,1953,0.0,32.0,360.0,1.0,Semiurban,Y
LP006227,Male,Yes,2,Graduate,No,3240,655.0,174.0,360.0,1.0,Urban,Y
LP006228,Female,No,2,Graduate,No,6859,0.0,248.0,360.0,1.0,Urban,Y
LP006229,Male,Yes,0,Not Graduate,No,3901,1783.0,110.0,360.0,1.0,Rural,Y
LP006230,Male,No,1,Graduate,No,2789,0.0,65.0,240.0,1.0,Semiurban,Y
LP006231,Female,Yes,2,Not Graduate,No,3762,1822.0,116.0,360.0,1.0,Rural,Y
LP006232,Male,Yes,1,Graduate,Yes,4265,2235.0,168.0,360.0,1.0,Urban,Y
LP006233,Male,No,0,Not Graduate,No,2806,0.0,72.0,360.0,1.0,Semiurban,Y
LP006234,Male,Yes,0,Graduate,No,1564,0.0,23.0,360.0,0.0,Semiurban,N
LP006235,Male,No,0,Graduate,No,2511,6950.0,345.0,360.0,1.0,Semiurban,Y
LP006236,Male,Yes,2,Graduate,No,4721,2795.0,181.0,360.0,1.0,Semiurban,Y
LP006237,Male,Yes,0,Graduate,No,1128,0.0,47.0,360.0,1.0,Rural,N
LP006238,Male,Yes,1,Graduate,No,4108,1192.0,140.0,360.0,0.0,Semiurban,N
LP006239,Female,No,0,Not Graduate,Yes,4003,0.0,209.0,180.0,1.0,Semiurban,Y
LP006240,Male,Yes,0,Not Graduate,No,9332,3039.0,278.0,360.0,1.0,Semiurban,Y
LP006241,Male,Yes,0,Not Graduate,No,3144,839.0,66.0,360.0,0.0,Rural,N
LP006242,Male,Yes,1,Graduate,No,5202,2191.0,168.0,360.0,1.0,Urban,Y
LP006243,Male,No,1,Graduate,No,3087,0.0,87.0,180.0,1.0,Urban,Y
LP006244,Male,Yes,2,Graduate,No,5362,1501.0,147.0,360.0,1.0,Semiurban,Y
LP006245,Male,Yes,2,Graduate,No,2523,2006.0,154.0,360.0,1.0,Urban,Y
LP006246,Male,Yes,0,Not Graduate,Yes,4039,2227.0,153.0,360.0,0.0,Rural,N
LP006247,Female,Yes,0,Graduate,No,3827,2076.0,212.0,360.0,1.0,Semiurban,Y
LP006248,Female,Yes,0,Graduate,No,6585,3569.0,212.0,360.0,1.0,Urban,Y
LP006249,Male,Yes,0,Graduate,No,5010,1106.0,241.0,360.0,0.0,Semiurban,N
LP006250,Female,Yes,1,Graduate,No,3570,1177.0,111.0,480.0,1.0,Semiurban,Y
LP006251,Male,Yes,1,Graduate,No,2455,0.0,62.0,360.0,1.0,Semiurban,Y
LP006252,Male,No,0,Graduate,No,16734,0.0,355.0,360.0,1.0,Rural,Y
LP006253,Male,Yes,3+,Graduate,No,4056,0.0,93.0,360.0,1.0,Semiurban,Y
LP006254,Male,Yes,1,Graduate,No,6084,986.0,219.0,360.0,1.0,Rural,Y
LP006255,Female,Yes,0,Graduate,No,2460,3739.0,132.0,360.0,1.0,Urban,Y
LP006256,Male,No,0,Graduate,No,2636,0.0,75.0,360.0,1.0,Semiurban,Y
LP006257,Male,No,0,Not Graduate,No,6786,0.0,201.0,360.0,1.0,Rural,Y
LP006258,Male,Yes,0,Not Graduate,No,2022,1848.0,95.0,360.0,1.0,Semiurban,Y
LP006259,Male,Yes,0,Not Graduate,No,1298,767.0,40.0,360.0,1.0,Urban,Y
LP006260,Male,No,3+,Not Graduate,No,3209,1940.0,175.0,360.0,1.0,Rural,Y
LP006261,Male,Yes,2,Graduate,No,6125,1489.0,232.0,360.0,1.0,Semiurban,Y
LP006262,Male,Yes,1,Graduate,No,8790,1336.0,308.0,360.0,1.0,Urban,Y
LP006263,Male,No,0,Graduate,No,1727,0.0,35.0,360.0,1.0,Semiurban,Y
LP006264,Male,Yes,1,Graduate,No,7718,1085.0,284.0,360.0,1.0,Rural,Y
LP006265,Male,No,0,Graduate,No,1569,0.0,31.0,360.0,1.0,Urban,Y
LP006266,Male,Yes,1,Not Graduate,No,3323,2629.0,197.0,360.0,1.0,Urban,Y
LP006267,Male,No,0,Not Graduate,No,3617,887.0,102.0,360.0,1.0,Semiurban,Y
LP006268,Male,Yes,1,Not Graduate,No,12080,969.0,292.0,360.0,1.0,Rural,Y
LP006269,Male,Yes,0,Graduate,No,4167,2906.0,141.0,360.0,1.0,Semiurban,Y
LP006270,Male,Yes,0,Graduate,Yes,1599,5046.0,136.0,360.0,1.0,Semiurban,Y
LP006271,Female,Yes,0,Graduate,No,3421,1326.0,183.0,360.0,1.0,Semiurban,Y
LP006272,Male,Yes,2,Graduate,No,3317,573.0,159.0,360.0,1.0,Semiurban,Y
LP006273,Female,Yes,0,Graduate,No,5928,1226.0,230.0,120.0,0.0,Semiurban,N
LP006274,Male,No,0,Graduate,No,3015,1112.0,105.0,360.0,1.0,Rural,Y
LP006275,Male,Yes,3+,Not Graduate,No,1176,0.0,28.0,360.0,1.0,Urban,N
LP006276,Male,Yes,2,Graduate,No,2479,0.0,85.0,360.0,1.0,Rural,Y
LP006277,Male,Yes,0,Graduate,No,6854,0.0,234.0,300.0,1.0,Rural,Y
LP006278,Male,No,1,Graduate,No,3409,0.0,107.0,360.0,0.0,Urban,N
LP006279,Male,Yes,1,Graduate,Yes,8707,2627.0,246.0,360.0,0.0,Urban,N
LP006280,Female,Yes,0,Graduate,No,3151,2578.0,185.0,360.0,0.0,Urban,N
LP006281,Male,Yes,0,Graduate,No,8817,1527.0,380.0,240.0,1.0,Urban,Y
LP006282,Female,Yes,0,Graduate,No,3012,0.0,81.0,360.0,1.0,Urban,Y
LP006283,Male,Yes,1,Graduate,No,4231,1741.0,166.0,360.0,1.0,Urban,Y
LP006284,Male,Yes,0,Graduate,No,3489,840.0,148.0,360.0,0.0,Rural,N
LP006285,Male,No,2,Graduate,No,4908,0.0,164.0,480.0,1.0,Rural,Y
LP006286,Male,Yes,1,Graduate,No,5727,0.0,89.0,180.0,1.0,Semiurban,Y
LP006287,Male,Yes,0,Graduate,No,5312,2801.0,187.0,360.0,0.0,Rural,N
LP006288,Male,No,3+,Graduate,Yes,4185,878.0,218.0,360.0,1.0,Semiurban,Y
LP006289,Female,No,1,Graduate,No,4699,0.0,132.0,360.0,1.0,Semiurban,Y
LP006290,Male,Yes,3+,Graduate,No,9620,977.0,252.0,180.0,1.0,Semiurban,Y
LP006291,Male,Yes,0,Graduate,No,5061,1623.0,106.0,360.0,1.0,Semiurban,Y
LP006292,Male,Yes,2,Not Graduate,Yes,2710,0.0,130.0,360.0,1.0,Semiurban,Y
LP006293,Male,Yes,1,Graduate,No,3827,1421.0,141.0,180.0,0.0,Rural,N
LP006294,Male,Yes,2,Not Graduate,No,5156,2469.0,280.0,360.0,1.0,Rural,Y
LP006295,Male,Yes,0,Graduate,No,4240,1857.0,142.0,360.0,1.0,Urban,Y
LP006296,Male,Yes,3+,Graduate,No,3047,2790.0,143.0,360.0,1.0,Rural,Y
LP006297,Female,Yes,1,Not Graduate,No,5131,603.0,269.0,360.0,1.0,Semiurban,Y
LP006298,Female,Yes,0,Graduate,No,4530,1572.0,158.0,360.0,0.0,Urban,N
LP006299,Male,No,3+,Not Graduate,No,3268,0.0,50.0,360.0,1.0,Rural,Y
LP006300,Male,No,3+,Graduate,No,5431,0.0,198.0,180.0,1.0,Urban,Y
LP006301,Male,No,0,Graduate,No,3287,1618.0,119.0,360.0,1.0,Urban,Y
LP006302,Female,Yes,0,Not Graduate,No,5770,1499.0,203.0,360.0,1.0,Rural,Y
LP006303,Female,Yes,0,Graduate,No,1147,0.0,35.0,180.0,1.0,Semiurban,N
LP006304,Male,Yes,1,Graduate,No,3448,0.0,162.0,360.0,1.0,Rural,Y
LP006305,Female,Yes,0,Graduate,No,7916,570.0,241.0,360.0,1.0,Urban,Y
LP006306,Male,Yes,1,Graduate,No,1178,1276.0,62.0,360.0,1.0,Semiurban,Y
LP006307,Female,Yes,0,Graduate,No,5049,3073.0,215.0,360.0,1.0,Semiurban,Y
LP006308,Male,No,0,Graduate,No,3444,0.0,118.0,360.0,0.0,Semiurban,N
LP006309,Male,Yes,0,Not Graduate,Yes,3603,1704.0,163.0,360.0,1.0,Semiurban,Y
LP006310,Male,No,1,Graduate,No,2178,0.0,69.0,360.0,1.0,Semiurban,Y
LP006311,Female,Yes,2,Graduate,No,9811,864.0,220.0,360.0,1.0,Urban,Y
LP006312,Male,Yes,1,Graduate,No,2507,750.0,70.0,180.0,1.0,Urban,Y
LP006313,Female,Yes,0,Graduate,No,6567,3833.0,302.0,360.0,1.0,Rural,Y
LP006314,Female,No,2,Not Graduate,No,5082,0.0,111.0,60.0,0.0,Rural,N
LP006315,Female,Yes,0,Not Graduate,No,5175,943.0,172.0,360.0,0.0,Urban,N
LP006316,Male,Yes,0,Graduate,No,1941,1915.0,92.0,180.0,1.0,Semiurban,Y
LP006317,Male,Yes,0,Graduate,No,4101,0.0,177.0,360.0,1.0,Semiurban,Y
LP006318,Male,Yes,2,Graduate,No,4560,1765.0,185.0,360.0,1.0,Semiurban,Y
LP006319,Male,Yes,2,Graduate,No,4339,1672.0,165.0,360.0,1.0,Semiurban,Y
LP006320,Male,No,1,Graduate,No,3110,0.0,91.0,360.0,1.0,Rural,Y
LP006321,Female,Yes,0,Graduate,No,3442,3241.0,153.0,360.0,1.0,Urban,Y
LP006322,Male,Yes,1,Graduate,No,1771,881.0,91.0,360.0,1.0,Rural,Y
LP006323,Female,Yes,0,Graduate,No,3096,0.0,64.0,360.0,1.0,Urban,Y
LP006324,Male,Yes,0,Graduate,No,5279,1066.0,164.0,360.0,1.0,Semiurban,Y
LP006325,Male,Yes,0,Graduate,Yes,3450,2377.0,209.0,360.0,1.0,Rural,Y
LP006326,Male,Yes,0,Graduate,No,3757,1176.0,105.0,360.0,0.0,Semiurban,N
LP006327,Male,Yes,2,Graduate,Yes,8856,0.0,418.0,360.0,1.0,Urban,Y
LP006328,Male,No,0,Graduate,No,5124,0.0,176.0,360.0,1.0,Semiurban,Y
LP006329,Female,No,0,Graduate,Yes,2736,0.0,42.0,360.0,1.0,Rural,Y
LP006330,Male,No,0,Graduate,No,1370,0.0,44.0,360.0,0.0,Urban,N
LP006331,Female,No,0,Not Graduate,No,5061,0.0,84.0,360.0,1.0,Semiurban,Y
LP006332,Male,No,0,Graduate,No,2582,0.0,75.0,360.0,1.0,Urban,Y
LP006333,Female,Yes,2,Graduate,No,3268,2319.0,113.0,360.0,1.0,Semiurban,Y
LP006334,Male,Yes,2,Graduate,Yes,5004,0.0,206.0,360.0,1.0,Rural,Y
LP006335,Male,No,2,Graduate,Yes,3248,0.0,104.0,360.0,1.0,Urban,Y
LP006336,Male,No,0,Not Graduate,No,6534,0.0,208.0,360.0,1.0,Rural,Y
LP006337,Female,No,0,Graduate,No,4999,3279.0,238.0,360.0,1.0,Rural,Y
LP006338,Male,Yes,2,Not Graduate,No,4933,1799.0,381.0,360.0,0.0,Semiurban,N
LP006339,Male,No,0,Not Graduate,No,5768,0.0,115.0,360.0,1.0,Urban,Y
LP006340,Male,Yes,0,Not Graduate,No,6642,1504.0,239.0,360.0,1.0,Urban,Y
LP006341,Female,No,0,Not Graduate,No,2159,1345.0,88.0,360.0,1.0,Urban,Y
LP006342,Male,Yes,0,Graduate,No,3840,0.0,127.0,360.0,0.0,Semiurban,N
LP006343,Male,Yes,0,Graduate,No,5357,1317.0,315.0,360.0,1.0,Urban,Y
LP006344,Male,Yes,0,Not Graduate,No,2666,786.0,99.0,360.0,1.0,Semiurban,Y
LP006345,Male,No,0,Not Graduate,No,2739,2593.0,119.0,360.0,1.0,Rural,Y
LP006346,Male,Yes,0,Graduate,No,5633,2378.0,269.0,360.0,1.0,Rural,Y
LP006347,Male,No,2,Graduate,Yes,3308,0.0,83.0,360.0,1.0,Urban,Y
LP006348,Male,Yes,2,Graduate,No,5617,2842.0,199.0,180.0,1.0,Rural,Y
LP006349,Female,Yes,0,Graduate,No,6388,0.0,141.0,360.0,0.0,Urban,N
LP006350,Female,No,0,Graduate,No,4497,0.0,131.0,360.0,1.0,Semiurban,Y
LP006351,Male,Yes,0,Graduate,No,1779,2006.0,79.0,360.0,1.0,Urban,Y
LP006352,Male,Yes,1,Graduate,No,2415,1240.0,102.0,360.0,1.0,Semiurban,Y
LP006353,Male,Yes,0,Graduate,No,5272,1946.0,172.0,360.0,1.0,Urban,Y
LP006354,Male,Yes,0,Graduate,No,2657,0.0,74.0,360.0,0.0,Urban,N
LP006355,Female,Yes,0,Not Graduate,No,1559,0.0,44.0,360.0,1.0,Urban,Y
LP006356,Female,Yes,0,Not Graduate,No,4807,1136.0,92.0,360.0,1.0,Urban,Y
LP006357,Male,No,2,Graduate,Yes,9922,441.0,550.0,120.0,1.0,Rural,N
LP006358,Female,No,2,Graduate,Yes,11443,0.0,529.0,120.0,1.0,Rural,N
LP006359,Male,Yes,0,Graduate,No,5110,630.0,136.0,360.0,1.0,Semiurban,Y
LP006360,Male,No,0,Graduate,No,3796,0.0,87.0,360.0,1.0,Rural,Y
LP006361,Male,Yes,0,Graduate,No,2305,3616.0,158.0,360.0,0.0,Semiurban,N
LP006362,Male,No,1,Graduate,No,10591,0.0,365.0,180.0,1.0,Rural,Y
LP006363,Male,Yes,3+,Graduate,No,1118,1429.0,82.0,360.0,1.0,Semiurban,Y
LP006364,Male,Yes,2,Graduate,No,4841,1738.0,225.0,360.0,1.0,Semiurban,Y
LP006365,Male,Yes,0,Graduate,No,6869,1016.0,426.0,360.0,1.0,Semiurban,Y
LP006366,Male,No,0,Graduate,No,12575,0.0,326.0,360.0,1.0,Urban,Y
LP006367,Male,No,1,Graduate,No,2712,1148.0,82.0,360.0,0.0,Semiurban,N
LP006368,Female,Yes,1,Not Graduate,No,9311,2558.0,207.0,360.0,0.0,Urban,N
LP006369,Male,No,0,Graduate,No,8025,0.0,250.0,360.0,1.0,Rural,Y
LP006370,Female,Yes,0,Not Graduate,No,6327,0.0,163.0,180.0,0.0,Urban,N
LP006371,Male,No,1,Graduate,No,4050,2318.0,125.0,360.0,0.0,Urban,N
LP006372,Male,No,0,Not Graduate,No,5032,0.0,166.0,360.0,1.0,Semiurban,Y
LP006373,Male,Yes,0,Graduate,No,6313,1741.0,281.0,360.0,1.0,Semiurban,Y
LP006374,Male,Yes,2,Graduate,No,6791,1183.0,161.0,360.0,1.0,Rural,Y
LP006375,Male,Yes,0,Graduate,No,3617,1635.0,146.0,360.0,1.0,Urban,Y
LP006376,Female,No,0,Graduate,Yes,1953,0.0,42.0,360.0,0.0,Urban,N
LP006377,Male,No,0,Graduate,No,3134,0.0,58.0,360.0,1.0,Urban,Y
LP006378,Male,No,0,Graduate,No,1956,0.0,43.0,360.0,1.0,Rural,Y
LP006379,Male,Yes,3+,Graduate,Yes,2947,896.0,111.0,300.0,1.0,Semiurban,Y
LP006380,Male,Yes,1,Not Graduate,No,8370,0.0,290.0,360.0,1.0,Semiurban,Y
LP006381,Male,No,1,Not Graduate,No,3254,0.0,75.0,480.0,1.0,Semiurban,Y
LP006382,Male,No,1,Graduate,No,6366,2538.0,186.0,360.0,1.0,Urban,Y
LP006383,Male,Yes,0,Not Graduate,No,1529,932.0,57.0,360.0,1.0,Semiurban,Y
LP006384,Male,Yes,1,Graduate,No,2233,529.0,67.0,360.0,1.0,Semiurban,Y
LP006385,Male,Yes,0,Graduate,No,2808,1082.0,132.0,180.0,1.0,Urban,Y
LP006386,Female,No,0,Graduate,No,4925,2854.0,166.0,360.0,0.0,Rural,N
LP006387,Male,Yes,3+,Graduate,No,4565,2261.0,210.0,360.0,1.0,Semiurban,Y
LP006388,Female,Yes,0,Graduate,No,3636,3118.0,146.0,360.0,0.0,Semiurban,N
LP006389,Male,No,0,Graduate,No,5146,0.0,150.0,360.0,0.0,Rural,N
LP006390,Male,Yes,0,Graduate,No,2777,1665.0,105.0,360.0,0.0,Semiurban,N
LP006391,Male,Yes,0,Not Graduate,No,5276,1715.0,161.0,360.0,1.0,Semiurban,Y
LP006392,Female,No,0,Graduate,No,5379,0.0,161.0,360.0,0.0,Urban,N
LP006393,Female,Yes,0,Graduate,No,2397,2607.0,91.0,180.0,1.0,Urban,Y
LP006394,Male,No,0,Graduate,No,1040,0.0,21.0,360.0,1.0,Semiurban,N
LP006395,Male,Yes,2,Not Graduate,Yes,3400,3344.0,142.0,360.0,1.0,Rural,Y
LP006396,Male,Yes,2,Graduate,No,3476,1508.0,125.0,360.0,0.0,Urban,N
LP006397,Male,Yes,1,Graduate,No,2044,698.0,87.0,360.0,1.0,Semiurban,Y
LP006398,Male,No,0,Graduate,No,4916,0.0,110.0,360.0,0.0,Urban,N
LP006399,Female,No,0,Not Graduate,No,4886,2291.0,223.0,360.0,1.0,Semiurban,Y
LP006400,Male,Yes,1,Not Graduate,No,7738,3154.0,236.0,360.0,1.0,Rural,Y
LP006401,Male,Yes,0,Graduate,No,3105,0.0,70.0,360.0,0.0,Urban,N
LP006402,Female,Yes,1,Not Graduate,No,15117,992.0,462.0,300.0,1.0,Rural,Y
LP006403,Male,Yes,1,Graduate,Yes,4891,794.0,170.0,360.0,1.0,Semiurban,Y
LP006404,Male,No,3+,Not Graduate,No,7318,0.0,184.0,360.0,1.0,Urban,Y
LP006405,Male,Yes,2,Graduate,No,4934,549.0,158.0,360.0,1.0,Rural,Y
LP006406,Male,Yes,0,Graduate,No,8991,929.0,198.0,360.0,1.0,Rural,Y
LP006407,Male,Yes,0,Graduate,No,2530,1911.0,153.0,360.0,1.0,Urban,Y
LP006408,Male,Yes,0,Not Graduate,Yes,3465,1012.0,198.0,240.0,1.0,Semiurban,Y
LP006409,Male,No,3+,Graduate,No,3248,0.0,111.0,180.0,0.0,Semiurban,N
LP006410,Male,Yes,0,Not Graduate,No,4425,1421.0,186.0,360.0,0.0,Urban,N
LP006411,Female,No,2,Not Graduate,No,2872,0.0,62.0,360.0,1.0,Semiurban,Y
LP006412,Male,Yes,1,Graduate,Yes,4969,1680.0,164.0,360.0,1.0,Rural,Y
LP006413,Male,No,2,Graduate,No,4240,0.0,105.0,480.0,1.0,Rural,Y
LP006414,Male,Yes,3+,Not Graduate,No,2999,0.0,66.0,360.0,1.0,Urban,Y
LP006415,Male,Yes,2,Graduate,No,4293,1294.0,158.0,360.0,1.0,Semiurban,Y
LP006416,Male,No,0,Graduate,No,4914,0.0,114.0,360.0,1.0,Semiurban,Y
LP006417,Male,Yes,3+,Not Graduate,No,5201,586.0,198.0,360.0,1.0,Urban,Y
LP006418,Female,Yes,0,Graduate,No,6499,1199.0,153.0,360.0,1.0,Semiurban,Y
LP006419,Male,Yes,2,Graduate,Yes,2559,1228.0,136.0,360.0,1.0,Urban,Y
LP006420,Male,Yes,1,Not Graduate,No,7783,1966.0,328.0,360.0,1.0,Semiurban,Y
LP006421,Male,No,1,Graduate,No,8701,0.0,239.0,360.0,1.0,Rural,Y
LP006422,Male,Yes,2,Graduate,Yes,4507,0.0,97.0,180.0,1.0,Urban,Y
LP006423,Male,Yes,0,Graduate,No,3954,0.0,157.0,360.0,1.0,Rural,Y
LP006424,Male,No,3+,Graduate,No,5280,0.0,126.0,360.0,1.0,Rural,Y
LP006425,Male,Yes,0,Graduate,No,3047,1792.0,94.0,360.0,1.0,Urban,Y
LP006426,Male,No,0,Graduate,No,4653,0.0,151.0,360.0,1.0,Rural,Y
LP006427,Male,No,0,Not Graduate,No,9039,0.0,207.0,180.0,0.0,Semiurban,N
LP006428,Male,No,0,Graduate,No,1416,0.0,47.0,180.0,1.0,Semiurban,N
LP006429,Male,Yes,0,Graduate,Yes,2179,2562.0,108.0,360.0,1.0,Semiurban,Y
LP006430,Male,Yes,1,Not Graduate,No,5706,1769.0,228.0,360.0,1.0,Urban,Y
LP006431,Male,Yes,2,Graduate,No,8014,2687.0,217.0,360.0,0.0,Urban,N
LP006432,Male,Yes,0,Graduate,No,14111,940.0,398.0,360.0,1.0,Semiurban,Y
LP006433,Female,Yes,0,Graduate,No,3526,1404.0,127.0,360.0,1.0,Semiurban,Y
LP006434,Male,Yes,0,Graduate,No,6679,899.0,216.0,360.0,0.0,Rural,N
LP006435,Male,Yes,0,Graduate,No,2286,1577.0,106.0,360.0,1.0,Semiurban,Y
LP006436,Male,No,3+,Graduate,No,4198,0.0,121.0,360.0,1.0,Semiurban,Y
LP006437,Male,Yes,1,Graduate,No,4291,0.0,93.0,360.0,0.0,Rural,N
LP006438,Male,Yes,2,Graduate,Yes,3271,0.0,108.0,360.0,1.0,Rural,Y
LP006439,Male,Yes,0,Graduate,No,6794,1371.0,212.0,360.0,1.0,Urban,Y
LP006440,Male,Yes,1,Graduate,Yes,2564,1347.0,103.0,360.0,1.0,Semiurban,Y
LP006441,Male,Yes,0,Graduate,No,3317,1182.0,99.0,360.0,0.0,Semiurban,N
LP006442,Male,No,0,Not Graduate,No,1668,0.0,47.0,360.0,1.0,Semiurban,Y
LP006443,Male,Yes,1,Graduate,No,8125,1712.0,253.0,360.0,1.0,Urban,Y
LP006444,Male,Yes,2,Graduate,No,3781,0.0,122.0,360.0,1.0,Semiurban,Y
LP006445,Male,No,0,Graduate,No,1690,0.0,51.0,360.0,1.0,Urban,Y
LP006446,Male,Yes,0,Graduate,No,6027,2250.0,252.0,360.0,1.0,Urban,Y
LP006447,Female,Yes,3+,Graduate,No,4711,0.0,156.0,360.0,1.0,Semiurban,Y
LP006448,Male,No,0,Graduate,No,10190,3230.0,360.0,84.0,1.0,Rural,Y
LP006449,Male,Yes,0,Graduate,Yes,1984,1366.0,126.0,360.0,1.0,Rural,Y
LP006450,Female,No,2,Not Graduate,Yes,3331,1439.0,114.0,360.0,1.0,Semiurban,Y
LP006451,Female,Yes,0,Graduate,No,2064,0.0,51.0,360.0,1.0,Semiurban,Y
LP006452,Male,Yes,2,Not Graduate,No,3459,759.0,133.0,360.0,1.0,Semiurban,Y
LP006453,Male,No,2,Graduate,No,4024,1659.0,147.0,360.0,1.0,Semiurban,Y
LP006454,Male,Yes,2,Graduate,No,1719,1975.0,127.0,360.0,1.0,Rural,Y
LP006455,Male,No,0,Not Graduate,No,3344,0.0,109.0,360.0,1.0,Rural,Y
LP006456,Female,Yes,0,Graduate,No,1414,0.0,62.0,360.0,1.0,Rural,Y
LP006457,Female,No,0,Graduate,No,1432,1325.0,43.0,360.0,1.0,Rural,Y
LP006458,Male,No,0,Not Graduate,No,2357,0.0,51.0,480.0,1.0,Urban,Y
LP006459,Male,Yes,2,Not Graduate,No,2508,857.0,156.0,480.0,0.0,Urban,N
LP006460,Female,Yes,0,Not Graduate,No,1983,3036.0,118.0,360.0,1.0,Semiurban,Y
LP006461,Male,No,0,Not Graduate,No,2163,0.0,61.0,360.0,1.0,Urban,Y
LP006462,Male,No,1,Graduate,No,3228,1624.0,127.0,300.0,1.0,Urban,Y
LP006463,Male,Yes,0,Graduate,No,8100,751.0,275.0,360.0,1.0,Rural,Y
LP006464,Female,Yes,0,Graduate,No,3225,1305.0,138.0,360.0,1.0,Semiurban,Y
LP006465,Male,Yes,0,Graduate,No,8105,2019.0,397.0,360.0,0.0,Rural,N
LP006466,Male,Yes,2,Graduate,No,1979,1660.0,95.0,360.0,1.0,Semiurban,Y
LP006467,Male,No,0,Graduate,No,2624,0.0,45.0,360.0,1.0,Rural,Y
LP006468,Male,No,0,Graduate,No,3080,0.0,96.0,360.0,1.0,Semiurban,Y
LP006469,Female,Yes,0,Graduate,No,3704,0.0,85.0,360.0,1.0,Semiurban,Y
LP006470,Male,Yes,0,Graduate,Yes,4694,860.0,162.0,360.0,1.0,Semiurban,Y
LP006471,Male,No,0,Graduate,No,2411,0.0,74.0,360.0,1.0,Rural,Y
LP006472,Male,Yes,1,Graduate,No,4197,0.0,121.0,360.0,1.0,Semiurban,Y
LP006473,Male,No,1,Graduate,No,3535,0.0,89.0,360.0,1.0,Rural,Y
LP006474,Male,Yes,3+,Graduate,No,5663,0.0,119.0,360.0,0.0,Rural,N
LP006475,Male,No,0,Not Graduate,No,2508,0.0,83.0,360.0,1.0,Semiurban,Y
LP006476,Male,No,1,Graduate,No,3839,0.0,83.0,360.0,1.0,Urban,Y
LP006477,Male,Yes,0,Graduate,No,8070,604.0,217.0,360.0,1.0,Urban,Y
LP006478,Male,Yes,2,Graduate,No,2919,1103.0,137.0,360.0,1.0,Semiurban,Y
LP006479,Male,Yes,0,Graduate,No,1987,5061.0,105.0,360.0,1.0,Rural,Y
LP006480,Male,Yes,3+,Graduate,No,1286,969.0,49.0,180.0,1.0,Semiurban,N
LP006481,Male,Yes,0,Graduate,No,2974,0.0,66.0,360.0,1.0,Rural,Y
LP006482,Male,Yes,0,Graduate,No,1588,0.0,47.0,360.0,0.0,Urban,N
LP006483,Male,Yes,0,Graduate,Yes,3359,982.0,125.0,360.0,0.0,Urban,N
LP006484,Male,No,0,Graduate,No,3018,3705.0,158.0,360.0,1.0,Urban,Y
LP006485,Male,Yes,3+,Graduate,No,1935,0.0,49.0,360.0,1.0,Urban,N
LP006486,Male,No,2,Graduate,No,2037,0.0,47.0,360.0,1.0,Rural,Y
LP006487,Male,No,0,Graduate,No,2029,1928.0,92.0,480.0,0.0,Semiurban,N
LP006488,Male,No,0,Graduate,No,11153,0.0,407.0,360.0,1.0,Semiurban,Y
LP006489,Male,Yes,2,Graduate,No,7387,0.0,173.0,360.0,1.0,Urban,Y
LP006490,Female,Yes,2,Graduate,No,2427,2865.0,108.0,360.0,1.0,Urban,Y
LP006491,Female,No,1,Graduate,No,4929,0.0,176.0,360.0,1.0,Semiurban,Y
LP006492,Male,Yes,0,Graduate,No,2461,4321.0,165.0,360.0,1.0,Rural,Y
LP006493,Male,Yes,0,Graduate,No,4418,0.0,95.0,360.0,1.0,Urban,Y
LP006494,Male,No,0,Graduate,Yes,2534,930.0,81.0,360.0,1.0,Semiurban,Y
LP006495,Female,No,2,Graduate,Yes,2342,0.0,43.0,360.0,1.0,Rural,Y
LP006496,Male,Yes,0,Graduate,Yes,4256,0.0,171.0,360.0,1.0,Semiurban,Y
LP006497,Male,Yes,0,Graduate,Yes,3933,3251.0,306.0,360.0,1.0,Urban,Y
LP006498,Male,No,1,Not Graduate,No,2199,0.0,33.0,360.0,1.0,Rural,Y
LP006499,Male,Yes,1,Graduate,No,3499,2385.0,167.0,360.0,1.0,Semiurban,Y
LP006500,Male,Yes,1,Graduate,No,3132,1308.0,98.0,360.0,1.0,Semiurban,Y
LP006501,Male,Yes,0,Graduate,No,3999,0.0,128.0,360.0,1.0,Semiurban,Y
LP006502,Male,No,0,Not Graduate,No,2941,0.0,52.0,360.0,1.0,Rural,Y
LP006503,Female,Yes,0,Graduate,No,8404,1394.0,377.0,480.0,1.0,Urban,Y
LP006504,Female,Yes,0,Graduate,No,2507,1624.0,135.0,180.0,0.0,Urban,N
LP006505,Male,Yes,2,Graduate,No,4326,0.0,150.0,360.0,1.0,Semiurban,Y
LP006506,Male,Yes,3+,Graduate,No,5507,1682.0,133.0,360.0,1.0,Semiurban,Y
LP006507,Male,Yes,2,Graduate,No,6116,0.0,125.0,480.0,0.0,Rural,N
LP006508,Male,Yes,0,Graduate,Yes,4741,1185.0,145.0,360.0,1.0,Rural,Y
LP006509,Male,No,0,Graduate,No,5571,2870.0,195.0,360.0,1.0,Rural,Y
LP006510,Male,No,3+,Graduate,No,5413,1840.0,230.0,360.0,1.0,Urban,Y
LP006511,Male,Yes,1,Not Graduate,No,3867,1925.0,208.0,300.0,0.0,Rural,N
LP006512,Male,No,0,Graduate,No,5159,1286.0,143.0,360.0,0.0,Rural,N
LP006513,Male,No,2,Graduate,No,3276,0.0,145.0,360.0,0.0,Semiurban,N
LP006514,Male,No,2,Graduate,No,2129,0.0,61.0,360.0,1.0,Urban,Y
LP006515,Female,Yes,0,Graduate,No,3318,0.0,102.0,360.0,1.0,Rural,Y
LP006516,Male,No,1,Not Graduate,No,7755,0.0,322.0,360.0,1.0,Semiurban,Y
LP006517,Male,Yes,0,Graduate,No,3166,0.0,65.0,360.0,1.0,Semiurban,Y
LP006518,Female,Yes,2,Not Graduate,No,3887,589.0,97.0,360.0,1.0,Rural,Y
LP006519,Male,Yes,0,Graduate,No,3340,1514.0,254.0,180.0,1.0,Semiurban,Y
LP006520,Male,Yes,1,Graduate,No,3759,861.0,71.0,360.0,1.0,Rural,Y
LP006521,Male,Yes,0,Graduate,No,1071,1006.0,82.0,300.0,1.0,Semiurban,Y
LP006522,Male,Yes,2,Not Graduate,No,3569,981.0,153.0,360.0,1.0,Semiurban,Y
LP006523,Male,Yes,3+,Not Graduate,No,2134,3593.0,163.0,360.0,1.0,Urban,Y
LP006524,Male,Yes,1,Graduate,No,3292,0.0,91.0,360.0,1.0,Semiurban,Y
LP006525,Male,No,3+,Graduate,No,13099,1696.0,463.0,360.0,1.0,Semiurban,Y
LP006526,Male,Yes,1,Graduate,Yes,4652,0.0,152.0,360.0,1.0,Rural,Y
LP006527,Male,Yes,0,Graduate,Yes,4034,0.0,120.0,360.0,1.0,Urban,Y
LP006528,Male,No,1,Graduate,Yes,3374,0.0,113.0,360.0,1.0,Urban,Y
LP006529,Male,Yes,3+,Graduate,Yes,4572,1355.0,183.0,360.0,1.0,Rural,Y
LP006530,Male,No,0,Graduate,No,6929,0.0,233.0,360.0,1.0,Urban,Y
LP006531,Male,Yes,0,Graduate,No,4893,1625.0,154.0,360.0,1.0,Rural,Y
LP006532,Male,Yes,2,Graduate,No,3789,1315.0,109.0,360.0,1.0,Semiurban,Y
LP006533,Female,Yes,0,Graduate,No,7460,0.0,198.0,360.0,0.0,Semiurban,N
LP006534,Male,No,1,Graduate,No,4819,0.0,154.0,360.0,1.0,Semiurban,Y
LP006535,Male,Yes,0,Graduate,No,3655,1374.0,103.0,180.0,1.0,Semiurban,Y
LP006536,Male,Yes,0,Graduate,No,2293,2527.0,89.0,360.0,1.0,Semiurban,Y
LP006537,Male,No,1,Not Graduate,No,2904,2237.0,115.0,360.0,0.0,Urban,N
LP006538,Male,No,0,Not Graduate,No,1000,0.0,33.0,360.0,1.0,Rural,N
LP006539,Male,Yes,0,Graduate,No,3117,1187.0,103.0,360.0,1.0,Semiurban,Y
LP006540,Male,No,1,Not Graduate,No,1922,4269.0,121.0,360.0,1.0,Semiurban,Y
LP006541,Male,No,0,Graduate,No,1139,2342.0,112.0,180.0,1.0,Semiurban,Y
LP006542,Male,Yes,0,Not Graduate,No,1802,451.0,61.0,360.0,1.0,Rural,Y
LP006543,Male,Yes,0,Graduate,Yes,6047,0.0,201.0,180.0,1.0,Urban,Y
LP006544,Male,Yes,3+,Not Graduate,No,3915,1673.0,222.0,180.0,1.0,Rural,Y
LP006545,Female,No,0,Graduate,No,2885,0.0,95.0,360.0,1.0,Urban,Y
LP006546,Male,Yes,0,Graduate,No,2542,2659.0,114.0,360.0,1.0,Urban,Y
LP006547,Male,Yes,2,Graduate,No,4409,0.0,112.0,360.0,1.0,Rural,Y
LP006548,Male,Yes,0,Graduate,No,4727,1343.0,167.0,360.0,0.0,Rural,N
LP006549,Male,Yes,0,Graduate,No,4638,1220.0,134.0,120.0,1.0,Semiurban,Y
LP006550,Male,Yes,3+,Graduate,No,2447,878.0,72.0,360.0,1.0,Urban,Y
LP006551,Male,No,1,Graduate,Yes,4802,0.0,257.0,360.0,1.0,Semiurban,Y
LP006552,Male,Yes,1,Not Graduate,No,5701,4406.0,314.0,360.0,1.0,Rural,Y
LP006553,Male,Yes,3+,Not Graduate,No,4391,0.0,105.0,360.0,0.0,Semiurban,N
LP006554,Male,No,0,Graduate,No,2056,476.0,84.0,360.0,1.0,Urban,Y
LP006555,Male,Yes,0,Not Graduate,Yes,3080,1935.0,137.0,360.0,1.0,Urban,Y
LP006556,Male,No,3+,Not Graduate,No,7475,0.0,287.0,360.0,0.0,Rural,N
LP006557,Male,Yes,0,Graduate,No,2895,727.0,116.0,360.0,1.0,Rural,Y
LP006558,Male,Yes,2,Graduate,No,4893,3912.0,279.0,360.0,1.0,Urban,Y
LP006559,Male,No,0,Not Graduate,No,9166,842.0,339.0,360.0,0.0,Rural,N
LP006560,Male,Yes,1,Graduate,No,2211,2134.0,153.0,360.0,1.0,Rural,Y
LP006561,Male,Yes,0,Graduate,No,2961,2844.0,235.0,360.0,1.0,Urban,Y
LP006562,Male,Yes,0,Not Graduate,No,6275,1456.0,238.0,360.0,1.0,Rural,Y
LP006563,Male,Yes,0,Graduate,No,1681,2681.0,139.0,360.0,1.0,Rural,Y
LP006564,Male,Yes,0,Graduate,No,6672,2920.0,231.0,360.0,1.0,Semiurban,Y
LP006565,Male,Yes,0,Graduate,Yes,1949,1844.0,107.0,360.0,1.0,Rural,Y
LP006566,Male,Yes,0,Not Graduate,No,2084,1665.0,82.0,360.0,1.0,Semiurban,Y
LP006567,Male,Yes,1,Graduate,No,2710,3368.0,153.0,360.0,1.0,Urban,Y
LP006568,Male,Yes,0,Not Graduate,No,6961,1309.0,168.0,360.0,1.0,Rural,Y
LP006569,Male,Yes,0,Graduate,No,3866,993.0,84.0,360.0,1.0,Urban,Y
LP006570,Male,Yes,3+,Graduate,No,2545,0.0,51.0,360.0,1.0,Rural,Y
LP006571,Male,Yes,2,Graduate,Yes,6654,2684.0,318.0,360.0,1.0,Semiurban,Y
LP006572,Male,No,1,Graduate,No,3617,0.0,104.0,360.0,1.0,Semiurban,Y
LP006573,Female,Yes,0,Not Graduate,No,1971,0.0,42.0,360.0,1.0,Urban,Y
LP006574,Male,Yes,2,Graduate,Yes,3834,0.0,68.0,360.0,1.0,Urban,Y
LP006575,Male,Yes,0,Graduate,No,4709,0.0,162.0,360.0,1.0,Semiurban,Y
LP006576,Male,Yes,0,Graduate,No,7302,0.0,154.0,360.0,1.0,Rural,Y
LP006577,Male,No,0,Graduate,No,2033,2474.0,116.0,240.0,1.0,Urban,Y
LP006578,Male,No,0,Graduate,No,13547,0.0,285.0,360.0,1.0,Rural,Y
LP006579,Male,No,0,Graduate,Yes,4522,0.0,104.0,360.0,1.0,Semiurban,Y
LP006580,Male,Yes,3+,Graduate,No,5553,0.0,166.0,360.0,0.0,Rural,N
LP006581,Male,No,1,Not Graduate,No,8377,1653.0,287.0,360.0,1.0,Rural,Y
LP006582,Male,Yes,0,Graduate,No,5392,0.0,166.0,360.0,1.0,Urban,Y
LP006583,Male,Yes,0,Graduate,No,3180,1477.0,142.0,360.0,1.0,Semiurban,Y
LP006584,Male,No,0,Graduate,No,4868,2026.0,235.0,360.0,1.0,Rural,Y
LP006585,Female,Yes,3+,Graduate,No,1807,841.0,110.0,180.0,1.0,Urban,N
LP006586,Male,No,0,Graduate,No,3451,0.0,72.0,360.0,1.0,Rural,Y
LP006587,Male,No,0,Graduate,No,1645,1248.0,170.0,360.0,1.0,Rural,Y
LP006588,Female,No,2,Graduate,No,2315,0.0,69.0,360.0,0.0,Urban,N
LP006589,Male,Yes,0,Graduate,No,3113,0.0,92.0,360.0,1.0,Semiurban,Y
LP006590,Male,Yes,0,Graduate,No,12332,0.0,268.0,180.0,1.0,Semiurban,Y
LP006591,Male,No,0,Graduate,No,3401,0.0,78.0,360.0,0.0,Urban,N
LP006592,Male,No,0,Graduate,No,4589,0.0,74.0,360.0,1.0,Rural,Y
LP006593,Male,Yes,0,Graduate,Yes,2020,0.0,30.0,360.0,1.0,Urban,Y
LP006594,Male,Yes,0,Not Graduate,No,4750,0.0,160.0,360.0,1.0,Urban,Y
LP006595,Female,Yes,0,Graduate,No,6037,889.0,153.0,360.0,1.0,Urban,Y
LP006596,Male,Yes,0,Graduate,No,1718,718.0,61.0,360.0,1.0,Urban,Y
LP006597,Male,Yes,0,Not Graduate,Yes,6875,4278.0,342.0,360.0,1.0,Semiurban,Y
LP006598,Male,No,1,Graduate,No,7848,0.0,179.0,360.0,1.0,Rural,Y
LP006599,Male,No,0,Graduate,No,1072,0.0,32.0,360.0,1.0,Semiurban,N
LP006600,Female,Yes,3+,Graduate,No,3235,1923.0,226.0,360.0,1.0,Rural,Y
LP006601,Female,Yes,2,Graduate,No,1277,0.0,40.0,360.0,1.0,Semiurban,N
LP006602,Female,Yes,3+,Not Graduate,No,5038,4649.0,327.0,360.0,1.0,Semiurban,Y
LP006603,Male,Yes,2,Graduate,No,3068,2363.0,121.0,360.0,1.0,Semiurban,Y
LP006604,Male,Yes,2,Not Graduate,No,4190,785.0,264.0,360.0,1.0,Rural,Y
LP006605,Male,No,1,Not Graduate,No,3825,0.0,155.0,360.0,1.0,Urban,Y
LP006606,Male,Yes,1,Graduate,No,2342,1044.0,93.0,360.0,1.0,Rural,Y
LP006607,Male,Yes,0,Graduate,No,3933,0.0,79.0,360.0,1.0,Rural,Y
LP006608,Male,No,0,Graduate,No,4265,1351.0,193.0,180.0,1.0,Urban,Y
LP006609,Male,Yes,0,Graduate,No,8684,1696.0,335.0,360.0,1.0,Urban,Y
LP006610,Male,No,2,Graduate,No,3700,0.0,57.0,360.0,1.0,Semiurban,Y
LP006611,Male,Yes,0,Not Graduate,No,3510,2672.0,274.0,480.0,1.0,Rural,Y
LP006612,Male,No,2,Graduate,No,10464,0.0,215.0,180.0,1.0,Urban,Y
LP006613,Male,Yes,1,Graduate,No,15936,0.0,353.0,360.0,1.0,Semiurban,Y
LP006614,Female,Yes,0,Graduate,No,3020,1207.0,97.0,360.0,1.0,Semiurban,Y
LP006615,Male,Yes,3+,Not Graduate,No,1466,2225.0,94.0,360.0,1.0,Semiurban,Y
LP006616,Male,Yes,0,Graduate,No,2858,1544.0,104.0,360.0,1.0,Urban,Y
LP006617,Male,No,2,Not Graduate,Yes,3468,0.0,79.0,180.0,1.0,Urban,Y
LP006618,Male,Yes,1,Graduate,No,7294,2856.0,323.0,360.0,0.0,Semiurban,N
LP006619,Male,Yes,1,Graduate,No,4600,720.0,134.0,360.0,1.0,Urban,Y
LP006620,Male,Yes,3+,Graduate,Yes,2771,1133.0,120.0,360.0,0.0,Semiurban,N
LP006621,Male,No,0,Graduate,No,2765,0.0,57.0,360.0,1.0,Urban,Y
LP006622,Male,Yes,0,Graduate,No,2936,0.0,86.0,360.0,1.0,Urban,Y
LP006623,Male,Yes,0,Graduate,No,4592,4366.0,388.0,360.0,1.0,Urban,Y
LP006624,Male,Yes,1,Graduate,No,2163,944.0,70.0,360.0,1.0,Semiurban,Y
LP006625,Male,Yes,0,Graduate,No,7837,2854.0,227.0,360.0,1.0,Rural,Y
LP006626,Male,Yes,0,Graduate,No,3428,1135.0,117.0,360.0,0.0,Semiurban,N
LP006627,Male,No,3+,Graduate,No,4895,0.0,170.0,360.0,1.0,Urban,Y
LP006628,Male,Yes,2,Graduate,No,2160,2556.0,163.0,360.0,1.0,Semiurban,Y
LP006629,Female,Yes,3+,Graduate,No,1815,2395.0,87.0,360.0,1.0,Urban,Y
LP006630,Female,Yes,2,Graduate,No,4622,5378.0,408.0,360.0,1.0,Semiurban,Y
LP006631,Male,Yes,0,Graduate,No,2346,0.0,80.0,360.0,1.0,Rural,Y
LP006632,Female,Yes,0,Graduate,Yes,6929,1283.0,171.0,360.0,1.0,Semiurban,Y
LP006633,Male,Yes,2,Not Graduate,Yes,3324,1036.0,91.0,360.0,1.0,Rural,Y
LP006634,Male,No,0,Graduate,No,3875,1675.0,199.0,360.0,1.0,Semiurban,Y
LP006635,Male,Yes,0,Graduate,No,3005,1093.0,67.0,360.0,1.0,Urban,Y
LP006636,Male,Yes,0,Graduate,No,3075,2329.0,275.0,360.0,1.0,Semiurban,Y
LP006637,Male,Yes,1,Graduate,No,1899,2450.0,105.0,360.0,0.0,Urban,N
LP006638,Male,No,2,Not Graduate,No,6543,1002.0,226.0,360.0,1.0,Rural,Y
LP006639,Female,Yes,2,Graduate,Yes,2950,3697.0,224.0,360.0,1.0,Rural,Y
LP006640,Female,Yes,3+,Not Graduate,No,2344,2027.0,124.0,360.0,0.0,Semiurban,N
LP006641,Male,Yes,0,Graduate,No,3455,0.0,81.0,180.0,0.0,Rural,N
LP006642,Male,No,2,Graduate,Yes,1812,0.0,106.0,360.0,0.0,Semiurban,N
LP006643,Female,Yes,2,Graduate,No,1955,0.0,43.0,360.0,1.0,Rural,Y
LP006644,Male,Yes,0,Graduate,No,2350,3630.0,125.0,360.0,1.0,Semiurban,Y
LP006645,Male,Yes,0,Graduate,No,2441,0.0,94.0,360.0,1.0,Urban,Y
LP006646,Male,Yes,0,Graduate,No,2981,1023.0,122.0,360.0,1.0,Urban,Y
LP006647,Male,No,0,Graduate,Yes,5619,0.0,169.0,360.0,1.0,Rural,Y
LP006648,Female,No,0,Graduate,No,2184,817.0,94.0,360.0,1.0,Rural,Y
LP006649,Male,Yes,0,Graduate,No,2645,3313.0,213.0,180.0,1.0,Rural,Y
LP006650,Male,No,2,Graduate,No,5538,0.0,146.0,360.0,0.0,Rural,N
LP006651,Male,Yes,0,Not Graduate,No,1856,835.0,85.0,360.0,1.0,Urban,Y
LP006652,Male,Yes,0,Graduate,No,5902,1931.0,346.0,300.0,1.0,Semiurban,Y
LP006653,Male,No,2,Graduate,No,4521,0.0,74.0,360.0,1.0,Rural,Y
LP006654,Male,No,0,Graduate,No,4225,0.0,87.0,360.0,1.0,Urban,Y
LP006655,Female,No,0,Graduate,No,3222,0.0,65.0,480.0,1.0,Semiurban,Y
LP006656,Male,No,0,Graduate,No,2174,3766.0,197.0,360.0,1.0,Semiurban,Y
LP006657,Male,No,0,Graduate,No,2499,0.0,59.0,360.0,1.0,Urban,Y
LP006658,Male,Yes,0,Not Graduate,No,3515,0.0,83.0,360.0,1.0,Semiurban,Y
LP006659,Female,Yes,0,Graduate,No,3221,0.0,126.0,360.0,1.0,Semiurban,Y
LP006660,Female,Yes,2,Graduate,Yes,1515,2198.0,130.0,360.0,1.0,Urban,Y
LP006661,Male,Yes,1,Not Graduate,No,3027,0.0,78.0,360.0,1.0,Rural,Y
LP006662,Male,Yes,1,Not Graduate,No,2547,0.0,59.0,360.0,0.0,Urban,N
LP006663,Male,No,0,Graduate,No,4242,0.0,174.0,360.0,1.0,Urban,Y
LP006664,Male,No,3+,Not Graduate,No,3597,0.0,69.0,360.0,1.0,Semiurban,Y
LP006665,Male,Yes,0,Graduate,No,6826,933.0,237.0,360.0,1.0,Semiurban,Y
LP006666,Male,Yes,0,Graduate,No,6261,0.0,290.0,360.0,0.0,Semiurban,N
LP006667,Male,Yes,0,Graduate,No,2736,1218.0,107.0,180.0,1.0,Semiurban,Y
LP006668,Male,Yes,0,Graduate,No,8510,722.0,198.0,360.0,1.0,Rural,Y
LP006669,Female,Yes,1,Graduate,No,3918,1941.0,166.0,240.0,1.0,Semiurban,Y
LP006670,Male,Yes,2,Graduate,No,7047,1599.0,264.0,480.0,0.0,Semiurban,N
LP006671,Male,Yes,0,Graduate,No,5707,0.0,179.0,360.0,1.0,Urban,Y
LP006672,Male,No,0,Graduate,No,2924,1668.0,154.0,360.0,1.0,Semiurban,Y
LP006673,Male,Yes,1,Graduate,No,4210,1429.0,141.0,360.0,1.0,Semiurban,Y
LP006674,Male,Yes,1,Graduate,No,2584,1278.0,156.0,300.0,1.0,Urban,Y
LP006675,Male,Yes,2,Graduate,No,6286,1315.0,246.0,360.0,1.0,Semiurban,Y
LP006676,Male,Yes,1,Not Graduate,Yes,1000,770.0,46.0,360.0,1.0,Urban,Y
LP006677,Male,Yes,2,Graduate,No,3375,0.0,115.0,240.0,1.0,Urban,Y
LP006678,Male,Yes,0,Graduate,No,3156,1064.0,127.0,360.0,1.0,Rural,Y
LP006679,Male,Yes,2,Graduate,No,2806,2344.0,153.0,360.0,1.0,Semiurban,Y
LP006680,Female,Yes,0,Graduate,No,5275,1916.0,195.0,360.0,1.0,Urban,Y
LP006681,Male,Yes,1,Not Graduate,No,1311,0.0,43.0,360.0,1.0,Rural,N
LP006682,Male,Yes,0,Graduate,No,6214,3934.0,314.0,360.0,1.0,Semiurban,Y
LP006683,Male,Yes,0,Graduate,Yes,1946,1161.0,126.0,360.0,1.0,Urban,Y
LP006684,Female,No,2,Graduate,No,3038,0.0,61.0,240.0,1.0,Rural,Y
LP006685,Male,Yes,0,Not Graduate,No,7273,0.0,156.0,360.0,1.0,Semiurban,Y
LP006686,Male,No,0,Graduate,No,6298,0.0,151.0,360.0,1.0,Semiurban,Y
LP006687,Male,Yes,3+,Graduate,No,2008,2949.0,158.0,360.0,1.0,Rural,Y
LP006688,Male,Yes,0,Graduate,Yes,7571,0.0,198.0,480.0,1.0,Rural,Y
LP006689,Male,Yes,3+,Graduate,No,3387,3699.0,212.0,360.0,1.0,Rural,Y
LP006690,Male,Yes,0,Graduate,No,6258,1611.0,176.0,360.0,1.0,Semiurban,Y
LP006691,Male,Yes,2,Not Graduate,No,3242,0.0,87.0,360.0,1.0,Urban,Y
LP006692,Male,No,0,Graduate,No,3183,1448.0,134.0,180.0,0.0,Semiurban,N
LP006693,Male,Yes,1,Graduate,No,2350,2797.0,111.0,360.0,1.0,Urban,Y
LP006694,Male,No,0,Graduate,Yes,6104,0.0,153.0,360.0,0.0,Rural,N
LP006695,Male,Yes,0,Graduate,No,1499,0.0,26.0,360.0,1.0,Rural,Y
LP006696,Male,No,0,Graduate,No,7574,2921.0,308.0,360.0,0.0,Rural,N
LP006697,Male,Yes,1,Graduate,No,5620,1432.0,336.0,360.0,1.0,Rural,Y
LP006698,Female,Yes,3+,Graduate,No,7894,1546.0,298.0,360.0,1.0,Rural,Y
LP006699,Female,No,0,Graduate,Yes,3857,0.0,149.0,360.0,0.0,Urban,N
LP006700,Male,Yes,0,Not Graduate,No,3116,3980.0,239.0,360.0,1.0,Urban,Y
LP006701,Male,Yes,0,Not Graduate,No,8390,1801.0,166.0,360.0,0.0,Urban,N
LP006702,Female,Yes,1,Graduate,No,8022,0.0,268.0,360.0,1.0,Rural,Y
LP006703,Male,Yes,3+,Graduate,Yes,7616,0.0,198.0,360.0,1.0,Semiurban,Y
LP006704,Male,Yes,2,Graduate,Yes,2199,1023.0,79.0,360.0,1.0,Rural,Y
LP006705,Male,No,0,Graduate,No,2623,0.0,82.0,360.0,0.0,Semiurban,N
LP006706,Male,Yes,3+,Graduate,No,2386,0.0,49.0,360.0,1.0,Semiurban,Y
LP006707,Male,Yes,0,Graduate,No,5355,2001.0,182.0,360.0,1.0,Semiurban,Y
LP006708,Male,Yes,1,Graduate,No,4120,0.0,84.0,240.0,1.0,Rural,Y
LP006709,Male,No,0,Graduate,Yes,2953,2247.0,221.0,360.0,1.0,Rural,Y
LP006710,Male,Yes,1,Graduate,No,4040,0.0,92.0,180.0,1.0,Semiurban,Y
LP006711,Male,Yes,0,Graduate,No,1897,1486.0,158.0,360.0,1.0,Rural,Y
LP006712,Male,Yes,1,Graduate,Yes,5345,0.0,180.0,360.0,1.0,Urban,Y
LP006713,Female,Yes,0,Graduate,No,2103,1779.0,103.0,360.0,0.0,Semiurban,N
LP006714,Female,Yes,0,Graduate,No,9350,942.0,302.0,360.0,1.0,Urban,Y
LP006715,Male,No,2,Graduate,Yes,4902,1936.0,162.0,360.0,1.0,Rural,Y
LP006716,Male,Yes,0,Graduate,No,4218,1114.0,151.0,360.0,1.0,Urban,Y
LP006717,Male,No,0,Graduate,Yes,5255,0.0,160.0,360.0,1.0,Urban,Y
LP006718,Male,No,2,Graduate,No,3253,0.0,89.0,360.0,1.0,Semiurban,Y
LP006719,Male,Yes,0,Graduate,No,6736,2097.0,298.0,360.0,1.0,Semiurban,Y
LP006720,Male,No,0,Not Graduate,No,4575,0.0,110.0,360.0,1.0,Semiurban,Y
LP006721,Male,Yes,0,Graduate,No,4225,0.0,67.0,360.0,1.0,Rural,Y
LP006722,Male,No,2,Graduate,No,11844,0.0,288.0,360.0,1.0,Rural,Y
LP006723,Male,No,1,Graduate,No,3399,0.0,86.0,360.0,1.0,Semiurban,Y
LP006724,Male,Yes,0,Graduate,No,3261,2018.0,82.0,360.0,1.0,Urban,Y
LP006725,Female,Yes,0,Not Graduate,No,1926,906.0,82.0,360.0,1.0,Semiurban,Y
LP006726,Male,No,0,Graduate,No,1841,2808.0,102.0,360.0,1.0,Urban,Y
LP006727,Male,Yes,1,Graduate,Yes,4118,782.0,108.0,360.0,1.0,Urban,Y
LP006728,Male,Yes,0,Graduate,Yes,2196,1483.0,73.0,360.0,1.0,Urban,Y
LP006729,Female,No,1,Graduate,No,9498,0.0,268.0,360.0,1.0,Semiurban,Y
LP006730,Male,No,1,Graduate,No,2606,0.0,84.0,180.0,1.0,Urban,Y
LP006731,Male,Yes,0,Graduate,No,7954,1532.0,250.0,360.0,1.0,Semiurban,Y
LP006732,Male,Yes,3+,Not Graduate,No,3613,0.0,76.0,300.0,1.0,Urban,Y
LP006733,Male,No,3+,Graduate,No,3328,0.0,79.0,300.0,1.0,Semiurban,Y
LP006734,Male,No,2,Graduate,Yes,1637,0.0,49.0,360.0,0.0,Semiurban,N
LP006735,Male,Yes,0,Graduate,No,5091,0.0,144.0,360.0,1.0,Rural,Y
LP006736,Female,No,3+,Graduate,No,2484,0.0,113.0,360.0,1.0,Rural,Y
LP006737,Male,Yes,2,Graduate,No,3015,0.0,61.0,360.0,0.0,Urban,N
LP006738,Male,No,1,Graduate,No,3369,0.0,83.0,360.0,1.0,Rural,Y
LP006739,Male,No,2,Not Graduate,No,6986,0.0,187.0,360.0,1.0,Semiurban,Y
LP006740,Male,Yes,3+,Graduate,No,1601,541.0,70.0,360.0,1.0,Semiurban,N
LP006741,Male,Yes,2,Graduate,No,6550,2449.0,532.0,360.0,1.0,Semiurban,N
LP006742,Male,Yes,1,Graduate,No,3192,2184.0,119.0,360.0,1.0,Semiurban,Y
LP006743,Male,No,3+,Graduate,No,3023,0.0,71.0,360.0,1.0,Rural,Y
LP006744,Male,No,1,Graduate,No,7373,0.0,175.0,360.0,1.0,Semiurban,Y
LP006745,Male,Yes,0,Graduate,No,4928,1576.0,200.0,360.0,0.0,Rural,N
LP006746,Male,Yes,1,Not Graduate,Yes,10777,1312.0,368.0,360.0,1.0,Semiurban,Y
LP006747,Male,No,3+,Graduate,No,2596,0.0,40.0,360.0,1.0,Urban,Y
LP006748,Male,Yes,2,Not Graduate,No,2847,0.0,59.0,360.0,1.0,Semiurban,Y
LP006749,Female,Yes,0,Graduate,No,5283,1272.0,227.0,360.0,1.0,Rural,Y
LP006750,Male,Yes,0,Graduate,Yes,3933,1432.0,170.0,360.0,1.0,Urban,Y
LP006751,Male,Yes,2,Not Graduate,No,3178,2493.0,133.0,360.0,1.0,Urban,Y
LP006752,Male,No,2,Graduate,No,6253,3572.0,257.0,360.0,0.0,Rural,N
LP006753,Male,No,3+,Graduate,No,1793,0.0,55.0,360.0,1.0,Urban,N
LP006754,Male,Yes,0,Graduate,Yes,1130,2291.0,75.0,360.0,1.0,Semiurban,Y
LP006755,Male,Yes,3+,Graduate,No,5418,2043.0,267.0,360.0,1.0,Urban,Y
LP006756,Male,Yes,2,Graduate,No,2134,0.0,56.0,84.0,1.0,Urban,N
LP006757,Male,No,1,Graduate,Yes,4982,0.0,181.0,360.0,1.0,Semiurban,Y
LP006758,Male,Yes,0,Graduate,Yes,2835,946.0,119.0,360.0,1.0,Semiurban,Y
LP006759,Male,No,3+,Not Graduate,Yes,7021,0.0,162.0,360.0,1.0,Semiurban,Y
LP006760,Female,Yes,3+,Not Graduate,No,5871,955.0,164.0,360.0,1.0,Urban,Y
LP006761,Male,Yes,0,Not Graduate,No,4182,2636.0,187.0,180.0,0.0,Rural,N
LP006762,Male,No,2,Graduate,No,2229,0.0,50.0,360.0,1.0,Semiurban,Y
LP006763,Male,No,3+,Graduate,No,3176,0.0,84.0,360.0,1.0,Rural,Y
LP006764,Male,No,2,Not Graduate,No,3531,0.0,132.0,360.0,1.0,Semiurban,Y
LP006765,Male,Yes,0,Graduate,No,4464,0.0,106.0,360.0,0.0,Rural,N
LP006766,Male,No,0,Graduate,No,3886,0.0,133.0,360.0,1.0,Rural,Y
LP006767,Male,Yes,0,Not Graduate,No,7532,1556.0,424.0,360.0,0.0,Semiurban,N
LP006768,Male,Yes,0,Graduate,No,3528,0.0,91.0,360.0,1.0,Semiurban,Y
LP006769,Male,No,1,Graduate,Yes,3734,0.0,189.0,360.0,0.0,Urban,N
LP006770,Male,Yes,1,Not Graduate,No,3672,0.0,127.0,360.0,1.0,Urban,Y
LP006771,Male,Yes,0,Graduate,No,2968,911.0,80.0,360.0,1.0,Urban,Y
LP006772,Male,No,2,Graduate,No,3104,1448.0,126.0,360.0,1.0,Semiurban,Y
LP006773,Female,No,0,Graduate,No,12373,0.0,550.0,360.0,1.0,Semiurban,N
LP006774,Male,No,0,Graduate,No,9004,0.0,209.0,360.0,1.0,Semiurban,Y
LP006775,Female,Yes,0,Not Graduate,No,9129,2246.0,315.0,360.0,1.0,Urban,Y
LP006776,Male,Yes,0,Graduate,No,7548,0.0,263.0,360.0,0.0,Semiurban,N
LP006777,Male,No,0,Graduate,No,1687,0.0,52.0,360.0,1.0,Rural,Y
LP006778,Male,No,2,Not Graduate,No,6025,4859.0,279.0,360.0,1.0,Semiurban,Y
LP006779,Male,Yes,0,Not Graduate,No,1560,1487.0,85.0,360.0,1.0,Semiurban,Y
LP006780,Male,Yes,1,Graduate,No,2759,2298.0,101.0,360.0,0.0,Urban,N
LP006781,Male,No,1,Graduate,No,2577,0.0,81.0,360.0,1.0,Urban,Y
LP006782,Male,No,0,Graduate,No,4096,0.0,99.0,360.0,1.0,Rural,Y
LP006783,Male,No,2,Graduate,No,2912,0.0,78.0,360.0,1.0,Semiurban,Y
LP006784,Male,Yes,0,Graduate,No,8327,2775.0,550.0,360.0,1.0,Rural,N
LP006785,Male,Yes,2,Not Graduate,No,2071,1084.0,68.0,360.0,1.0,Rural,Y
LP006786,Male,No,0,Graduate,No,5860,1206.0,172.0,360.0,1.0,Semiurban,Y
LP006787,Male,Yes,0,Graduate,Yes,11391,2438.0,368.0,360.0,1.0,Urban,Y
LP006788,Male,Yes,1,Graduate,No,3178,1280.0,108.0,360.0,0.0,Semiurban,N
LP006789,Male,Yes,1,Graduate,No,1763,871.0,65.0,360.0,1.0,Semiurban,Y
LP006790,Male,Yes,0,Graduate,No,4587,0.0,146.0,360.0,1.0,Rural,Y
LP006791,Male,No,2,Graduate,No,2208,0.0,120.0,360.0,0.0,Semiurban,N
LP006792,Female,No,0,Graduate,No,2329,0.0,60.0,360.0,0.0,Semiurban,N
LP006793,Male,Yes,0,Graduate,No,15620,922.0,550.0,360.0,1.0,Semiurban,N
LP006794,Male,Yes,0,Graduate,Yes,4800,3233.0,280.0,360.0,1.0,Rural,Y
LP006795,Female,Yes,2,Graduate,No,3107,2454.0,147.0,360.0,1.0,Semiurban,Y
LP006796,Male,No,0,Graduate,No,1659,0.0,35.0,360.0,1.0,Rural,Y
LP006797,Male,Yes,1,Not Graduate,No,1931,0.0,51.0,360.0,1.0,Semiurban,Y
LP006798,Male,Yes,1,Graduate,No,2665,818.0,118.0,360.0,1.0,Semiurban,Y
LP006799,Male,Yes,0,Graduate,No,5330,0.0,172.0,360.0,1.0,Rural,Y
LP006800,Male,Yes,0,Graduate,No,4638,1514.0,137.0,360.0,1.0,Urban,Y
LP006801,Female,No,0,Graduate,No,1716,0.0,58.0,360.0,0.0,Urban,N
LP006802,Male,No,0,Graduate,No,4269,1457.0,163.0,360.0,1.0,Semiurban,Y
LP006803,Male,No,3+,Graduate,No,2247,0.0,86.0,180.0,1.0,Urban,N
LP006804,Male,Yes,0,Graduate,No,1000,1851.0,85.0,240.0,1.0,Urban,Y
LP006805,Male,Yes,0,Graduate,No,5918,401.0,148.0,360.0,1.0,Urban,Y
LP006806,Male,No,0,Graduate,No,5679,0.0,189.0,360.0,1.0,Rural,Y
LP006807,Male,No,1,Graduate,No,4924,0.0,80.0,360.0,1.0,Urban,Y
LP006808,Male,No,2,Not Graduate,No,4135,0.0,197.0,360.0,1.0,Urban,Y
LP006809,Male,Yes,0,Graduate,No,6677,920.0,220.0,360.0,1.0,Urban,Y
LP006810,Female,Yes,0,Graduate,No,1913,1894.0,115.0,360.0,1.0,Urban,Y
LP006811,Female,Yes,1,Graduate,No,2965,1124.0,116.0,360.0,1.0,Semiurban,Y
LP006812,Female,No,0,Graduate,No,2144,0.0,69.0,360.0,0.0,Urban,N
LP006813,Male,No,2,Not Graduate,No,2876,0.0,69.0,360.0,1.0,Urban,Y
LP006814,Male,No,1,Graduate,No,4729,691.0,141.0,360.0,0.0,Rural,N
LP006815,Male,No,3+,Graduate,No,2399,0.0,59.0,360.0,1.0,Semiurban,Y
LP006816,Male,Yes,2,Graduate,No,5432,1695.0,123.0,360.0,1.0,Urban,Y
LP006817,Male,No,1,Graduate,Yes,2990,0.0,77.0,360.0,1.0,Semiurban,Y
LP006818,Female,Yes,0,Graduate,No,1663,1795.0,82.0,360.0,1.0,Rural,Y
LP006819,Male,Yes,0,Graduate,No,4776,3557.0,206.0,360.0,0.0,Semiurban,N
LP006820,Male,Yes,3+,Graduate,No,6208,0.0,105.0,360.0,0.0,Rural,N
LP006821,Male,Yes,0,Not Graduate,No,9762,4550.0,266.0,360.0,1.0,Semiurban,Y
LP006822,Male,Yes,0,Graduate,No,3406,2925.0,248.0,360.0,1.0,Semiurban,Y
LP006823,Male,Yes,0,Graduate,No,4533,0.0,154.0,360.0,0.0,Rural,N
LP006824,Male,No,0,Graduate,No,1171,543.0,34.0,480.0,1.0,Semiurban,Y
LP006825,Female,Yes,2,Graduate,No,2227,696.0,84.0,360.0,0.0,Rural,N
LP006826,Male,Yes,0,Graduate,Yes,6600,2686.0,288.0,180.0,1.0,Semiurban,Y
LP006827,Male,Yes,1,Not Graduate,Yes,6901,2753.0,251.0,360.0,1.0,Semiurban,Y
LP006828,Male,Yes,1,Graduate,No,10953,0.0,249.0,300.0,1.0,Rural,Y
LP006829,Female,No,0,Graduate,No,1950,0.0,42.0,360.0,1.0,Rural,Y
LP006830,Male,Yes,1,Graduate,No,3198,582.0,67.0,360.0,1.0,Semiurban,Y
LP006831,Male,No,2,Graduate,No,7195,0.0,152.0,360.0,1.0,Urban,Y
LP006832,Male,Yes,0,Graduate,No,2651,3403.0,156.0,360.0,0.0,Semiurban,N
LP006833,Male,No,0,Graduate,No,2445,0.0,85.0,360.0,1.0,Urban,Y
LP006834,Female,No,0,Graduate,Yes,2549,0.0,80.0,360.0,1.0,Urban,Y
LP006835,Male,Yes,0,Graduate,No,5228,3704.0,199.0,180.0,0.0,Semiurban,N
LP006836,Male,No,0,Graduate,Yes,2565,0.0,89.0,360.0,1.0,Rural,Y
LP006837,Male,Yes,1,Graduate,No,16317,1186.0,398.0,360.0,1.0,Urban,Y
LP006838,Female,No,0,Not Graduate,No,4972,2414.0,188.0,360.0,1.0,Urban,Y
LP006839,Male,Yes,3+,Graduate,No,6514,1456.0,266.0,180.0,1.0,Urban,Y
LP006840,Male,No,0,Graduate,No,2920,0.0,70.0,360.0,1.0,Semiurban,Y
LP006841,Female,Yes,3+,Graduate,No,5243,0.0,130.0,360.0,1.0,Urban,Y
LP006842,Male,No,0,Graduate,No,2268,0.0,56.0,360.0,1.0,Rural,Y
LP006843,Male,Yes,2,Graduate,No,3543,1885.0,168.0,360.0,1.0,Semiurban,Y
LP006844,Female,Yes,0,Graduate,No,8560,1299.0,224.0,360.0,1.0,Rural,Y
LP006845,Male,Yes,0,Graduate,No,11267,2403.0,348.0,360.0,1.0,Semiurban,Y
LP006846,Male,Yes,0,Not Graduate,No,3178,2621.0,124.0,360.0,0.0,Urban,N
LP006847,Male,No,0,Graduate,Yes,3912,0.0,79.0,360.0,1.0,Rural,Y
LP006848,Female,No,0,Graduate,Yes,1779,2781.0,125.0,360.0,0.0,Semiurban,N
LP006849,Male,No,0,Graduate,No,4232,1383.0,187.0,360.0,1.0,Rural,Y
LP006850,Male,Yes,2,Graduate,Yes,3055,1577.0,105.0,360.0,1.0,Semiurban,Y
LP006851,Female,No,2,Graduate,No,4128,0.0,114.0,360.0,0.0,Semiurban,N
LP006852,Female,Yes,3+,Graduate,No,3625,987.0,144.0,360.0,1.0,Rural,Y
LP006853,Male,Yes,0,Graduate,No,2900,1290.0,106.0,360.0,1.0,Semiurban,Y
LP006854,Male,Yes,3+,Graduate,No,3371,1843.0,171.0,360.0,1.0,Semiurban,Y
LP006855,Male,Yes,3+,Graduate,No,2186,2436.0,101.0,360.0,1.0,Urban,Y
LP006856,Male,No,0,Graduate,No,1600,0.0,59.0,360.0,1.0,Rural,Y
LP006857,Female,Yes,3+,Graduate,No,5976,2072.0,277.0,360.0,1.0,Rural,Y
LP006858,Male,No,0,Graduate,No,7370,0.0,240.0,360.0,1.0,Semiurban,Y
LP006859,Male,No,1,Graduate,No,3872,0.0,81.0,480.0,1.0,Semiurban,Y
LP006860,Male,Yes,1,Graduate,No,4051,1608.0,147.0,360.0,1.0,Rural,Y
LP006861,Male,No,0,Graduate,No,3891,1434.0,163.0,360.0,1.0,Urban,Y
LP006862,Male,No,2,Graduate,No,3654,0.0,120.0,360.0,1.0,Urban,Y
LP006863,Female,Yes,2,Not Graduate,No,2347,1931.0,240.0,360.0,1.0,Urban,Y
LP006864,Male,No,0,Graduate,No,6837,0.0,236.0,360.0,0.0,Urban,N
LP006865,Male,Yes,2,Not Graduate,No,3960,905.0,105.0,360.0,1.0,Urban,Y
LP006866,Male,No,3+,Graduate,No,4758,1636.0,257.0,360.0,0.0,Rural,N
LP006867,Male,Yes,0,Graduate,No,11247,2424.0,209.0,360.0,1.0,Semiurban,Y
LP006868,Female,Yes,1,Not Graduate,No,5314,0.0,135.0,360.0,1.0,Urban,Y
LP006869,Female,No,0,Not Graduate,No,5871,0.0,136.0,180.0,1.0,Rural,Y
LP006870,Female,Yes,2,Graduate,No,6637,0.0,151.0,360.0,1.0,Urban,Y
LP006871,Male,Yes,0,Not Graduate,No,2739,2844.0,170.0,360.0,1.0,Semiurban,Y
LP006872,Female,Yes,3+,Graduate,Yes,1559,4152.0,122.0,120.0,1.0,Urban,Y
LP006873,Female,Yes,0,Graduate,No,2101,741.0,82.0,360.0,1.0,Rural,Y
LP006874,Male,No,1,Graduate,No,5591,0.0,154.0,360.0,1.0,Rural,Y
LP006875,Male,Yes,0,Graduate,No,8389,0.0,219.0,360.0,1.0,Semiurban,Y
LP006876,Male,Yes,1,Not Graduate,No,5133,1973.0,203.0,360.0,1.0,Semiurban,Y
LP006877,Male,Yes,2,Graduate,No,1372,832.0,64.0,360.0,1.0,Urban,Y
LP006878,Female,Yes,0,Not Graduate,No,2158,0.0,53.0,360.0,0.0,Rural,N
LP006879,Male,Yes,0,Graduate,No,9407,948.0,426.0,360.0,1.0,Semiurban,Y
LP006880,Male,Yes,0,Not Graduate,No,4958,733.0,136.0,360.0,1.0,Semiurban,Y
LP006881,Male,No,3+,Graduate,No,2193,0.0,95.0,360.0,1.0,Semiurban,N
LP006882,Male,Yes,3+,Not Graduate,No,2396,0.0,85.0,360.0,1.0,Urban,Y
LP006883,Female,Yes,2,Graduate,No,6601,2630.0,201.0,360.0,1.0,Urban,Y
LP006884,Male,Yes,0,Graduate,No,4901,1154.0,188.0,360.0,1.0,Urban,Y
LP006885,Male,No,0,Graduate,No,5839,0.0,148.0,360.0,1.0,Semiurban,Y
LP006886,Male,Yes,2,Graduate,No,3521,0.0,118.0,360.0,1.0,Rural,Y
LP006887,Male,Yes,3+,Graduate,Yes,4385,1599.0,144.0,360.0,1.0,Urban,Y
LP006888,Male,No,0,Graduate,No,3387,1151.0,212.0,360.0,1.0,Semiurban,Y
LP006889,Male,Yes,2,Graduate,No,4017,1725.0,220.0,360.0,0.0,Rural,N
LP006890,Male,No,0,Not Graduate,No,2659,0.0,90.0,360.0,1.0,Urban,Y
LP006891,Male,No,0,Graduate,Yes,2578,0.0,88.0,360.0,1.0,Semiurban,Y
LP006892,Male,Yes,0,Graduate,No,11623,2409.0,548.0,360.0,1.0,Semiurban,N
LP006893,Male,No,2,Not Graduate,No,5084,0.0,125.0,360.0,0.0,Semiurban,N
LP006894,Male,Yes,0,Graduate,No,4854,3365.0,179.0,360.0,1.0,Semiurban,Y
LP006895,Male,Yes,0,Graduate,No,4930,2786.0,245.0,360.0,0.0,Semiurban,N
LP006896,Male,Yes,0,Graduate,No,3531,1410.0,215.0,360.0,1.0,Urban,Y
LP006897,Male,No,0,Graduate,No,1536,0.0,49.0,360.0,1.0,Urban,Y
LP006898,Female,No,2,Graduate,No,1871,0.0,58.0,360.0,1.0,Rural,Y
LP006899,Male,No,3+,Graduate,No,5484,0.0,134.0,360.0,1.0,Semiurban,Y
LP006900,Male,No,0,Not Graduate,No,2640,0.0,40.0,360.0,1.0,Urban,Y
LP006901,Male,Yes,0,Not Graduate,No,8789,0.0,139.0,360.0,0.0,Urban,N
LP006902,Male,No,1,Graduate,No,4996,0.0,103.0,360.0,0.0,Rural,N
LP006903,Male,Yes,0,Graduate,Yes,6386,1414.0,258.0,240.0,1.0,Urban,Y
LP006904,Male,No,0,Graduate,Yes,5499,772.0,168.0,360.0,1.0,Rural,Y
LP006905,Male,Yes,0,Graduate,Yes,6993,804.0,235.0,360.0,1.0,Rural,Y
LP006906,Male,No,3+,Graduate,No,2076,0.0,42.0,360.0,1.0,Rural,N
LP006907,Male,Yes,0,Not Graduate,No,9687,911.0,336.0,180.0,1.0,Semiurban,Y
LP006908,Male,No,0,Graduate,No,5110,1947.0,240.0,360.0,1.0,Semiurban,Y
LP006909,Male,Yes,0,Not Graduate,No,2968,1481.0,100.0,360.0,1.0,Urban,Y
LP006910,Male,Yes,0,Graduate,No,3235,1516.0,214.0,360.0,1.0,Urban,Y
LP006911,Male,No,3+,Not Graduate,No,4930,0.0,145.0,360.0,1.0,Semiurban,Y
LP006912,Male,Yes,1,Not Graduate,Yes,9372,4878.0,435.0,360.0,1.0,Semiurban,Y
LP006913,Male,Yes,0,Graduate,No,3359,619.0,96.0,360.0,1.0,Urban,Y
LP006914,Male,No,1,Graduate,No,2627,713.0,73.0,360.0,0.0,Rural,N
LP006915,Male,Yes,0,Graduate,No,4844,2011.0,157.0,360.0,1.0,Semiurban,Y
LP006916,Male,No,0,Not Graduate,No,4575,2084.0,215.0,180.0,1.0,Semiurban,Y
LP006917,Male,Yes,0,Graduate,No,1566,1444.0,55.0,300.0,1.0,Urban,Y
LP006918,Male,Yes,0,Graduate,No,2629,878.0,74.0,360.0,1.0,Rural,Y
LP006919,Male,Yes,0,Graduate,No,7154,0.0,167.0,360.0,1.0,Semiurban,Y
LP006920,Female,Yes,2,Graduate,No,4410,1713.0,209.0,360.0,1.0,Rural,Y
LP006921,Male,Yes,0,Graduate,No,6877,1182.0,167.0,360.0,1.0,Rural,Y
LP006922,Male,No,0,Graduate,No,2317,0.0,55.0,360.0,1.0,Rural,Y
LP006923,Male,Yes,1,Graduate,No,6954,1325.0,290.0,360.0,1.0,Semiurban,Y
LP006924,Male,No,0,Graduate,No,3683,0.0,83.0,180.0,1.0,Rural,Y
LP006925,Male,Yes,0,Not Graduate,No,4395,3629.0,371.0,360.0,1.0,Urban,Y
LP006926,Male,Yes,1,Graduate,No,5749,2314.0,204.0,360.0,1.0,Semiurban,Y
LP006927,Male,Yes,0,Not Graduate,No,4030,0.0,100.0,360.0,1.0,Semiurban,Y
LP006928,Male,No,3+,Graduate,No,3258,0.0,73.0,360.0,1.0,Semiurban,Y
LP006929,Male,No,2,Graduate,No,8423,0.0,343.0,360.0,1.0,Semiurban,Y
LP006930,Male,Yes,1,Graduate,No,1479,0.0,30.0,360.0,1.0,Semiurban,N
LP006931,Male,No,0,Graduate,No,3506,0.0,97.0,360.0,1.0,Urban,Y
LP006932,Male,No,0,Graduate,Yes,3435,0.0,86.0,360.0,1.0,Urban,Y
LP006933,Male,Yes,0,Graduate,No,5635,1918.0,253.0,360.0,0.0,Semiurban,N
LP006934,Female,No,3+,Graduate,No,3791,0.0,88.0,360.0,1.0,Rural,Y
LP006935,Male,No,2,Graduate,No,2966,0.0,100.0,360.0,1.0,Rural,Y
LP006936,Male,Yes,2,Graduate,No,6851,0.0,178.0,360.0,1.0,Rural,Y
LP006937,Male,No,1,Not Graduate,No,2301,0.0,45.0,360.0,0.0,Urban,N
LP006938,Male,No,0,Graduate,No,7219,0.0,146.0,360.0,1.0,Semiurban,Y
LP006939,Male,No,0,Graduate,No,4414,0.0,128.0,360.0,1.0,Rural,Y
LP006940,Male,Yes,0,Graduate,Yes,1825,1344.0,64.0,480.0,1.0,Rural,Y
LP006941,Male,Yes,0,Graduate,No,3241,0.0,112.0,480.0,1.0,Rural,Y
LP006942,Male,No,3+,Graduate,Yes,4840,0.0,168.0,360.0,1.0,Rural,Y
LP006943,Male,Yes,0,Not Graduate,No,4935,0.0,166.0,360.0,1.0,Rural,Y
LP006944,Male,Yes,0,Graduate,No,3853,1686.0,136.0,360.0,1.0,Rural,Y
LP006945,Male,No,1,Graduate,Yes,2368,0.0,47.0,360.0,1.0,Semiurban,Y
LP006946,Female,Yes,2,Graduate,No,9360,1457.0,322.0,360.0,1.0,Urban,Y
LP006947,Female,Yes,2,Not Graduate,No,5036,1885.0,203.0,360.0,1.0,Rural,Y
LP006948,Male,No,3+,Graduate,No,4450,1522.0,151.0,360.0,0.0,Rural,N
LP006949,Male,Yes,0,Graduate,No,9192,711.0,339.0,360.0,1.0,Rural,Y
LP006950,Male,Yes,0,Not Graduate,No,3762,383.0,68.0,360.0,1.0,Semiurban,Y
LP006951,Male,Yes,3+,Not Graduate,No,6492,3694.0,249.0,360.0,1.0,Semiurban,Y
LP006952,Female,No,0,Graduate,No,9730,951.0,337.0,360.0,0.0,Semiurban,N
LP006953,Male,Yes,0,Graduate,No,1638,1364.0,93.0,360.0,1.0,Rural,Y
LP006954,Male,Yes,1,Graduate,No,10109,2803.0,438.0,360.0,1.0,Urban,Y
LP006955,Female,No,0,Graduate,No,2776,0.0,48.0,360.0,1.0,Semiurban,Y
LP006956,Male,No,0,Graduate,No,2187,0.0,65.0,360.0,1.0,Urban,Y
LP006957,Male,Yes,2,Graduate,No,2211,1373.0,120.0,360.0,1.0,Rural,Y
LP006958,Male,No,2,Graduate,No,5190,0.0,219.0,360.0,1.0,Rural,Y
LP006959,Male,No,0,Graduate,No,3371,0.0,52.0,360.0,1.0,Semiurban,Y
LP006960,Male,Yes,2,Not Graduate,No,2330,0.0,64.0,360.0,1.0,Rural,Y
LP006961,Male,Yes,1,Not Graduate,No,2331,3272.0,192.0,360.0,1.0,Urban,Y
LP006962,Male,No,0,Graduate,No,3187,0.0,94.0,300.0,1.0,Rural,Y
LP006963,Male,No,2,Graduate,No,6635,0.0,195.0,360.0,1.0,Semiurban,Y
LP006964,Male,Yes,2,Graduate,Yes,2131,2188.0,107.0,360.0,1.0,Semiurban,Y
LP006965,Male,No,2,Graduate,No,3659,829.0,101.0,360.0,1.0,Urban,Y
LP006966,Male,No,2,Graduate,No,4213,0.0,146.0,300.0,1.0,Rural,Y
LP006967,Male,No,3+,Graduate,No,1690,0.0,52.0,360.0,1.0,Urban,N
LP006968,Male,Yes,0,Not Graduate,No,12827,1082.0,455.0,360.0,1.0,Semiurban,Y
LP006969,Male,Yes,3+,Graduate,No,5133,0.0,118.0,360.0,1.0,Semiurban,Y
LP006970,Male,No,1,Not Graduate,No,2266,0.0,61.0,360.0,1.0,Urban,Y
LP006971,Male,Yes,3+,Graduate,No,6573,0.0,164.0,360.0,1.0,Urban,Y
LP006972,Male,No,3+,Graduate,No,6369,0.0,162.0,360.0,1.0,Rural,Y
LP006973,Female,No,1,Graduate,Yes,5209,0.0,147.0,180.0,1.0,Semiurban,Y
LP006974,Male,Yes,0,Graduate,No,4382,1878.0,213.0,360.0,1.0,Rural,Y
LP006975,Female,Yes,0,Graduate,No,3766,0.0,111.0,360.0,1.0,Semiurban,Y
LP006976,Male,Yes,0,Graduate,No,3254,633.0,111.0,360.0,1.0,Semiurban,Y
LP006977,Male,Yes,0,Not Graduate,Yes,11958,1809.0,447.0,360.0,1.0,Rural,Y
LP006978,Male,Yes,0,Not Graduate,Yes,5887,0.0,122.0,360.0,1.0,Semiurban,Y
LP006979,Male,Yes,2,Graduate,No,5870,0.0,307.0,360.0,1.0,Urban,Y
LP006980,Male,Yes,0,Graduate,No,3608,2813.0,180.0,360.0,1.0,Semiurban,Y
LP006981,Male,Yes,3+,Not Graduate,No,3092,1714.0,96.0,360.0,1.0,Semiurban,Y
LP006982,Male,Yes,0,Not Graduate,No,2209,816.0,74.0,360.0,1.0,Semiurban,Y
LP006983,Male,No,0,Graduate,No,4378,0.0,110.0,360.0,1.0,Rural,Y
LP006984,Male,No,0,Graduate,No,1887,0.0,53.0,360.0,1.0,Urban,Y
LP006985,Male,Yes,1,Graduate,No,4085,2591.0,204.0,360.0,1.0,Urban,Y
LP006986,Male,Yes,0,Graduate,No,3153,1784.0,156.0,360.0,1.0,Rural,Y
LP006987,Male,Yes,1,Not Graduate,No,7878,2222.0,287.0,360.0,1.0,Semiurban,Y
LP006988,Male,Yes,1,Graduate,No,10394,2699.0,402.0,360.0,0.0,Rural,N
LP006989,Male,Yes,0,Graduate,No,6627,1407.0,252.0,360.0,0.0,Urban,N
LP006990,Male,Yes,2,Graduate,No,3392,1579.0,83.0,360.0,1.0,Semiurban,Y
LP006991,Male,No,1,Not Graduate,No,4432,0.0,90.0,360.0,1.0,Semiurban,Y
LP006992,Female,Yes,1,Graduate,No,2161,2089.0,99.0,360.0,1.0,Rural,Y
LP006993,Male,Yes,0,Graduate,No,6300,869.0,205.0,360.0,1.0,Urban,Y
LP006994,Male,Yes,0,Not Graduate,No,6884,0.0,360.0,360.0,0.0,Semiurban,N
LP006995,Male,No,1,Graduate,No,1772,0.0,46.0,360.0,1.0,Semiurban,Y
LP006996,Male,Yes,0,Graduate,No,2049,2472.0,223.0,360.0,0.0,Urban,N
LP006997,Male,Yes,0,Graduate,No,2666,1142.0,96.0,360.0,1.0,Semiurban,Y
LP006998,Male,Yes,0,Graduate,No,3896,0.0,77.0,360.0,1.0,Urban,Y
LP006999,Male,Yes,1,Graduate,No,2690,0.0,87.0,360.0,1.0,Rural,Y
LP007000,Male,Yes,2,Graduate,Yes,3571,3931.0,166.0,300.0,1.0,Semiurban,Y
LP007001,Male,No,1,Graduate,No,3723,0.0,110.0,360.0,1.0,Semiurban,Y
LP007002,Male,Yes,1,Graduate,No,3299,1640.0,137.0,360.0,1.0,Urban,Y
LP007003,Male,No,0,Graduate,No,2949,0.0,121.0,360.0,1.0,Semiurban,Y
LP007004,Male,Yes,0,Graduate,No,4299,1879.0,133.0,300.0,1.0,Urban,Y
LP007005,Female,Yes,2,Graduate,No,2106,0.0,85.0,180.0,1.0,Semiurban,N
LP007006,Male,No,1,Not Graduate,No,6442,0.0,257.0,360.0,0.0,Urban,N
LP007007,Male,Yes,0,Graduate,No,2830,2044.0,139.0,360.0,1.0,Semiurban,Y
LP007008,Male,Yes,2,Not Graduate,No,1917,0.0,79.0,360.0,1.0,Urban,Y
LP007009,Male,Yes,0,Not Graduate,No,3122,0.0,81.0,360.0,1.0,Urban,Y
LP007010,Male,No,0,Graduate,No,4635,0.0,146.0,180.0,1.0,Semiurban,Y
LP007011,Male,Yes,0,Graduate,No,3784,963.0,162.0,360.0,1.0,Semiurban,Y
LP007012,Male,No,0,Graduate,No,5644,0.0,170.0,360.0,1.0,Semiurban,Y
LP007013,Female,No,0,Graduate,No,4223,1302.0,122.0,360.0,1.0,Rural,Y
LP007014,Female,Yes,0,Graduate,No,3005,0.0,53.0,360.0,1.0,Urban,Y
LP007015,Male,Yes,1,Not Graduate,No,2260,1181.0,80.0,360.0,1.0,Semiurban,Y
LP007016,Male,Yes,0,Graduate,No,2822,1092.0,74.0,360.0,0.0,Semiurban,N
LP007017,Male,Yes,1,Graduate,No,1484,2744.0,95.0,360.0,1.0,Semiurban,Y
LP007018,Male,Yes,1,Graduate,No,3511,0.0,116.0,360.0,1.0,Urban,Y
LP007019,Male,Yes,3+,Graduate,Yes,1000,3511.0,154.0,360.0,1.0,Semiurban,Y
LP007020,Female,No,1,Graduate,No,4954,0.0,221.0,480.0,1.0,Semiurban,Y
LP007021,Male,Yes,0,Graduate,No,3252,5627.0,253.0,300.0,1.0,Rural,Y
LP007022,Male,Yes,1,Not Graduate,No,1837,872.0,93.0,360.0,1.0,Urban,Y
LP007023,Male,No,0,Graduate,No,2127,0.0,48.0,360.0,1.0,Rural,Y
LP007024,Male,Yes,1,Graduate,No,7726,809.0,183.0,360.0,1.0,Semiurban,Y
LP007025,Male,Yes,0,Graduate,No,4826,1274.0,148.0,360.0,1.0,Semiurban,Y
LP007026,Male,No,2,Graduate,Yes,4827,0.0,103.0,360.0,1.0,Semiurban,Y
LP007027,Female,No,0,Graduate,No,7724,0.0,239.0,360.0,0.0,Semiurban,N
LP007028,Male,Yes,0,Not Graduate,No,2389,0.0,50.0,360.0,1.0,Urban,Y
LP007029,Male,Yes,1,Not Graduate,No,4729,2969.0,201.0,360.0,1.0,Semiurban,Y
LP007030,Male,Yes,0,Graduate,No,4447,705.0,139.0,360.0,1.0,Urban,Y
LP007031,Male,Yes,0,Graduate,No,9279,1790.0,472.0,360.0,1.0,Urban,Y
LP007032,Male,No,0,Graduate,No,3716,1875.0,149.0,360.0,1.0,Semiurban,Y
LP007033,Female,Yes,0,Graduate,No,2606,0.0,40.0,360.0,0.0,Rural,N
LP007034,Female,Yes,2,Graduate,No,7174,1594.0,176.0,360.0,1.0,Rural,Y
LP007035,Male,Yes,0,Graduate,Yes,2796,297.0,99.0,360.0,1.0,Urban,Y
LP007036,Male,No,0,Graduate,No,1936,0.0,66.0,300.0,1.0,Rural,Y
LP007037,Female,Yes,0,Not Graduate,No,4777,0.0,108.0,360.0,1.0,Rural,Y
LP007038,Male,Yes,0,Graduate,No,2316,0.0,55.0,360.0,1.0,Rural,Y
LP007039,Male,Yes,0,Graduate,No,2780,982.0,81.0,360.0,1.0,Semiurban,Y
LP007040,Male,Yes,0,Graduate,No,4265,1316.0,253.0,360.0,1.0,Urban,Y
LP007041,Male,No,1,Graduate,No,3555,3045.0,261.0,360.0,1.0,Rural,Y
LP007042,Female,No,0,Graduate,No,4543,0.0,155.0,360.0,1.0,Urban,Y
LP007043,Male,Yes,2,Graduate,No,2950,1011.0,162.0,360.0,1.0,Semiurban,Y
LP007044,Male,No,0,Graduate,No,6269,952.0,157.0,180.0,1.0,Semiurban,Y
LP007045,Female,Yes,1,Not Graduate,No,2141,0.0,75.0,360.0,1.0,Semiurban,Y
LP007046,Male,No,0,Graduate,Yes,3416,0.0,108.0,480.0,1.0,Rural,Y
LP007047,Male,Yes,2,Not Graduate,No,3036,1005.0,173.0,360.0,1.0,Rural,Y
LP007048,Male,Yes,1,Graduate,No,5299,0.0,178.0,360.0,1.0,Urban,Y
LP007049,Female,Yes,1,Not Graduate,No,2206,0.0,84.0,360.0,1.0,Rural,Y
LP007050,Male,Yes,0,Graduate,No,2342,1854.0,136.0,360.0,1.0,Semiurban,Y
LP007051,Female,Yes,2,Graduate,No,3015,0.0,90.0,360.0,1.0,Urban,Y
LP007052,Male,Yes,0,Graduate,No,2063,2455.0,110.0,360.0,1.0,Semiurban,Y
LP007053,Female,Yes,0,Graduate,Yes,5247,0.0,130.0,180.0,1.0,Urban,Y
LP007054,Male,No,0,Graduate,No,4161,992.0,226.0,180.0,1.0,Semiurban,Y
LP007055,Male,Yes,2,Not Graduate,Yes,4396,0.0,82.0,360.0,1.0,Semiurban,Y
LP007056,Female,No,0,Graduate,No,2010,0.0,47.0,360.0,1.0,Semiurban,Y
LP007057,Male,Yes,0,Graduate,No,2626,1939.0,117.0,360.0,0.0,Semiurban,N
LP007058,Female,No,0,Graduate,Yes,2620,1246.0,114.0,360.0,1.0,Rural,Y
LP007059,Male,Yes,0,Graduate,No,2207,0.0,39.0,360.0,1.0,Urban,Y
LP007060,Female,Yes,0,Graduate,Yes,1937,2423.0,65.0,360.0,1.0,Rural,Y
LP007061,Male,Yes,3+,Graduate,No,1000,2078.0,88.0,360.0,1.0,Urban,Y
LP007062,Male,Yes,2,Graduate,No,4187,1563.0,251.0,180.0,1.0,Rural,Y
LP007063,Male,Yes,0,Not Graduate,No,4630,1225.0,203.0,360.0,1.0,Urban,Y
LP007064,Male,Yes,0,Graduate,No,2975,0.0,87.0,360.0,1.0,Semiurban,Y
LP007065,Male,Yes,0,Not Graduate,No,3177,0.0,136.0,180.0,1.0,Rural,Y
LP007066,Male,Yes,2,Graduate,No,4590,1782.0,120.0,360.0,1.0,Rural,Y
LP007067,Male,No,2,Not Graduate,No,1626,0.0,73.0,300.0,1.0,Urban,N
LP007068,Male,Yes,2,Graduate,No,3583,0.0,145.0,360.0,1.0,Rural,Y
LP007069,Female,No,0,Graduate,Yes,1694,0.0,46.0,480.0,1.0,Urban,Y
LP007070,Male,Yes,1,Graduate,No,6581,2870.0,315.0,360.0,1.0,Rural,Y
LP007071,Male,Yes,1,Graduate,No,2114,1325.0,88.0,360.0,1.0,Semiurban,Y
LP007072,Female,No,0,Graduate,Yes,7063,0.0,142.0,360.0,0.0,Rural,N
LP007073,Male,Yes,0,Graduate,No,3061,780.0,130.0,180.0,1.0,Semiurban,Y
LP007074,Male,Yes,1,Graduate,Yes,8392,1277.0,321.0,360.0,1.0,Urban,Y
LP007075,Female,Yes,0,Not Graduate,No,2124,896.0,93.0,360.0,0.0,Rural,N
LP007076,Male,Yes,0,Not Graduate,No,1434,651.0,58.0,180.0,0.0,Semiurban,N
LP007077,Male,Yes,2,Not Graduate,No,5241,0.0,168.0,360.0,1.0,Rural,Y
LP007078,Male,No,0,Not Graduate,No,5955,857.0,219.0,360.0,0.0,Semiurban,N
LP007079,Male,Yes,0,Graduate,No,3358,844.0,132.0,360.0,1.0,Semiurban,Y
LP007080,Male,No,1,Graduate,No,2534,0.0,95.0,360.0,1.0,Rural,Y
LP007081,Male,Yes,0,Graduate,Yes,5161,1813.0,215.0,360.0,1.0,Rural,Y
LP007082,Male,No,3+,Not Graduate,No,2805,0.0,66.0,360.0,1.0,Rural,Y
LP007083,Male,No,3+,Graduate,Yes,1986,0.0,41.0,180.0,1.0,Urban,N
LP007084,Male,Yes,2,Graduate,No,5586,497.0,223.0,60.0,1.0,Semiurban,N
LP007085,Male,Yes,0,Not Graduate,No,3448,3386.0,171.0,360.0,1.0,Semiurban,Y
LP007086,Male,No,0,Graduate,No,13828,0.0,304.0,360.0,0.0,Semiurban,N
LP007087,Male,Yes,0,Graduate,No,3365,1655.0,162.0,360.0,1.0,Rural,Y
LP007088,Male,Yes,0,Graduate,No,3366,1583.0,136.0,360.0,1.0,Semiurban,Y
LP007089,Male,No,0,Graduate,No,2721,0.0,74.0,360.0,1.0,Rural,Y
LP007090,Male,Yes,2,Graduate,No,4637,1244.0,194.0,360.0,1.0,Rural,Y
LP007091,Male,Yes,2,Graduate,No,1326,0.0,33.0,360.0,1.0,Semiurban,N
LP007092,Male,No,0,Graduate,No,3433,0.0,95.0,360.0,1.0,Rural,Y
LP007093,Male,No,2,Graduate,No,5623,0.0,253.0,360.0,1.0,Rural,Y
LP007094,Male,No,0,Graduate,No,7846,0.0,236.0,360.0,0.0,Urban,N
LP007095,Male,Yes,2,Graduate,No,1939,2404.0,118.0,360.0,1.0,Semiurban,Y
LP007096,Male,Yes,0,Graduate,No,1751,1732.0,82.0,360.0,0.0,Semiurban,N
LP007097,Male,Yes,1,Graduate,No,2068,0.0,42.0,360.0,1.0,Semiurban,Y
LP007098,Male,Yes,2,Graduate,No,1881,0.0,52.0,360.0,1.0,Urban,Y
LP007099,Female,Yes,0,Graduate,No,5369,2511.0,365.0,360.0,1.0,Semiurban,Y
LP007100,Male,No,0,Graduate,No,1000,0.0,27.0,360.0,1.0,Semiurban,N
LP007101,Female,Yes,2,Graduate,No,5018,2783.0,246.0,360.0,1.0,Semiurban,Y
LP007102,Male,Yes,2,Not Graduate,No,5097,945.0,121.0,360.0,1.0,Semiurban,Y
LP007103,Male,No,2,Graduate,No,2127,0.0,67.0,360.0,1.0,Semiurban,Y
LP007104,Female,Yes,3+,Graduate,No,7211,0.0,190.0,240.0,1.0,Semiurban,Y
LP007105,Male,Yes,0,Graduate,No,2539,0.0,65.0,360.0,1.0,Semiurban,Y
LP007106,Female,Yes,0,Graduate,Yes,1008,3415.0,120.0,360.0,1.0,Rural,Y
LP007107,Male,Yes,0,Not Graduate,No,7524,0.0,231.0,360.0,1.0,Semiurban,Y
LP007108,Male,No,0,Graduate,No,5451,1318.0,218.0,360.0,1.0,Semiurban,Y
LP007109,Male,No,0,Graduate,No,2135,0.0,72.0,360.0,1.0,Semiurban,Y
LP007110,Male,Yes,0,Graduate,No,4573,442.0,123.0,360.0,1.0,Semiurban,Y
LP007111,Female,Yes,0,Graduate,No,2198,0.0,69.0,360.0,1.0,Urban,Y
LP007112,Male,No,0,Graduate,No,4220,0.0,87.0,360.0,0.0,Semiurban,N
LP007113,Female,Yes,2,Graduate,No,2206,1469.0,112.0,180.0,1.0,Urban,Y
LP007114,Male,No,0,Graduate,Yes,4501,0.0,152.0,360.0,1.0,Urban,Y
LP007115,Male,No,2,Graduate,No,1756,0.0,59.0,360.0,1.0,Rural,N
LP007116,Female,Yes,1,Graduate,No,4728,1528.0,213.0,360.0,1.0,Semiurban,Y
LP007117,Male,Yes,1,Graduate,No,2440,1326.0,87.0,360.0,1.0,Urban,Y
LP007118,Male,Yes,0,Graduate,No,1297,1869.0,108.0,360.0,1.0,Semiurban,Y
LP007119,Male,Yes,2,Graduate,No,2968,906.0,129.0,360.0,1.0,Urban,Y
LP007120,Male,Yes,1,Graduate,No,9173,0.0,261.0,360.0,1.0,Semiurban,Y
LP007121,Male,No,0,Not Graduate,No,4867,0.0,155.0,360.0,1.0,Urban,Y
LP007122,Male,No,1,Graduate,Yes,2082,975.0,91.0,360.0,1.0,Rural,Y
LP007123,Male,Yes,2,Graduate,No,2651,0.0,103.0,360.0,0.0,Urban,N
LP007124,Female,Yes,0,Graduate,No,3537,0.0,136.0,360.0,1.0,Rural,Y
LP007125,Male,Yes,2,Not Graduate,Yes,2275,0.0,55.0,360.0,1.0,Semiurban,Y
LP007126,Female,Yes,2,Graduate,No,6478,1202.0,240.0,360.0,0.0,Urban,N
LP007127,Female,Yes,0,Graduate,No,4883,1859.0,234.0,180.0,0.0,Urban,N
LP007128,Male,No,3+,Graduate,No,5197,0.0,159.0,360.0,1.0,Semiurban,Y
LP007129,Male,Yes,2,Graduate,No,3962,934.0,125.0,360.0,1.0,Rural,Y
LP007130,Female,Yes,0,Graduate,No,4799,1302.0,183.0,84.0,1.0,Urban,Y
LP007131,Male,No,1,Graduate,No,3073,1264.0,103.0,180.0,1.0,Urban,Y
LP007132,Male,Yes,0,Graduate,No,2300,992.0,142.0,360.0,0.0,Rural,N
LP007133,Male,No,2,Not Graduate,No,4560,0.0,140.0,360.0,1.0,Semiurban,Y
LP007134,Male,Yes,2,Graduate,No,12908,1340.0,550.0,360.0,1.0,Semiurban,N
LP007135,Female,No,0,Graduate,No,1447,3414.0,118.0,360.0,1.0,Urban,Y
LP007136,Female,Yes,2,Graduate,No,7920,866.0,267.0,360.0,1.0,Urban,Y
LP007137,Male,Yes,0,Not Graduate,No,4833,0.0,166.0,360.0,1.0,Semiurban,Y
LP007138,Male,Yes,2,Graduate,No,2346,0.0,48.0,360.0,1.0,Semiurban,Y
LP007139,Male,No,0,Graduate,No,4011,1347.0,84.0,360.0,0.0,Urban,N
LP007140,Female,Yes,0,Graduate,No,5943,2132.0,239.0,360.0,0.0,Semiurban,N
LP007141,Female,Yes,0,Graduate,No,1947,1405.0,87.0,360.0,1.0,Semiurban,Y
LP007142,Male,Yes,0,Graduate,No,3618,1309.0,165.0,360.0,1.0,Urban,Y
LP007143,Male,Yes,0,Graduate,No,4164,0.0,84.0,360.0,1.0,Urban,Y
LP007144,Male,Yes,1,Graduate,No,10672,940.0,266.0,360.0,1.0,Rural,Y
LP007145,Male,Yes,0,Graduate,No,2524,1195.0,142.0,360.0,1.0,Semiurban,Y
LP007146,Male,No,1,Graduate,No,6224,0.0,211.0,180.0,0.0,Semiurban,N
LP007147,Male,No,0,Graduate,No,6972,1359.0,205.0,120.0,0.0,Semiurban,N
LP007148,Male,Yes,0,Graduate,No,2244,0.0,81.0,360.0,1.0,Rural,Y
LP007149,Male,Yes,1,Graduate,No,3910,1418.0,127.0,360.0,0.0,Semiurban,N
LP007150,Male,Yes,1,Graduate,No,6269,760.0,155.0,360.0,1.0,Urban,Y
LP007151,Male,Yes,0,Not Graduate,No,9152,754.0,245.0,360.0,1.0,Semiurban,Y
LP007152,Male,No,1,Graduate,No,5107,0.0,113.0,360.0,1.0,Semiurban,Y
LP007153,Male,No,3+,Graduate,No,2525,0.0,68.0,360.0,1.0,Rural,Y
LP007154,Male,No,1,Graduate,No,9910,0.0,314.0,180.0,1.0,Semiurban,Y
LP007155,Female,Yes,0,Graduate,No,4087,2981.0,242.0,480.0,1.0,Rural,Y
LP007156,Female,No,1,Not Graduate,No,14392,0.0,263.0,480.0,1.0,Semiurban,Y
LP007157,Female,Yes,0,Graduate,No,3755,1228.0,231.0,360.0,1.0,Semiurban,Y
LP007158,Male,Yes,0,Graduate,No,7444,1623.0,254.0,180.0,1.0,Urban,Y
LP007159,Male,Yes,0,Graduate,No,1783,0.0,53.0,84.0,0.0,Rural,N
LP007160,Male,Yes,3+,Graduate,No,12341,1066.0,353.0,360.0,0.0,Rural,N
LP007161,Male,Yes,0,Not Graduate,No,2386,976.0,102.0,360.0,1.0,Semiurban,Y
LP007162,Female,No,0,Not Graduate,No,3230,1710.0,131.0,360.0,1.0,Rural,Y
LP007163,Male,Yes,2,Not Graduate,Yes,2962,0.0,55.0,360.0,1.0,Rural,Y
LP007164,Male,No,0,Not Graduate,Yes,4512,0.0,129.0,360.0,0.0,Urban,N
LP007165,Male,No,2,Graduate,No,2802,2295.0,125.0,360.0,1.0,Rural,Y
LP007166,Male,No,3+,Not Graduate,No,4256,0.0,192.0,360.0,1.0,Urban,Y
LP007167,Male,Yes,2,Not Graduate,No,6839,1687.0,201.0,360.0,0.0,Rural,N
LP007168,Male,Yes,3+,Graduate,No,2453,2015.0,120.0,360.0,1.0,Semiurban,Y
LP007169,Male,Yes,0,Graduate,No,1047,0.0,26.0,180.0,1.0,Urban,N
LP007170,Male,Yes,0,Graduate,No,6582,0.0,155.0,360.0,1.0,Semiurban,Y
LP007171,Male,No,0,Graduate,No,2064,414.0,64.0,360.0,1.0,Semiurban,Y
LP007172,Male,No,2,Graduate,No,3471,0.0,69.0,360.0,1.0,Rural,Y
LP007173,Female,Yes,0,Not Graduate,No,3665,1707.0,185.0,360.0,1.0,Semiurban,Y
LP007174,Male,No,2,Graduate,No,3300,841.0,110.0,360.0,1.0,Urban,Y
LP007175,Male,No,0,Graduate,No,7966,0.0,168.0,240.0,1.0,Semiurban,Y
LP007176,Male,Yes,0,Graduate,No,13754,904.0,264.0,360.0,1.0,Semiurban,Y
LP007177,Male,Yes,2,Not Graduate,No,4478,0.0,99.0,180.0,1.0,Semiurban,Y
LP007178,Female,Yes,0,Graduate,No,4757,1000.0,120.0,180.0,1.0,Semiurban,Y
LP007179,Male,No,2,Graduate,Yes,1878,0.0,59.0,480.0,0.0,Semiurban,N
LP007180,Female,Yes,2,Graduate,No,6451,0.0,111.0,360.0,1.0,Urban,Y
LP007181,Male,No,0,Graduate,No,2241,558.0,94.0,360.0,1.0,Semiurban,Y
LP007182,Male,No,2,Graduate,No,4205,0.0,132.0,84.0,1.0,Urban,Y
LP007183,Male,No,3+,Graduate,No,1000,0.0,20.0,360.0,1.0,Semiurban,N
LP007184,Male,Yes,0,Graduate,No,6598,1861.0,187.0,360.0,0.0,Urban,N
LP007185,Male,No,0,Not Graduate,No,3790,1061.0,154.0,360.0,1.0,Rural,Y
LP007186,Male,No,2,Graduate,No,4921,0.0,205.0,180.0,1.0,Rural,Y
LP007187,Male,Yes,1,Graduate,Yes,3461,0.0,52.0,360.0,1.0,Semiurban,Y
LP007188,Male,No,3+,Graduate,No,1728,0.0,72.0,360.0,1.0,Rural,N
LP007189,Male,Yes,0,Graduate,No,12486,704.0,451.0,84.0,1.0,Semiurban,Y
LP007190,Male,Yes,1,Graduate,No,3933,2826.0,158.0,360.0,1.0,Urban,Y
LP007191,Male,Yes,0,Graduate,No,9748,628.0,352.0,360.0,1.0,Semiurban,Y
LP007192,Male,Yes,0,Graduate,No,1525,2489.0,183.0,300.0,1.0,Urban,Y
LP007193,Female,No,1,Not Graduate,Yes,2596,0.0,82.0,360.0,1.0,Urban,Y
LP007194,Male,Yes,2,Graduate,No,4558,4016.0,273.0,360.0,1.0,Semiurban,Y
LP007195,Male,Yes,0,Graduate,No,4965,1697.0,170.0,360.0,1.0,Urban,Y
LP007196,Male,No,0,Not Graduate,Yes,1903,0.0,68.0,180.0,1.0,Rural,Y
LP007197,Male,No,0,Graduate,No,7800,0.0,200.0,360.0,1.0,Urban,Y
LP007198,Male,No,0,Graduate,No,3452,0.0,113.0,360.0,1.0,Urban,Y
LP007199,Male,No,1,Graduate,No,1874,0.0,45.0,360.0,0.0,Semiurban,N
LP007200,Male,No,1,Graduate,No,4041,1261.0,132.0,84.0,0.0,Urban,N
LP007201,Male,No,0,Graduate,No,2885,0.0,114.0,360.0,1.0,Urban,Y
LP007202,Male,Yes,0,Not Graduate,No,8269,944.0,194.0,360.0,1.0,Rural,Y
LP007203,Male,No,0,Graduate,No,2021,0.0,78.0,360.0,1.0,Semiurban,Y
LP007204,Male,Yes,2,Graduate,No,6298,3235.0,233.0,360.0,0.0,Semiurban,N
LP007205,Male,Yes,0,Graduate,No,1719,1770.0,99.0,360.0,0.0,Rural,N
LP007206,Male,Yes,0,Graduate,No,2071,2232.0,177.0,360.0,1.0,Semiurban,Y
LP007207,Male,No,0,Graduate,No,2208,0.0,73.0,180.0,0.0,Rural,N
LP007208,Male,Yes,0,Not Graduate,No,5098,0.0,146.0,360.0,1.0,Rural,Y
LP007209,Male,No,0,Graduate,No,1750,0.0,41.0,360.0,1.0,Rural,Y
LP007210,Male,No,0,Graduate,No,3128,4586.0,192.0,360.0,1.0,Rural,Y
LP007211,Male,No,2,Graduate,No,4876,1002.0,116.0,360.0,0.0,Rural,N
LP007212,Male,Yes,3+,Not Graduate,No,5525,1571.0,153.0,360.0,1.0,Urban,Y
LP007213,Male,No,0,Graduate,No,2906,0.0,70.0,360.0,0.0,Rural,N
LP007214,Male,No,0,Graduate,No,3280,0.0,65.0,180.0,1.0,Urban,Y
LP007215,Male,Yes,3+,Graduate,No,5778,1541.0,196.0,360.0,1.0,Rural,Y
LP007216,Female,Yes,1,Graduate,No,3974,1801.0,311.0,360.0,1.0,Semiurban,Y
LP007217,Male,Yes,0,Graduate,No,5230,907.0,186.0,360.0,0.0,Rural,N
LP007218,Male,Yes,0,Graduate,No,5600,536.0,113.0,360.0,1.0,Rural,Y
LP007219,Male,Yes,3+,Graduate,No,6216,3030.0,234.0,360.0,1.0,Rural,Y
LP007220,Male,No,1,Graduate,No,10388,4448.0,465.0,360.0,1.0,Semiurban,Y
LP007221,Female,Yes,0,Graduate,Yes,1692,1175.0,132.0,360.0,0.0,Semiurban,N
LP007222,Male,Yes,2,Graduate,No,3997,983.0,162.0,360.0,1.0,Semiurban,Y
LP007223,Female,Yes,0,Graduate,No,2398,2722.0,93.0,360.0,0.0,Rural,N
LP007224,Male,Yes,0,Graduate,No,4067,0.0,149.0,180.0,0.0,Urban,N
LP007225,Female,Yes,0,Graduate,Yes,7589,1340.0,293.0,360.0,1.0,Rural,Y
LP007226,Male,Yes,0,Not Graduate,Yes,7148,1333.0,254.0,360.0,1.0,Semiurban,Y
LP007227,Male,Yes,3+,Graduate,No,3518,1080.0,100.0,360.0,1.0,Rural,Y
LP007228,Male,Yes,0,Graduate,No,8946,1817.0,359.0,360.0,1.0,Semiurban,Y
LP007229,Male,Yes,0,Graduate,No,7644,1185.0,249.0,360.0,1.0,Urban,Y
LP007230,Female,No,3+,Graduate,No,5180,754.0,177.0,360.0,0.0,Semiurban,N
LP007231,Female,Yes,0,Not Graduate,Yes,4800,1907.0,222.0,360.0,1.0,Urban,Y
LP007232,Male,No,1,Graduate,No,1599,0.0,53.0,360.0,1.0,Semiurban,Y
LP007233,Male,No,0,Not Graduate,No,3661,0.0,93.0,360.0,1.0,Rural,Y
LP007234,Male,No,0,Graduate,No,3447,940.0,115.0,360.0,1.0,Rural,Y
LP007235,Male,Yes,0,Graduate,No,3963,1307.0,147.0,360.0,1.0,Rural,Y
LP007236,Female,Yes,1,Graduate,No,1968,2276.0,110.0,360.0,1.0,Semiurban,Y
LP007237,Male,Yes,0,Graduate,No,2676,454.0,47.0,360.0,0.0,Urban,N
LP007238,Male,No,1,Graduate,No,2241,0.0,72.0,360.0,1.0,Rural,Y
LP007239,Male,Yes,2,Graduate,Yes,2475,3485.0,164.0,180.0,1.0,Rural,Y
LP007240,Male,No,0,Graduate,No,1815,0.0,38.0,360.0,1.0,Semiurban,Y
LP007241,Male,Yes,2,Graduate,No,2230,1662.0,79.0,360.0,1.0,Urban,Y
LP007242,Male,No,0,Graduate,No,2968,1049.0,83.0,360.0,1.0,Rural,Y
LP007243,Male,Yes,3+,Not Graduate,Yes,2269,643.0,59.0,180.0,1.0,Semiurban,Y
LP007244,Male,Yes,0,Not Graduate,Yes,3245,0.0,105.0,360.0,0.0,Rural,N
LP007245,Male,Yes,2,Not Graduate,No,1830,2964.0,98.0,360.0,1.0,Urban,Y
LP007246,Male,No,0,Graduate,No,2656,0.0,56.0,360.0,1.0,Urban,Y
LP007247,Male,No,0,Graduate,No,4716,0.0,159.0,360.0,1.0,Rural,Y
LP007248,Female,Yes,1,Graduate,No,2045,0.0,45.0,360.0,1.0,Semiurban,Y
LP007249,Male,Yes,2,Graduate,Yes,2518,0.0,61.0,360.0,0.0,Urban,N
LP007250,Male,Yes,0,Graduate,No,4264,1922.0,203.0,360.0,1.0,Rural,Y
LP007251,Male,Yes,0,Graduate,No,3558,0.0,135.0,360.0,0.0,Rural,N
LP007252,Male,Yes,2,Graduate,No,2264,3041.0,133.0,360.0,1.0,Rural,Y
LP007253,Male,Yes,0,Graduate,No,3658,0.0,108.0,360.0,1.0,Rural,Y
LP007254,Male,Yes,0,Not Graduate,No,5043,798.0,263.0,360.0,1.0,Semiurban,Y
LP007255,Female,Yes,2,Graduate,No,5185,1191.0,150.0,360.0,1.0,Urban,Y
LP007256,Female,Yes,1,Graduate,Yes,2822,1665.0,102.0,360.0,0.0,Semiurban,N
LP007257,Male,Yes,0,Graduate,No,1966,0.0,41.0,360.0,1.0,Rural,Y
LP007258,Female,Yes,2,Graduate,No,2380,0.0,49.0,360.0,1.0,Rural,Y
LP007259,Male,Yes,1,Graduate,No,3800,1429.0,107.0,360.0,1.0,Semiurban,Y
LP007260,Male,Yes,0,Graduate,No,5896,1018.0,279.0,360.0,1.0,Semiurban,Y
LP007261,Female,Yes,1,Graduate,No,6748,0.0,122.0,360.0,1.0,Urban,Y
LP007262,Male,No,2,Graduate,No,2343,0.0,50.0,360.0,0.0,Semiurban,N
LP007263,Male,No,0,Graduate,No,3656,0.0,82.0,360.0,1.0,Semiurban,Y
LP007264,Male,Yes,2,Graduate,No,4639,0.0,139.0,360.0,1.0,Semiurban,Y
LP007265,Male,No,0,Graduate,No,4382,0.0,234.0,360.0,1.0,Semiurban,Y
LP007266,Male,Yes,0,Graduate,No,5175,1837.0,163.0,360.0,0.0,Urban,N
LP007267,Male,No,0,Not Graduate,No,10499,939.0,334.0,360.0,1.0,Urban,Y
LP007268,Male,Yes,0,Graduate,Yes,2731,0.0,70.0,360.0,0.0,Urban,N
LP007269,Male,Yes,1,Not Graduate,No,3030,2860.0,119.0,360.0,1.0,Semiurban,Y
LP007270,Male,No,2,Not Graduate,No,1869,0.0,53.0,300.0,1.0,Urban,Y
LP007271,Male,Yes,2,Graduate,Yes,1061,570.0,36.0,360.0,1.0,Semiurban,N
LP007272,Female,No,3+,Graduate,No,2517,0.0,45.0,240.0,1.0,Semiurban,Y
LP007273,Male,Yes,0,Graduate,No,4975,859.0,190.0,360.0,1.0,Urban,Y
LP007274,Male,Yes,3+,Graduate,No,3115,392.0,165.0,360.0,1.0,Urban,Y
LP007275,Male,Yes,0,Not Graduate,No,3266,0.0,92.0,360.0,1.0,Semiurban,Y
LP007276,Male,Yes,3+,Graduate,Yes,4096,1977.0,138.0,360.0,0.0,Urban,N
LP007277,Female,No,0,Graduate,Yes,8570,0.0,282.0,360.0,1.0,Semiurban,Y
LP007278,Male,Yes,0,Not Graduate,No,5802,905.0,228.0,360.0,1.0,Urban,Y
LP007279,Male,Yes,0,Graduate,No,3186,2333.0,116.0,360.0,1.0,Urban,Y
LP007280,Male,Yes,0,Graduate,No,2121,1199.0,80.0,360.0,0.0,Semiurban,N
LP007281,Male,No,1,Not Graduate,No,5277,0.0,215.0,360.0,1.0,Rural,Y
LP007282,Male,Yes,0,Graduate,Yes,7404,2031.0,272.0,360.0,1.0,Semiurban,Y
LP007283,Male,Yes,2,Graduate,No,4613,1336.0,256.0,360.0,1.0,Urban,Y
LP007284,Male,No,1,Not Graduate,No,7850,0.0,203.0,360.0,1.0,Semiurban,Y
LP007285,Male,No,0,Graduate,Yes,2993,0.0,62.0,360.0,1.0,Urban,Y
LP007286,Male,Yes,0,Graduate,No,6666,0.0,128.0,360.0,1.0,Urban,Y
LP007287,Male,No,2,Graduate,No,3147,0.0,102.0,360.0,1.0,Semiurban,Y
LP007288,Male,No,0,Graduate,No,3306,0.0,106.0,360.0,1.0,Semiurban,Y
LP007289,Male,No,3+,Graduate,No,4483,0.0,90.0,180.0,1.0,Semiurban,Y
LP007290,Male,Yes,0,Graduate,No,2488,922.0,100.0,360.0,1.0,Urban,Y
LP007291,Male,Yes,0,Graduate,No,2190,0.0,121.0,360.0,1.0,Rural,Y
LP007292,Male,Yes,0,Graduate,No,7621,1074.0,132.0,360.0,1.0,Rural,Y
LP007293,Male,No,0,Graduate,No,3403,0.0,78.0,360.0,1.0,Semiurban,Y
LP007294,Male,No,2,Not Graduate,No,10877,0.0,326.0,360.0,1.0,Urban,Y
LP007295,Male,Yes,0,Not Graduate,No,6640,407.0,156.0,360.0,1.0,Semiurban,Y
LP007296,Male,No,0,Graduate,No,2605,1657.0,116.0,360.0,1.0,Semiurban,Y
LP007297,Male,No,0,Graduate,No,4620,0.0,99.0,360.0,1.0,Rural,Y
LP007298,Male,No,0,Graduate,No,3802,0.0,129.0,180.0,1.0,Semiurban,Y
LP007299,Male,Yes,0,Graduate,Yes,3460,1372.0,102.0,360.0,1.0,Semiurban,Y
LP007300,Male,Yes,0,Graduate,No,3933,0.0,125.0,360.0,1.0,Semiurban,Y
LP007301,Female,No,1,Graduate,No,9247,2112.0,254.0,360.0,1.0,Rural,Y
LP007302,Male,Yes,0,Graduate,No,1427,860.0,66.0,480.0,1.0,Rural,Y
LP007303,Female,No,1,Graduate,No,6966,0.0,143.0,180.0,1.0,Rural,Y
LP007304,Male,Yes,2,Graduate,No,2923,1581.0,102.0,360.0,1.0,Semiurban,Y
LP007305,Male,Yes,0,Graduate,No,3852,1179.0,179.0,360.0,0.0,Semiurban,N
LP007306,Male,Yes,0,Graduate,No,4753,910.0,182.0,360.0,1.0,Rural,Y
LP007307,Male,Yes,2,Not Graduate,No,4156,1035.0,108.0,180.0,1.0,Rural,Y
LP007308,Male,Yes,1,Graduate,No,3483,1898.0,107.0,360.0,1.0,Semiurban,Y
LP007309,Female,No,2,Graduate,No,3953,0.0,82.0,360.0,0.0,Urban,N
LP007310,Male,No,2,Graduate,No,1599,2293.0,116.0,360.0,1.0,Semiurban,Y
LP007311,Male,Yes,0,Graduate,No,2222,2295.0,113.0,360.0,1.0,Urban,Y
LP007312,Male,Yes,0,Graduate,No,4072,2038.0,157.0,180.0,1.0,Semiurban,Y
LP007313,Male,Yes,1,Not Graduate,Yes,12129,1115.0,550.0,360.0,0.0,Urban,N
LP007314,Male,Yes,0,Graduate,No,3925,2015.0,120.0,360.0,1.0,Urban,Y
LP007315,Female,No,1,Graduate,No,7955,0.0,254.0,360.0,1.0,Rural,Y
LP007316,Male,Yes,2,Graduate,No,8839,0.0,408.0,360.0,1.0,Urban,Y
LP007317,Male,Yes,1,Graduate,No,3087,2118.0,282.0,360.0,1.0,Urban,Y
LP007318,Male,Yes,2,Graduate,No,1285,2133.0,52.0,360.0,1.0,Semiurban,Y
LP007319,Female,Yes,0,Graduate,No,7205,1958.0,303.0,360.0,1.0,Semiurban,Y
LP007320,Male,No,1,Graduate,No,1347,0.0,33.0,360.0,1.0,Rural,N
LP007321,Male,Yes,0,Graduate,No,3507,929.0,118.0,360.0,1.0,Semiurban,Y
LP007322,Male,Yes,0,Graduate,No,1179,0.0,42.0,360.0,0.0,Semiurban,N
LP007323,Male,No,3+,Graduate,No,7851,1635.0,245.0,360.0,0.0,Semiurban,N
LP007324,Female,No,1,Graduate,No,1977,0.0,40.0,360.0,1.0,Urban,Y
LP007325,Male,Yes,0,Graduate,No,3910,0.0,129.0,180.0,1.0,Semiurban,Y
LP007326,Male,No,1,Graduate,No,1000,0.0,31.0,360.0,1.0,Urban,N
LP007327,Male,Yes,2,Graduate,Yes,4790,1004.0,167.0,360.0,1.0,Semiurban,Y
LP007328,Male,No,0,Graduate,No,2538,0.0,81.0,360.0,1.0,Semiurban,Y
LP007329,Male,No,1,Graduate,No,2208,0.0,71.0,360.0,0.0,Rural,N
LP007330,Male,Yes,2,Graduate,Yes,2995,0.0,65.0,360.0,0.0,Semiurban,N
LP007331,Male,No,3+,Graduate,No,4448,2190.0,183.0,360.0,0.0,Semiurban,N
LP007332,Male,Yes,0,Not Graduate,No,2780,0.0,73.0,360.0,1.0,Urban,Y
LP007333,Male,No,1,Graduate,No,2052,0.0,71.0,480.0,1.0,Semiurban,Y
LP007334,Male,Yes,0,Graduate,No,10779,1222.0,478.0,360.0,1.0,Urban,Y
LP007335,Female,Yes,2,Graduate,No,3149,631.0,140.0,360.0,1.0,Semiurban,Y
LP007336,Male,Yes,0,Graduate,No,4794,927.0,142.0,360.0,1.0,Rural,Y
LP007337,Male,No,0,Graduate,No,4936,0.0,101.0,360.0,1.0,Urban,Y
LP007338,Male,Yes,1,Graduate,No,4454,0.0,96.0,360.0,1.0,Rural,Y
LP007339,Male,Yes,2,Graduate,No,7430,4423.0,227.0,360.0,1.0,Semiurban,Y
LP007340,Male,No,3+,Not Graduate,No,3186,0.0,71.0,360.0,1.0,Urban,Y
LP007341,Male,Yes,0,Graduate,No,4784,1753.0,155.0,360.0,1.0,Semiurban,Y
LP007342,Female,Yes,2,Graduate,No,4728,853.0,191.0,360.0,1.0,Semiurban,Y
LP007343,Male,No,2,Not Graduate,No,5363,0.0,155.0,360.0,1.0,Semiurban,Y
LP007344,Male,No,0,Not Graduate,No,13705,0.0,323.0,360.0,1.0,Rural,Y
LP007345,Male,Yes,2,Graduate,No,1469,1076.0,81.0,360.0,1.0,Urban,Y
LP007346,Male,Yes,0,Graduate,No,2590,909.0,80.0,360.0,1.0,Semiurban,Y
LP007347,Male,Yes,1,Graduate,No,5718,0.0,168.0,360.0,1.0,Semiurban,Y
LP007348,Male,No,0,Graduate,Yes,4590,1413.0,181.0,360.0,1.0,Rural,Y
LP007349,Male,No,0,Not Graduate,No,2894,397.0,70.0,360.0,0.0,Urban,N
LP007350,Male,Yes,0,Graduate,No,5903,817.0,272.0,360.0,1.0,Semiurban,Y
LP007351,Male,Yes,0,Not Graduate,No,3194,0.0,98.0,360.0,1.0,Urban,Y
LP007352,Male,Yes,0,Graduate,No,5435,1140.0,182.0,360.0,1.0,Semiurban,Y
LP007353,Female,No,2,Not Graduate,No,3890,0.0,101.0,360.0,1.0,Rural,Y
LP007354,Male,Yes,3+,Graduate,No,2755,0.0,82.0,360.0,1.0,Rural,Y
LP007355,Male,Yes,1,Graduate,Yes,8545,0.0,314.0,360.0,1.0,Urban,Y
LP007356,Male,No,0,Graduate,No,2831,1661.0,149.0,360.0,0.0,Urban,N
LP007357,Male,Yes,3+,Graduate,No,2946,2185.0,151.0,360.0,1.0,Urban,Y
LP007358,Female,Yes,0,Not Graduate,No,3370,1032.0,102.0,360.0,1.0,Rural,Y
LP007359,Male,Yes,1,Not Graduate,No,3430,2546.0,187.0,360.0,1.0,Rural,Y
LP007360,Male,Yes,0,Graduate,No,4152,4507.0,301.0,360.0,1.0,Semiurban,Y
LP007361,Male,No,0,Graduate,No,3192,0.0,93.0,360.0,1.0,Semiurban,Y
LP007362,Male,Yes,1,Graduate,No,1782,0.0,39.0,360.0,0.0,Rural,N
LP007363,Male,No,2,Not Graduate,Yes,4143,0.0,165.0,360.0,1.0,Semiurban,Y
LP007364,Male,Yes,0,Not Graduate,No,1579,1477.0,84.0,360.0,1.0,Semiurban,Y
LP007365,Male,Yes,0,Graduate,No,1200,1624.0,49.0,360.0,1.0,Rural,Y
LP007366,Male,No,0,Graduate,No,5348,0.0,283.0,360.0,1.0,Urban,Y
LP007367,Male,Yes,0,Graduate,No,5702,1388.0,325.0,360.0,1.0,Urban,Y
LP007368,Male,No,1,Graduate,No,4825,1352.0,145.0,360.0,1.0,Semiurban,Y
LP007369,Male,No,0,Graduate,No,5596,0.0,186.0,360.0,1.0,Urban,Y
LP007370,Male,No,3+,Graduate,No,8658,0.0,142.0,360.0,1.0,Urban,Y
LP007371,Male,Yes,0,Graduate,No,3271,1792.0,109.0,360.0,0.0,Urban,N
LP007372,Male,Yes,1,Graduate,Yes,4271,0.0,97.0,360.0,1.0,Rural,Y
LP007373,Male,No,2,Not Graduate,No,3005,0.0,67.0,360.0,1.0,Urban,Y
LP007374,Male,Yes,1,Graduate,No,2284,0.0,104.0,360.0,1.0,Semiurban,Y
LP007375,Male,Yes,0,Not Graduate,No,6402,0.0,213.0,360.0,1.0,Semiurban,Y
LP007376,Male,Yes,0,Graduate,No,6591,0.0,165.0,360.0,1.0,Urban,Y
LP007377,Male,Yes,1,Graduate,No,3993,1991.0,171.0,360.0,0.0,Semiurban,N
LP007378,Male,Yes,0,Graduate,No,2923,1472.0,108.0,360.0,1.0,Semiurban,Y
LP007379,Male,Yes,0,Graduate,No,4056,3380.0,342.0,360.0,1.0,Urban,Y
LP007380,Male,Yes,0,Not Graduate,No,3133,3702.0,166.0,360.0,1.0,Semiurban,Y
LP007381,Male,Yes,0,Graduate,No,7211,1253.0,175.0,360.0,1.0,Semiurban,Y
LP007382,Male,Yes,0,Graduate,No,2721,667.0,93.0,360.0,1.0,Rural,Y
LP007383,Male,Yes,2,Graduate,No,1000,2153.0,90.0,84.0,1.0,Rural,Y
LP007384,Male,Yes,2,Graduate,No,5312,0.0,105.0,360.0,1.0,Urban,Y
LP007385,Male,Yes,2,Graduate,No,3626,2271.0,271.0,360.0,1.0,Semiurban,Y
LP007386,Male,Yes,2,Graduate,No,3853,1634.0,176.0,360.0,1.0,Urban,Y
LP007387,Male,Yes,2,Not Graduate,No,3960,1644.0,189.0,360.0,1.0,Semiurban,Y
LP007388,Male,No,2,Graduate,Yes,3736,0.0,85.0,360.0,1.0,Rural,Y
LP007389,Male,Yes,0,Graduate,No,6283,1150.0,217.0,300.0,1.0,Rural,Y
LP007390,Female,No,3+,Graduate,No,2569,0.0,75.0,480.0,1.0,Semiurban,Y
LP007391,Male,No,0,Graduate,No,3942,0.0,114.0,360.0,1.0,Urban,Y
LP007392,Male,Yes,0,Graduate,No,8765,1416.0,280.0,360.0,1.0,Urban,Y
LP007393,Female,Yes,0,Graduate,No,5002,1549.0,159.0,360.0,1.0,Rural,Y
LP007394,Male,Yes,0,Graduate,No,3833,2153.0,130.0,300.0,1.0,Urban,Y
LP007395,Female,Yes,0,Not Graduate,No,10628,2094.0,337.0,360.0,1.0,Semiurban,Y
LP007396,Female,Yes,1,Graduate,No,3442,1149.0,100.0,360.0,1.0,Semiurban,Y
LP007397,Male,Yes,0,Not Graduate,No,6730,1551.0,491.0,360.0,1.0,Urban,N
LP007398,Male,Yes,0,Graduate,Yes,2984,2171.0,132.0,360.0,1.0,Semiurban,Y
LP007399,Female,Yes,0,Graduate,No,2696,1964.0,114.0,480.0,1.0,Semiurban,Y
LP007400,Male,Yes,0,Graduate,No,2684,0.0,89.0,360.0,1.0,Rural,Y
LP007401,Male,Yes,1,Graduate,No,2284,0.0,60.0,360.0,1.0,Semiurban,Y
LP007402,Male,Yes,0,Graduate,No,2942,896.0,95.0,360.0,0.0,Urban,N
LP007403,Male,Yes,1,Not Graduate,No,3247,419.0,77.0,360.0,1.0,Semiurban,Y
LP007404,Male,No,1,Graduate,No,7573,0.0,248.0,360.0,1.0,Semiurban,Y
LP007405,Female,Yes,2,Not Graduate,No,6480,1900.0,357.0,360.0,1.0,Semiurban,Y
LP007406,Male,Yes,0,Graduate,No,3308,1945.0,178.0,360.0,1.0,Urban,Y
LP007407,Male,No,0,Graduate,No,2858,0.0,81.0,360.0,1.0,Rural,Y
LP007408,Male,No,2,Graduate,No,5856,0.0,161.0,360.0,0.0,Rural,N
LP007409,Male,Yes,2,Graduate,No,3314,1792.0,144.0,360.0,1.0,Semiurban,Y
LP007410,Male,No,0,Graduate,No,7269,0.0,128.0,360.0,1.0,Rural,Y
LP007411,Male,Yes,0,Graduate,No,13515,3097.0,475.0,360.0,0.0,Semiurban,N
LP007412,Male,Yes,0,Graduate,Yes,2590,978.0,85.0,180.0,1.0,Urban,Y
LP007413,Male,No,1,Graduate,No,6401,0.0,143.0,360.0,1.0,Semiurban,Y
LP007414,Female,No,0,Not Graduate,No,2362,0.0,76.0,360.0,1.0,Rural,Y
LP007415,Male,Yes,0,Graduate,No,7794,1116.0,250.0,360.0,0.0,Semiurban,N
LP007416,Female,No,2,Graduate,Yes,1980,0.0,40.0,360.0,1.0,Rural,Y
LP007417,Male,Yes,0,Graduate,No,4952,5980.0,375.0,360.0,1.0,Semiurban,Y
LP007418,Female,No,0,Graduate,No,3771,0.0,69.0,360.0,1.0,Rural,Y
LP007419,Male,No,2,Graduate,No,4407,0.0,141.0,360.0,1.0,Urban,Y
LP007420,Male,Yes,0,Graduate,No,1751,935.0,56.0,360.0,1.0,Semiurban,Y
LP007421,Male,Yes,0,Graduate,No,2199,2599.0,153.0,360.0,1.0,Urban,Y
LP007422,Male,Yes,0,Graduate,No,2886,3609.0,177.0,480.0,1.0,Semiurban,Y
LP007423,Male,Yes,2,Graduate,Yes,3545,3412.0,204.0,360.0,1.0,Urban,Y
LP007424,Male,Yes,0,Graduate,No,4316,2401.0,225.0,360.0,1.0,Semiurban,Y
LP007425,Male,Yes,2,Graduate,No,3222,1658.0,148.0,360.0,1.0,Rural,Y
LP007426,Male,Yes,2,Graduate,No,3903,1666.0,184.0,360.0,1.0,Rural,Y
LP007427,Male,Yes,0,Graduate,No,2097,3723.0,158.0,360.0,1.0,Rural,Y
LP007428,Male,No,3+,Graduate,No,4269,0.0,93.0,360.0,1.0,Rural,Y
LP007429,Male,Yes,2,Graduate,No,2344,821.0,101.0,360.0,1.0,Urban,Y
LP007430,Male,Yes,3+,Graduate,No,14639,0.0,321.0,360.0,1.0,Semiurban,Y
LP007431,Male,Yes,3+,Not Graduate,Yes,1177,867.0,36.0,180.0,1.0,Rural,N
LP007432,Male,Yes,0,Graduate,No,6141,2294.0,127.0,360.0,1.0,Rural,Y
LP007433,Male,Yes,0,Graduate,Yes,3315,1801.0,131.0,360.0,1.0,Urban,Y
LP007434,Male,Yes,1,Graduate,No,2861,767.0,140.0,360.0,1.0,Rural,Y
LP007435,Male,No,2,Graduate,No,4048,0.0,134.0,360.0,1.0,Rural,Y
LP007436,Male,Yes,2,Graduate,No,8668,0.0,194.0,360.0,1.0,Semiurban,Y
LP007437,Male,No,1,Not Graduate,No,2369,0.0,47.0,360.0,1.0,Semiurban,Y
LP007438,Male,No,0,Not Graduate,No,4605,0.0,102.0,360.0,1.0,Rural,Y
LP007439,Male,Yes,2,Not Graduate,No,3442,1152.0,126.0,300.0,1.0,Semiurban,Y
LP007440,Male,Yes,3+,Not Graduate,No,4725,1190.0,119.0,360.0,1.0,Urban,Y
LP007441,Male,No,0,Graduate,No,7251,0.0,312.0,360.0,1.0,Rural,Y
LP007442,Male,Yes,0,Not Graduate,No,2851,2308.0,230.0,360.0,1.0,Rural,Y
LP007443,Male,Yes,2,Not Graduate,No,10631,1451.0,202.0,360.0,0.0,Urban,N
LP007444,Female,Yes,0,Not Graduate,Yes,1995,1798.0,85.0,360.0,0.0,Rural,N
LP007445,Female,Yes,1,Not Graduate,Yes,7522,786.0,175.0,360.0,1.0,Rural,Y
LP007446,Male,No,0,Graduate,No,2864,0.0,94.0,360.0,0.0,Urban,N
LP007447,Male,No,0,Not Graduate,No,1368,0.0,44.0,360.0,1.0,Rural,Y
LP007448,Male,No,1,Graduate,No,2785,0.0,85.0,360.0,1.0,Semiurban,Y
LP007449,Male,Yes,2,Graduate,No,3296,1904.0,113.0,360.0,1.0,Rural,Y
LP007450,Male,Yes,1,Not Graduate,Yes,2329,3669.0,124.0,180.0,1.0,Urban,Y
LP007451,Male,Yes,0,Graduate,No,2104,1441.0,121.0,360.0,1.0,Semiurban,Y
LP007452,Male,Yes,0,Graduate,No,6385,1193.0,432.0,84.0,0.0,Urban,N
LP007453,Male,Yes,0,Graduate,No,5579,4275.0,279.0,360.0,1.0,Urban,Y
LP007454,Male,Yes,0,Graduate,Yes,4137,602.0,138.0,360.0,1.0,Urban,Y
LP007455,Female,Yes,0,Graduate,Yes,8881,1080.0,230.0,360.0,1.0,Urban,Y
LP007456,Female,Yes,0,Graduate,Yes,14374,0.0,468.0,360.0,1.0,Urban,Y
LP007457,Male,Yes,1,Graduate,No,5315,1752.0,183.0,360.0,0.0,Semiurban,N
LP007458,Male,Yes,3+,Graduate,No,10666,892.0,511.0,360.0,1.0,Urban,N
LP007459,Female,Yes,0,Graduate,Yes,4325,4747.0,311.0,360.0,1.0,Urban,Y
LP007460,Male,No,1,Graduate,No,8036,0.0,265.0,360.0,1.0,Semiurban,Y
LP007461,Male,No,0,Graduate,No,2460,0.0,79.0,360.0,1.0,Semiurban,Y
LP007462,Male,Yes,0,Graduate,No,9396,1338.0,331.0,360.0,1.0,Rural,Y
LP007463,Male,Yes,2,Graduate,No,5663,0.0,193.0,360.0,1.0,Semiurban,Y
LP007464,Male,Yes,2,Not Graduate,Yes,1153,1433.0,59.0,300.0,1.0,Semiurban,Y
LP007465,Male,Yes,1,Not Graduate,Yes,4226,0.0,101.0,360.0,1.0,Semiurban,Y
LP007466,Female,No,0,Graduate,No,2375,408.0,89.0,180.0,1.0,Urban,Y
LP007467,Male,Yes,3+,Graduate,No,2377,0.0,82.0,360.0,1.0,Rural,Y
LP007468,Male,Yes,0,Graduate,Yes,3618,523.0,173.0,360.0,1.0,Semiurban,Y
LP007469,Male,Yes,3+,Not Graduate,No,1625,0.0,37.0,360.0,1.0,Rural,N
LP007470,Male,Yes,0,Graduate,No,4398,4249.0,356.0,180.0,1.0,Urban,Y
LP007471,Male,Yes,0,Graduate,No,6371,0.0,165.0,360.0,1.0,Semiurban,Y
LP007472,Male,Yes,0,Graduate,No,2432,0.0,67.0,360.0,1.0,Rural,Y
LP007473,Male,Yes,0,Graduate,No,2792,2871.0,143.0,360.0,1.0,Rural,Y
LP007474,Male,Yes,0,Graduate,No,5146,2755.0,251.0,360.0,1.0,Urban,Y
LP007475,Male,Yes,2,Graduate,No,1556,0.0,52.0,360.0,1.0,Urban,N
LP007476,Male,Yes,0,Graduate,No,1706,1562.0,92.0,360.0,1.0,Urban,Y
LP007477,Male,Yes,0,Graduate,No,6500,2909.0,262.0,360.0,0.0,Urban,N
LP007478,Female,Yes,1,Graduate,No,2733,2155.0,191.0,360.0,1.0,Semiurban,Y
LP007479,Male,No,0,Not Graduate,Yes,3313,0.0,108.0,360.0,1.0,Urban,Y
LP007480,Female,Yes,3+,Graduate,No,2015,2021.0,163.0,360.0,0.0,Semiurban,N
LP007481,Male,Yes,0,Graduate,No,3768,0.0,116.0,360.0,0.0,Rural,N
LP007482,Male,No,2,Graduate,No,1511,0.0,25.0,360.0,1.0,Urban,N
LP007483,Male,No,0,Not Graduate,Yes,1847,0.0,43.0,360.0,1.0,Semiurban,Y
LP007484,Male,No,2,Graduate,No,4563,0.0,215.0,360.0,1.0,Semiurban,Y
LP007485,Male,No,3+,Not Graduate,No,9726,0.0,239.0,360.0,0.0,Semiurban,N
LP007486,Male,Yes,0,Graduate,No,3802,1833.0,108.0,360.0,0.0,Urban,N
LP007487,Female,No,0,Graduate,No,2153,0.0,35.0,360.0,1.0,Semiurban,Y
LP007488,Male,Yes,0,Not Graduate,No,6216,2129.0,270.0,360.0,1.0,Rural,Y
LP007489,Male,No,0,Graduate,No,5515,1256.0,242.0,360.0,1.0,Semiurban,Y
LP007490,Male,Yes,0,Graduate,No,2176,0.0,63.0,360.0,1.0,Semiurban,Y
LP007491,Male,Yes,1,Not Graduate,No,6533,3426.0,285.0,360.0,1.0,Urban,Y
LP007492,Male,No,2,Graduate,No,1904,1902.0,125.0,360.0,1.0,Urban,Y
LP007493,Male,Yes,0,Graduate,No,4488,1906.0,139.0,360.0,1.0,Urban,Y
LP007494,Female,Yes,3+,Graduate,Yes,4682,1711.0,203.0,360.0,1.0,Semiurban,Y
LP007495,Male,Yes,0,Graduate,Yes,3023,0.0,62.0,360.0,1.0,Urban,Y
LP007496,Male,No,0,Graduate,No,3145,815.0,92.0,180.0,1.0,Rural,Y
LP007497,Male,Yes,2,Graduate,No,5411,665.0,166.0,360.0,1.0,Urban,Y
LP007498,Male,Yes,0,Graduate,Yes,13481,1528.0,329.0,180.0,1.0,Rural,Y
LP007499,Male,Yes,0,Graduate,Yes,5998,1904.0,334.0,360.0,0.0,Rural,N
LP007500,Male,Yes,2,Graduate,No,3958,0.0,123.0,360.0,0.0,Semiurban,N
LP007501,Male,No,0,Graduate,No,1253,0.0,50.0,360.0,1.0,Urban,N
LP007502,Male,Yes,0,Graduate,No,4382,0.0,142.0,360.0,1.0,Rural,Y
LP007503,Male,Yes,0,Not Graduate,No,5310,529.0,173.0,360.0,0.0,Rural,N
LP007504,Male,No,1,Graduate,Yes,2830,0.0,158.0,360.0,1.0,Rural,Y
LP007505,Male,No,1,Graduate,No,4025,0.0,118.0,360.0,0.0,Urban,N
LP007506,Female,No,2,Graduate,No,5915,0.0,156.0,180.0,1.0,Semiurban,Y
LP007507,Male,Yes,3+,Graduate,Yes,2415,0.0,81.0,360.0,1.0,Urban,Y
LP007508,Male,Yes,1,Not Graduate,No,15553,2628.0,479.0,360.0,1.0,Rural,Y
LP007509,Male,Yes,2,Graduate,No,8763,1650.0,526.0,360.0,1.0,Rural,N
LP007510,Male,Yes,0,Graduate,No,4833,1806.0,209.0,360.0,1.0,Rural,Y
LP007511,Male,Yes,0,Graduate,No,3044,1694.0,118.0,360.0,1.0,Rural,Y
LP007512,Male,Yes,2,Not Graduate,No,3960,3242.0,113.0,360.0,0.0,Rural,N
LP007513,Male,Yes,0,Graduate,No,2846,1228.0,131.0,360.0,1.0,Rural,Y
LP007514,Male,Yes,0,Graduate,No,2376,675.0,91.0,360.0,1.0,Semiurban,Y
LP007515,Male,Yes,0,Graduate,No,1874,2101.0,135.0,360.0,1.0,Semiurban,Y
LP007516,Male,Yes,2,Graduate,No,4285,0.0,103.0,180.0,1.0,Urban,Y
LP007517,Male,Yes,0,Not Graduate,Yes,5581,0.0,184.0,360.0,0.0,Rural,N
LP007518,Female,No,0,Graduate,No,4328,0.0,161.0,360.0,1.0,Urban,Y
LP007519,Female,No,0,Graduate,No,8014,0.0,166.0,360.0,0.0,Semiurban,N
LP007520,Female,Yes,0,Graduate,No,1953,2270.0,103.0,360.0,0.0,Semiurban,N
LP007521,Female,Yes,2,Not Graduate,No,2584,2666.0,119.0,360.0,1.0,Rural,Y
LP007522,Male,No,2,Graduate,No,2497,3016.0,172.0,360.0,0.0,Rural,N
LP007523,Male,Yes,0,Graduate,No,3993,1832.0,179.0,360.0,1.0,Semiurban,Y
LP007524,Male,No,0,Not Graduate,No,3602,0.0,121.0,360.0,1.0,Rural,Y
LP007525,Male,No,0,Graduate,No,5144,0.0,79.0,360.0,1.0,Rural,Y
LP007526,Female,Yes,0,Not Graduate,No,5459,1785.0,230.0,360.0,1.0,Semiurban,Y
LP007527,Male,Yes,0,Graduate,No,5624,0.0,148.0,360.0,1.0,Urban,Y
LP007528,Female,Yes,0,Graduate,No,2155,0.0,68.0,360.0,1.0,Rural,Y
LP007529,Male,Yes,0,Graduate,No,8720,3403.0,511.0,300.0,1.0,Semiurban,N
LP007530,Male,Yes,0,Graduate,Yes,4940,661.0,123.0,360.0,0.0,Semiurban,N
LP007531,Female,Yes,0,Graduate,Yes,6666,0.0,316.0,180.0,1.0,Semiurban,Y
LP007532,Male,Yes,0,Graduate,No,3058,2555.0,137.0,360.0,0.0,Urban,N
LP007533,Male,Yes,0,Not Graduate,No,3924,0.0,110.0,360.0,0.0,Semiurban,N
LP007534,Male,No,1,Graduate,No,3467,0.0,76.0,360.0,1.0,Rural,Y
LP007535,Male,Yes,0,Graduate,No,8905,0.0,183.0,360.0,1.0,Rural,Y
LP007536,Male,No,0,Graduate,No,3938,1633.0,147.0,360.0,1.0,Urban,Y
LP007537,Male,Yes,0,Graduate,No,3205,4185.0,188.0,360.0,0.0,Rural,N
LP007538,Male,Yes,0,Not Graduate,No,7181,2231.0,416.0,360.0,1.0,Semiurban,Y
LP007539,Male,No,3+,Not Graduate,No,3042,0.0,82.0,360.0,1.0,Urban,Y
LP007540,Male,Yes,0,Graduate,No,4447,1870.0,230.0,360.0,1.0,Rural,Y
LP007541,Female,Yes,0,Not Graduate,No,3911,3871.0,206.0,360.0,1.0,Semiurban,Y
LP007542,Male,Yes,2,Not Graduate,No,3224,0.0,78.0,360.0,1.0,Urban,Y
LP007543,Female,Yes,1,Graduate,No,1616,1004.0,89.0,360.0,1.0,Semiurban,Y
LP007544,Female,No,0,Graduate,No,2523,2084.0,154.0,360.0,1.0,Semiurban,Y
LP007545,Male,Yes,0,Graduate,No,2833,0.0,66.0,360.0,1.0,Urban,Y
LP007546,Male,Yes,1,Graduate,No,4034,3248.0,238.0,360.0,1.0,Semiurban,Y
LP007547,Male,No,0,Graduate,No,4149,0.0,144.0,360.0,0.0,Urban,N
LP007548,Male,Yes,0,Graduate,No,7727,689.0,278.0,360.0,1.0,Semiurban,Y
LP007549,Male,No,0,Graduate,Yes,1327,0.0,30.0,360.0,1.0,Rural,Y
LP007550,Male,No,2,Graduate,No,2916,2475.0,119.0,300.0,1.0,Urban,Y
LP007551,Male,No,0,Graduate,No,2003,0.0,83.0,360.0,1.0,Rural,Y
LP007552,Male,Yes,1,Graduate,No,4156,0.0,184.0,180.0,1.0,Semiurban,Y
LP007553,Male,Yes,1,Graduate,No,3578,689.0,145.0,360.0,0.0,Semiurban,N
LP007554,Male,Yes,0,Graduate,No,4768,1207.0,341.0,360.0,0.0,Rural,N
LP007555,Male,No,0,Graduate,No,2627,0.0,78.0,180.0,1.0,Rural,Y
LP007556,Male,Yes,0,Graduate,No,4614,765.0,83.0,300.0,1.0,Rural,Y
LP007557,Male,Yes,1,Graduate,No,8004,2429.0,183.0,300.0,1.0,Rural,Y
LP007558,Male,Yes,0,Not Graduate,No,1759,2595.0,233.0,360.0,1.0,Urban,Y
LP007559,Male,No,1,Graduate,No,4950,0.0,133.0,360.0,1.0,Urban,Y
LP007560,Male,No,1,Graduate,No,9087,0.0,243.0,240.0,1.0,Urban,Y
LP007561,Male,Yes,0,Graduate,No,5368,2799.0,165.0,180.0,1.0,Urban,Y
LP007562,Female,No,0,Graduate,No,5926,0.0,120.0,360.0,1.0,Urban,Y
LP007563,Male,Yes,0,Graduate,No,2750,2875.0,164.0,360.0,1.0,Urban,Y
LP007564,Male,No,1,Graduate,Yes,4802,0.0,125.0,360.0,1.0,Semiurban,Y
LP007565,Male,Yes,3+,Graduate,No,7337,1519.0,145.0,360.0,1.0,Semiurban,Y
LP007566,Male,Yes,0,Graduate,No,6073,0.0,155.0,360.0,1.0,Rural,Y
LP007567,Male,Yes,2,Graduate,No,8605,0.0,250.0,360.0,1.0,Semiurban,Y
LP007568,Male,No,2,Graduate,No,6088,0.0,301.0,360.0,1.0,Urban,Y
LP007569,Male,Yes,0,Not Graduate,No,2600,0.0,116.0,300.0,1.0,Urban,Y
LP007570,Female,Yes,0,Not Graduate,No,3325,1970.0,159.0,360.0,1.0,Urban,Y
LP007571,Male,Yes,2,Graduate,No,2420,0.0,49.0,480.0,1.0,Rural,Y
LP007572,Male,Yes,0,Graduate,No,7885,1391.0,290.0,360.0,1.0,Semiurban,Y
LP007573,Male,Yes,0,Graduate,No,1504,854.0,37.0,360.0,1.0,Urban,Y
LP007574,Male,Yes,3+,Graduate,No,2979,2199.0,166.0,180.0,1.0,Semiurban,Y
LP007575,Male,No,3+,Graduate,No,2353,0.0,58.0,360.0,1.0,Urban,Y
LP007576,Male,No,2,Graduate,Yes,7645,0.0,178.0,360.0,1.0,Urban,Y
LP007577,Male,No,3+,Graduate,No,1747,1574.0,89.0,360.0,1.0,Urban,Y
LP007578,Male,Yes,0,Graduate,No,2616,0.0,118.0,360.0,1.0,Semiurban,Y
LP007579,Male,Yes,0,Not Graduate,No,9162,0.0,390.0,360.0,1.0,Urban,Y
LP007580,Male,Yes,0,Graduate,No,9975,0.0,243.0,240.0,1.0,Rural,Y
LP007581,Female,No,0,Graduate,No,4962,2269.0,383.0,360.0,1.0,Semiurban,Y
LP007582,Male,No,0,Graduate,No,4816,0.0,99.0,360.0,1.0,Urban,Y
LP007583,Male,Yes,2,Graduate,No,3713,2292.0,160.0,360.0,1.0,Semiurban,Y
LP007584,Male,Yes,0,Graduate,No,4805,1606.0,219.0,360.0,1.0,Semiurban,Y
LP007585,Female,Yes,3+,Graduate,No,1057,1612.0,82.0,300.0,1.0,Urban,Y
LP007586,Male,Yes,0,Graduate,No,3858,1981.0,107.0,360.0,1.0,Rural,Y
LP007587,Female,No,0,Graduate,Yes,4841,0.0,137.0,360.0,1.0,Rural,Y
LP007588,Male,No,0,Graduate,No,6256,1337.0,152.0,360.0,1.0,Semiurban,Y
LP007589,Male,Yes,0,Not Graduate,No,4926,692.0,192.0,360.0,0.0,Semiurban,N
LP007590,Male,Yes,1,Graduate,No,11317,1943.0,464.0,360.0,1.0,Rural,Y
LP007591,Male,No,3+,Not Graduate,Yes,3349,0.0,112.0,360.0,1.0,Rural,Y
LP007592,Male,No,1,Graduate,No,1874,0.0,44.0,360.0,1.0,Semiurban,Y
LP007593,Male,No,1,Graduate,No,3590,0.0,204.0,360.0,0.0,Rural,N
LP007594,Male,No,0,Graduate,No,1000,0.0,21.0,360.0,0.0,Semiurban,N
LP007595,Male,Yes,2,Not Graduate,Yes,3489,0.0,57.0,360.0,1.0,Semiurban,Y
LP007596,Male,Yes,1,Graduate,No,2280,1062.0,112.0,360.0,1.0,Rural,Y
LP007597,Female,Yes,0,Graduate,No,2255,0.0,62.0,360.0,0.0,Semiurban,N
LP007598,Male,Yes,0,Graduate,No,3517,869.0,108.0,360.0,1.0,Semiurban,Y
LP007599,Male,Yes,0,Graduate,No,2472,2604.0,122.0,360.0,1.0,Semiurban,Y
LP007600,Female,Yes,1,Graduate,No,4591,1985.0,254.0,180.0,1.0,Urban,Y
LP007601,Female,Yes,0,Graduate,Yes,9145,1754.0,335.0,360.0,1.0,Urban,Y
LP007602,Male,No,3+,Graduate,No,11041,0.0,371.0,360.0,1.0,Semiurban,Y
LP007603,Male,Yes,1,Graduate,No,5772,3021.0,283.0,360.0,0.0,Rural,N
LP007604,Male,Yes,0,Graduate,No,3882,2119.0,179.0,180.0,1.0,Semiurban,Y
LP007605,Male,No,0,Graduate,No,2155,1500.0,92.0,360.0,1.0,Rural,Y
LP007606,Female,No,0,Graduate,No,5569,1895.0,132.0,480.0,1.0,Semiurban,Y
LP007607,Male,No,0,Graduate,No,4235,2569.0,198.0,360.0,0.0,Rural,N
LP007608,Male,Yes,2,Graduate,No,5182,0.0,104.0,360.0,0.0,Urban,N
LP007609,Male,Yes,1,Not Graduate,No,8925,0.0,413.0,180.0,1.0,Urban,Y
LP007610,Female,Yes,1,Graduate,Yes,3042,1041.0,86.0,360.0,1.0,Rural,Y
LP007611,Male,No,1,Graduate,Yes,2285,0.0,44.0,360.0,1.0,Semiurban,Y
LP007612,Male,No,1,Graduate,No,3091,1448.0,76.0,360.0,1.0,Urban,Y
LP007613,Male,No,2,Graduate,No,10450,1025.0,273.0,360.0,1.0,Rural,Y
LP007614,Male,Yes,2,Graduate,Yes,2317,776.0,71.0,360.0,0.0,Semiurban,N
LP007615,Female,Yes,1,Graduate,Yes,9510,3028.0,426.0,360.0,1.0,Urban,Y
LP007616,Male,Yes,0,Not Graduate,No,2079,0.0,113.0,360.0,0.0,Semiurban,N
LP007617,Male,Yes,1,Graduate,No,6182,2027.0,164.0,180.0,1.0,Rural,Y
LP007618,Male,Yes,0,Graduate,No,2691,0.0,67.0,360.0,1.0,Semiurban,Y
LP007619,Male,No,0,Not Graduate,No,4331,0.0,126.0,360.0,1.0,Semiurban,Y
LP007620,Male,Yes,0,Graduate,No,2784,0.0,89.0,360.0,1.0,Urban,Y
LP007621,Male,Yes,0,Graduate,No,5071,1369.0,159.0,480.0,1.0,Urban,Y
LP007622,Male,Yes,0,Graduate,No,10517,0.0,294.0,120.0,0.0,Urban,N
LP007623,Female,Yes,0,Graduate,No,12487,1154.0,348.0,180.0,0.0,Rural,N
LP007624,Female,Yes,0,Not Graduate,No,4103,2788.0,218.0,360.0,1.0,Semiurban,Y
LP007625,Female,Yes,0,Graduate,No,3197,2280.0,121.0,360.0,1.0,Rural,Y
LP007626,Female,Yes,0,Graduate,Yes,6353,0.0,195.0,180.0,1.0,Urban,Y
LP007627,Male,Yes,0,Graduate,No,10176,0.0,304.0,180.0,0.0,Rural,N
LP007628,Male,Yes,2,Graduate,No,5245,1124.0,201.0,360.0,1.0,Semiurban,Y
LP007629,Male,No,2,Graduate,No,3216,0.0,103.0,180.0,1.0,Semiurban,Y
LP007630,Male,No,3+,Graduate,No,8249,1081.0,202.0,360.0,1.0,Rural,Y
LP007631,Male,Yes,2,Graduate,No,4137,1177.0,139.0,360.0,0.0,Rural,N
LP007632,Male,Yes,0,Graduate,No,9735,0.0,248.0,360.0,1.0,Rural,Y
LP007633,Male,Yes,0,Not Graduate,Yes,3561,3557.0,279.0,360.0,1.0,Urban,Y
LP007634,Male,Yes,0,Graduate,No,3710,4812.0,190.0,360.0,1.0,Rural,Y
LP007635,Female,No,2,Graduate,No,2262,0.0,98.0,360.0,1.0,Rural,Y
LP007636,Female,No,0,Not Graduate,No,3607,1686.0,113.0,240.0,1.0,Semiurban,Y
LP007637,Male,No,2,Graduate,No,2819,1338.0,77.0,360.0,1.0,Semiurban,Y
LP007638,Male,No,2,Graduate,Yes,2698,0.0,57.0,360.0,1.0,Urban,Y
LP007639,Male,Yes,1,Graduate,No,1452,1867.0,114.0,360.0,1.0,Rural,Y
LP007640,Female,Yes,0,Graduate,No,4029,0.0,173.0,480.0,1.0,Semiurban,Y
LP007641,Male,Yes,3+,Graduate,No,3669,377.0,131.0,240.0,1.0,Semiurban,Y
LP007642,Male,No,0,Graduate,Yes,8604,0.0,217.0,180.0,1.0,Rural,Y
LP007643,Male,No,0,Graduate,No,3878,0.0,115.0,360.0,1.0,Rural,Y
LP007644,Male,Yes,1,Graduate,No,2423,0.0,76.0,360.0,1.0,Semiurban,Y
LP007645,Male,Yes,0,Graduate,No,6355,946.0,167.0,360.0,1.0,Rural,Y
LP007646,Female,Yes,0,Graduate,No,3655,0.0,98.0,360.0,1.0,Rural,Y
LP007647,Male,Yes,0,Not Graduate,No,1172,1464.0,74.0,360.0,1.0,Urban,Y
LP007648,Male,No,0,Graduate,Yes,5429,2810.0,312.0,360.0,1.0,Semiurban,Y
LP007649,Male,No,3+,Graduate,Yes,2981,1467.0,88.0,360.0,1.0,Rural,Y
LP007650,Male,Yes,1,Graduate,No,4132,937.0,249.0,360.0,1.0,Rural,Y
LP007651,Male,Yes,0,Graduate,No,4344,6785.0,329.0,360.0,0.0,Rural,N
LP007652,Male,No,2,Not Graduate,No,8608,0.0,301.0,60.0,1.0,Semiurban,N
LP007653,Male,Yes,0,Graduate,No,6182,1806.0,256.0,360.0,1.0,Semiurban,Y
LP007654,Male,Yes,0,Graduate,Yes,3601,1183.0,126.0,360.0,1.0,Rural,Y
LP007655,Male,No,0,Graduate,No,5161,0.0,236.0,360.0,1.0,Rural,Y
LP007656,Male,Yes,1,Graduate,No,1000,2319.0,75.0,360.0,0.0,Semiurban,N
LP007657,Female,Yes,0,Graduate,No,2908,1719.0,135.0,360.0,1.0,Semiurban,Y
LP007658,Male,Yes,2,Graduate,No,3163,0.0,91.0,360.0,1.0,Urban,Y
LP007659,Male,No,0,Not Graduate,No,2416,0.0,48.0,360.0,1.0,Urban,Y
LP007660,Male,No,0,Graduate,No,4729,1515.0,211.0,180.0,1.0,Urban,Y
LP007661,Female,No,3+,Graduate,No,2632,0.0,50.0,360.0,1.0,Rural,Y
LP007662,Male,Yes,0,Graduate,No,2173,0.0,65.0,360.0,1.0,Urban,Y
LP007663,Female,Yes,0,Graduate,No,4136,560.0,138.0,360.0,0.0,Urban,N
LP007664,Male,Yes,2,Not Graduate,No,9840,1635.0,215.0,360.0,1.0,Urban,Y
LP007665,Male,Yes,1,Not Graduate,No,12435,0.0,289.0,180.0,1.0,Semiurban,Y
LP007666,Male,Yes,2,Graduate,No,3146,0.0,80.0,180.0,1.0,Urban,Y
LP007667,Female,Yes,0,Graduate,No,5153,946.0,93.0,360.0,0.0,Urban,N
LP007668,Male,Yes,2,Graduate,No,1032,0.0,19.0,360.0,1.0,Urban,N
LP007669,Male,No,0,Graduate,No,4013,0.0,110.0,360.0,1.0,Semiurban,Y
LP007670,Male,Yes,2,Graduate,No,2511,741.0,78.0,360.0,1.0,Urban,Y
LP007671,Male,Yes,2,Graduate,No,3576,1240.0,166.0,360.0,1.0,Rural,Y
LP007672,Male,Yes,1,Graduate,Yes,1000,596.0,53.0,360.0,1.0,Semiurban,Y
LP007673,Female,No,2,Graduate,No,8565,1891.0,235.0,360.0,1.0,Urban,Y
LP007674,Male,No,1,Graduate,Yes,4073,0.0,124.0,360.0,1.0,Semiurban,Y
LP007675,Male,Yes,0,Graduate,No,2122,2241.0,190.0,180.0,0.0,Urban,N
LP007676,Male,Yes,1,Not Graduate,No,2710,0.0,60.0,360.0,1.0,Urban,Y
LP007677,Male,Yes,0,Not Graduate,No,7642,1227.0,301.0,360.0,1.0,Urban,Y
LP007678,Male,No,1,Not Graduate,No,4153,2425.0,134.0,480.0,1.0,Urban,Y
LP007679,Female,No,0,Graduate,No,3062,1421.0,129.0,360.0,1.0,Semiurban,Y
LP007680,Male,No,2,Graduate,No,3467,0.0,81.0,360.0,1.0,Rural,Y
LP007681,Male,Yes,0,Graduate,Yes,7202,1145.0,267.0,360.0,1.0,Urban,Y
LP007682,Male,No,0,Graduate,No,4268,1279.0,103.0,360.0,1.0,Rural,Y
LP007683,Male,Yes,0,Not Graduate,No,6083,1329.0,243.0,360.0,1.0,Semiurban,Y
LP007684,Male,Yes,0,Not Graduate,No,4870,1404.0,128.0,360.0,0.0,Semiurban,N
LP007685,Male,No,1,Not Graduate,No,4280,0.0,136.0,360.0,1.0,Rural,Y
LP007686,Male,No,1,Graduate,No,2706,0.0,88.0,360.0,1.0,Rural,Y
LP007687,Male,Yes,0,Graduate,No,5331,1038.0,212.0,360.0,0.0,Semiurban,N
LP007688,Male,No,2,Graduate,No,3896,0.0,131.0,300.0,1.0,Urban,Y
LP007689,Male,Yes,0,Not Graduate,No,4693,0.0,130.0,360.0,1.0,Rural,Y
LP007690,Male,Yes,1,Graduate,Yes,3621,866.0,193.0,360.0,0.0,Semiurban,N
LP007691,Female,Yes,0,Graduate,Yes,4828,501.0,132.0,360.0,1.0,Rural,Y
LP007692,Female,Yes,0,Graduate,No,3953,1095.0,164.0,360.0,1.0,Semiurban,Y
LP007693,Male,No,0,Not Graduate,No,5602,1470.0,199.0,360.0,1.0,Urban,Y
LP007694,Female,Yes,0,Not Graduate,No,6737,1544.0,352.0,360.0,1.0,Urban,Y
LP007695,Female,No,3+,Graduate,No,2865,0.0,115.0,360.0,1.0,Rural,Y
LP007696,Female,No,0,Graduate,No,7318,0.0,224.0,360.0,1.0,Urban,Y
LP007697,Male,Yes,0,Graduate,No,1786,0.0,60.0,360.0,1.0,Rural,Y
LP007698,Male,Yes,0,Not Graduate,No,5357,0.0,183.0,360.0,0.0,Rural,N
LP007699,Male,No,1,Graduate,No,5943,956.0,162.0,360.0,0.0,Rural,N
LP007700,Male,Yes,1,Graduate,No,5027,1301.0,181.0,360.0,0.0,Semiurban,N
LP007701,Male,Yes,2,Graduate,No,7634,0.0,195.0,360.0,1.0,Urban,Y
LP007702,Female,Yes,0,Graduate,No,3021,0.0,46.0,360.0,1.0,Urban,Y
LP007703,Male,No,1,Graduate,Yes,3118,0.0,65.0,360.0,0.0,Urban,N
LP007704,Male,No,2,Graduate,No,2041,0.0,93.0,360.0,1.0,Urban,Y
LP007705,Male,Yes,1,Graduate,No,4914,0.0,89.0,360.0,1.0,Urban,Y
LP007706,Male,Yes,1,Not Graduate,No,3747,1036.0,199.0,360.0,0.0,Semiurban,N
LP007707,Female,Yes,0,Graduate,Yes,3063,1218.0,148.0,360.0,1.0,Rural,Y
LP007708,Male,No,0,Graduate,No,2110,1310.0,140.0,360.0,1.0,Rural,Y
LP007709,Male,Yes,3+,Not Graduate,No,2856,1287.0,154.0,360.0,1.0,Urban,Y
LP007710,Male,No,0,Not Graduate,No,2001,1430.0,111.0,360.0,1.0,Urban,Y
LP007711,Male,Yes,3+,Graduate,No,9004,0.0,234.0,240.0,1.0,Urban,Y
LP007712,Male,No,0,Graduate,No,4330,0.0,201.0,180.0,1.0,Urban,Y
LP007713,Female,No,2,Graduate,No,3357,0.0,79.0,360.0,1.0,Rural,Y
LP007714,Male,No,3+,Not Graduate,No,3325,2371.0,109.0,360.0,1.0,Urban,Y
LP007715,Male,Yes,1,Graduate,No,3258,5505.0,214.0,360.0,1.0,Urban,Y
LP007716,Male,No,0,Graduate,Yes,4321,0.0,136.0,360.0,1.0,Semiurban,Y
LP007717,Male,Yes,2,Graduate,No,1371,0.0,30.0,360.0,1.0,Semiurban,N
LP007718,Male,No,2,Graduate,No,2234,0.0,67.0,360.0,1.0,Semiurban,Y
LP007719,Female,Yes,2,Graduate,Yes,2589,768.0,103.0,360.0,1.0,Semiurban,Y
LP007720,Male,Yes,0,Graduate,Yes,1427,1250.0,73.0,360.0,1.0,Rural,Y
LP007721,Male,Yes,2,Graduate,No,1655,1139.0,68.0,360.0,1.0,Semiurban,Y
LP007722,Male,Yes,2,Graduate,No,2872,1765.0,107.0,360.0,0.0,Urban,N
LP007723,Male,No,1,Not Graduate,No,4252,0.0,124.0,360.0,0.0,Rural,N
LP007724,Male,No,2,Not Graduate,Yes,1201,0.0,26.0,360.0,0.0,Urban,N
LP007725,Female,Yes,0,Graduate,No,2631,1284.0,87.0,360.0,1.0,Semiurban,Y
LP007726,Male,Yes,3+,Graduate,No,3342,0.0,107.0,360.0,1.0,Semiurban,Y
LP007727,Male,Yes,0,Graduate,No,2406,0.0,75.0,180.0,1.0,Urban,Y
LP007728,Male,No,1,Not Graduate,No,4004,0.0,109.0,360.0,1.0,Rural,Y
LP007729,Female,Yes,0,Graduate,Yes,3484,0.0,90.0,180.0,1.0,Semiurban,Y
LP007730,Male,No,0,Graduate,No,3320,0.0,140.0,360.0,0.0,Rural,N
LP007731,Male,Yes,1,Graduate,No,3730,1130.0,102.0,360.0,1.0,Rural,Y
LP007732,Male,Yes,0,Graduate,Yes,2769,1293.0,126.0,360.0,1.0,Urban,Y
LP007733,Female,No,0,Graduate,No,12974,0.0,382.0,360.0,0.0,Urban,N
LP007734,Male,Yes,0,Graduate,No,3587,628.0,130.0,360.0,1.0,Semiurban,Y
LP007735,Male,Yes,0,Graduate,Yes,8416,0.0,269.0,360.0,1.0,Urban,Y
LP007736,Male,Yes,1,Not Graduate,No,3855,1086.0,95.0,360.0,1.0,Rural,Y
LP007737,Male,Yes,0,Graduate,No,1774,1250.0,86.0,360.0,1.0,Semiurban,Y
LP007738,Male,Yes,0,Not Graduate,No,2231,897.0,91.0,360.0,1.0,Rural,Y
LP007739,Male,No,1,Graduate,No,4847,0.0,163.0,360.0,1.0,Semiurban,Y
LP007740,Male,Yes,2,Not Graduate,No,11076,868.0,280.0,360.0,1.0,Urban,Y
LP007741,Male,No,0,Graduate,No,4234,0.0,64.0,180.0,1.0,Urban,Y
LP007742,Male,Yes,0,Graduate,No,4663,2068.0,143.0,360.0,1.0,Semiurban,Y
LP007743,Male,Yes,0,Not Graduate,No,5713,0.0,321.0,360.0,1.0,Rural,Y
LP007744,Male,Yes,0,Not Graduate,No,1976,958.0,63.0,360.0,1.0,Urban,Y
LP007745,Male,Yes,3+,Not Graduate,No,2494,0.0,52.0,360.0,1.0,Semiurban,Y
LP007746,Male,Yes,0,Graduate,No,2601,1672.0,167.0,360.0,0.0,Urban,N
LP007747,Male,Yes,1,Graduate,Yes,4386,1338.0,247.0,360.0,1.0,Semiurban,Y
LP007748,Female,No,3+,Graduate,No,1972,0.0,63.0,360.0,1.0,Urban,N
LP007749,Male,Yes,2,Graduate,No,3840,1163.0,108.0,360.0,1.0,Semiurban,Y
LP007750,Male,No,0,Not Graduate,No,3780,0.0,121.0,360.0,0.0,Rural,N
LP007751,Male,Yes,0,Not Graduate,No,3174,815.0,102.0,360.0,1.0,Rural,Y
LP007752,Male,Yes,0,Graduate,No,4488,1919.0,114.0,360.0,1.0,Semiurban,Y
LP007753,Female,No,0,Graduate,No,2462,0.0,71.0,360.0,1.0,Rural,Y
LP007754,Male,Yes,2,Graduate,No,5190,879.0,169.0,240.0,0.0,Semiurban,N
LP007755,Female,No,1,Graduate,No,4386,2779.0,292.0,360.0,1.0,Urban,Y
LP007756,Male,Yes,2,Graduate,Yes,3078,1779.0,148.0,180.0,0.0,Semiurban,N
LP007757,Male,No,0,Graduate,No,5165,0.0,134.0,360.0,1.0,Rural,Y
LP007758,Male,No,0,Graduate,No,2663,0.0,77.0,180.0,0.0,Semiurban,N
LP007759,Male,No,1,Graduate,No,5943,0.0,203.0,360.0,1.0,Rural,Y
LP007760,Male,Yes,3+,Graduate,No,1996,2016.0,105.0,360.0,1.0,Semiurban,Y
LP007761,Male,Yes,1,Not Graduate,No,4835,1813.0,207.0,360.0,1.0,Semiurban,Y
LP007762,Female,Yes,0,Graduate,No,2988,2872.0,127.0,360.0,1.0,Rural,Y
LP007763,Male,Yes,3+,Graduate,No,2462,1501.0,144.0,360.0,0.0,Urban,N
LP007764,Male,No,0,Graduate,No,2432,0.0,88.0,360.0,1.0,Semiurban,Y
LP007765,Male,No,1,Not Graduate,No,1685,0.0,37.0,180.0,1.0,Rural,Y
LP007766,Male,Yes,2,Graduate,No,2966,0.0,62.0,360.0,1.0,Semiurban,Y
LP007767,Male,Yes,0,Graduate,No,5542,1860.0,177.0,360.0,1.0,Rural,Y
LP007768,Male,No,0,Graduate,No,1473,1693.0,70.0,360.0,1.0,Rural,Y
LP007769,Male,Yes,1,Graduate,No,4444,1028.0,116.0,180.0,1.0,Rural,Y
LP007770,Male,Yes,1,Graduate,No,3072,2286.0,119.0,360.0,1.0,Rural,Y
LP007771,Male,No,2,Graduate,No,3436,0.0,86.0,360.0,1.0,Urban,Y
LP007772,Male,Yes,1,Graduate,No,3549,2535.0,146.0,360.0,1.0,Semiurban,Y
LP007773,Male,Yes,1,Graduate,No,4992,1383.0,114.0,180.0,1.0,Semiurban,Y
LP007774,Male,Yes,0,Graduate,No,2819,806.0,153.0,360.0,1.0,Urban,Y
LP007775,Male,Yes,0,Graduate,No,3578,0.0,141.0,480.0,1.0,Semiurban,Y
LP007776,Female,No,0,Graduate,No,8520,1031.0,195.0,360.0,1.0,Rural,Y
LP007777,Male,No,0,Graduate,No,2073,790.0,71.0,360.0,1.0,Semiurban,Y
LP007778,Male,No,0,Graduate,No,5261,0.0,161.0,360.0,1.0,Rural,Y
LP007779,Male,No,3+,Graduate,No,3257,0.0,110.0,360.0,0.0,Semiurban,N
LP007780,Male,No,0,Graduate,No,6870,0.0,210.0,360.0,1.0,Rural,Y
LP007781,Male,No,0,Graduate,Yes,2550,0.0,85.0,180.0,0.0,Urban,N
LP007782,Female,Yes,0,Graduate,No,4772,1734.0,160.0,360.0,1.0,Urban,Y
LP007783,Female,Yes,2,Graduate,No,2067,0.0,74.0,360.0,1.0,Rural,Y
LP007784,Male,Yes,0,Graduate,No,4900,2460.0,171.0,360.0,1.0,Semiurban,Y
LP007785,Male,Yes,0,Graduate,No,1624,2588.0,123.0,360.0,1.0,Rural,Y
LP007786,Male,Yes,0,Graduate,No,2295,1878.0,108.0,360.0,1.0,Urban,Y
LP007787,Male,Yes,0,Not Graduate,No,2199,966.0,80.0,360.0,1.0,Semiurban,Y
LP007788,Male,No,2,Graduate,Yes,3506,0.0,119.0,180.0,1.0,Rural,Y
LP007789,Male,No,2,Graduate,No,2598,0.0,54.0,480.0,1.0,Rural,Y
LP007790,Male,Yes,2,Graduate,No,6602,1778.0,182.0,360.0,1.0,Semiurban,Y
LP007791,Male,Yes,3+,Graduate,No,4287,3753.0,289.0,360.0,1.0,Rural,Y
LP007792,Male,No,2,Graduate,No,3084,1477.0,114.0,360.0,1.0,Urban,Y
LP007793,Male,Yes,0,Not Graduate,No,5337,2349.0,205.0,360.0,1.0,Semiurban,Y
LP007794,Male,Yes,1,Graduate,No,3373,0.0,68.0,360.0,0.0,Urban,N
LP007795,Male,No,1,Graduate,No,4983,0.0,147.0,360.0,0.0,Rural,N
LP007796,Male,No,0,Graduate,No,3732,0.0,98.0,360.0,1.0,Rural,Y
LP007797,Male,No,2,Not Graduate,No,6649,0.0,300.0,360.0,1.0,Urban,Y
LP007798,Female,Yes,2,Graduate,No,2507,4166.0,181.0,360.0,1.0,Urban,Y
LP007799,Male,No,1,Graduate,No,6255,0.0,149.0,360.0,1.0,Semiurban,Y
LP007800,Male,No,0,Not Graduate,No,3668,0.0,69.0,360.0,1.0,Urban,Y
LP007801,Male,Yes,0,Graduate,Yes,4609,1478.0,184.0,360.0,1.0,Semiurban,Y
LP007802,Female,Yes,0,Graduate,No,1981,1204.0,70.0,180.0,1.0,Semiurban,Y
LP007803,Male,Yes,1,Not Graduate,No,7459,0.0,235.0,360.0,1.0,Semiurban,Y
LP007804,Female,No,3+,Graduate,Yes,5798,0.0,178.0,240.0,1.0,Rural,Y
LP007805,Male,No,1,Graduate,No,2462,0.0,89.0,360.0,1.0,Semiurban,Y
LP007806,Male,Yes,0,Graduate,No,10746,0.0,317.0,360.0,1.0,Rural,Y
LP007807,Male,No,2,Graduate,No,4999,0.0,109.0,180.0,1.0,Semiurban,Y
LP007808,Male,Yes,0,Not Graduate,No,6656,940.0,152.0,360.0,1.0,Semiurban,Y
LP007809,Male,Yes,0,Graduate,No,1608,1902.0,81.0,360.0,1.0,Semiurban,Y
LP007810,Male,No,3+,Graduate,No,4382,0.0,114.0,360.0,1.0,Urban,Y
LP007811,Male,Yes,0,Graduate,No,1178,681.0,39.0,360.0,1.0,Urban,Y
LP007812,Male,Yes,0,Graduate,No,5921,0.0,122.0,360.0,1.0,Semiurban,Y
LP007813,Male,Yes,1,Not Graduate,No,1274,0.0,27.0,360.0,0.0,Semiurban,N
LP007814,Male,No,0,Graduate,No,3422,4247.0,187.0,480.0,1.0,Rural,Y
LP007815,Male,Yes,2,Not Graduate,No,8505,0.0,221.0,360.0,1.0,Rural,Y
LP007816,Female,Yes,0,Not Graduate,No,12644,3654.0,371.0,360.0,0.0,Rural,N
LP007817,Male,Yes,0,Graduate,No,1347,461.0,37.0,360.0,1.0,Semiurban,Y
LP007818,Male,No,1,Graduate,No,2124,0.0,46.0,360.0,1.0,Semiurban,Y
LP007819,Male,Yes,0,Not Graduate,Yes,2514,765.0,81.0,180.0,1.0,Semiurban,Y
LP007820,Male,No,0,Not Graduate,No,3692,0.0,88.0,360.0,1.0,Rural,Y
LP007821,Male,Yes,2,Graduate,No,5930,742.0,158.0,360.0,1.0,Urban,Y
LP007822,Male,Yes,0,Not Graduate,No,9576,977.0,347.0,360.0,1.0,Semiurban,Y
LP007823,Male,Yes,0,Graduate,No,1897,0.0,55.0,360.0,1.0,Semiurban,Y
LP007824,Male,No,0,Not Graduate,Yes,2082,0.0,44.0,360.0,1.0,Semiurban,Y
LP007825,Male,Yes,3+,Graduate,No,7659,2565.0,284.0,360.0,1.0,Semiurban,Y
LP007826,Male,No,0,Not Graduate,No,5937,0.0,175.0,360.0,1.0,Semiurban,Y
LP007827,Male,No,2,Graduate,No,5753,0.0,155.0,360.0,1.0,Semiurban,Y
LP007828,Male,No,0,Graduate,No,4777,683.0,165.0,360.0,1.0,Semiurban,Y
LP007829,Male,Yes,2,Graduate,No,10330,1306.0,542.0,180.0,0.0,Urban,N
LP007830,Female,Yes,0,Graduate,No,2590,909.0,83.0,360.0,1.0,Semiurban,Y
LP007831,Male,No,2,Graduate,No,3609,0.0,129.0,480.0,1.0,Urban,Y
LP007832,Male,Yes,1,Graduate,No,2571,0.0,100.0,360.0,0.0,Semiurban,N
LP007833,Female,Yes,2,Graduate,No,3695,1037.0,83.0,360.0,1.0,Semiurban,Y
LP007834,Male,Yes,2,Graduate,Yes,1223,0.0,36.0,300.0,1.0,Rural,N
LP007835,Male,Yes,0,Graduate,No,1603,1183.0,88.0,360.0,1.0,Semiurban,Y
LP007836,Male,No,3+,Not Graduate,No,8432,878.0,181.0,360.0,1.0,Urban,Y
LP007837,Male,Yes,2,Not Graduate,No,5945,0.0,115.0,360.0,1.0,Semiurban,Y
LP007838,Male,Yes,0,Graduate,No,4009,2115.0,208.0,180.0,0.0,Urban,N
LP007839,Male,Yes,0,Graduate,No,5777,1238.0,168.0,360.0,1.0,Rural,Y
LP007840,Male,No,0,Graduate,Yes,2656,0.0,117.0,360.0,1.0,Rural,Y
LP007841,Male,No,1,Graduate,No,3384,0.0,88.0,360.0,1.0,Semiurban,Y
LP007842,Male,No,1,Graduate,No,4453,0.0,129.0,360.0,1.0,Semiurban,Y
LP007843,Male,Yes,0,Graduate,No,2968,1668.0,130.0,360.0,1.0,Semiurban,Y
LP007844,Male,Yes,0,Graduate,No,2964,979.0,112.0,360.0,1.0,Rural,Y
LP007845,Male,Yes,2,Graduate,No,10740,0.0,333.0,360.0,1.0,Rural,Y
LP007846,Male,Yes,0,Graduate,No,3782,1063.0,132.0,360.0,0.0,Rural,N
LP007847,Male,Yes,0,Graduate,No,7269,0.0,165.0,360.0,1.0,Urban,Y
LP007848,Male,Yes,0,Graduate,No,4432,1390.0,119.0,360.0,1.0,Semiurban,Y
LP007849,Male,Yes,0,Graduate,No,5112,1822.0,167.0,360.0,1.0,Semiurban,Y
LP007850,Female,Yes,1,Graduate,No,1298,1197.0,52.0,360.0,0.0,Urban,N
LP007851,Male,Yes,0,Not Graduate,No,3528,0.0,123.0,360.0,1.0,Urban,Y
LP007852,Male,Yes,1,Graduate,No,3803,0.0,102.0,360.0,1.0,Urban,Y
LP007853,Male,Yes,0,Graduate,No,2069,777.0,72.0,360.0,1.0,Rural,Y
LP007854,Male,Yes,0,Graduate,No,1932,0.0,65.0,360.0,1.0,Rural,Y
LP007855,Female,Yes,0,Graduate,No,4942,0.0,172.0,180.0,1.0,Semiurban,Y
LP007856,Male,Yes,1,Graduate,No,4523,3310.0,290.0,360.0,1.0,Semiurban,Y
LP007857,Male,Yes,1,Graduate,No,3559,4796.0,260.0,360.0,1.0,Semiurban,Y
LP007858,Male,Yes,0,Graduate,No,1810,2677.0,105.0,360.0,1.0,Semiurban,Y
LP007859,Male,No,0,Not Graduate,No,3365,967.0,71.0,360.0,1.0,Urban,Y
LP007860,Male,No,1,Graduate,No,4154,0.0,165.0,360.0,1.0,Semiurban,Y
LP007861,Male,No,0,Graduate,No,16906,1528.0,488.0,360.0,1.0,Rural,N
LP007862,Male,Yes,0,Graduate,No,3788,1438.0,143.0,360.0,1.0,Semiurban,Y
LP007863,Female,No,0,Graduate,No,1774,965.0,61.0,360.0,1.0,Urban,Y
LP007864,Female,Yes,0,Graduate,No,2780,1292.0,66.0,360.0,1.0,Urban,Y
LP007865,Male,Yes,0,Not Graduate,No,2786,1134.0,70.0,360.0,1.0,Rural,Y
LP007866,Male,Yes,0,Graduate,No,4553,2515.0,127.0,360.0,1.0,Semiurban,Y
LP007867,Male,No,2,Graduate,No,10709,0.0,356.0,360.0,1.0,Rural,Y
LP007868,Male,Yes,2,Graduate,No,4601,1891.0,148.0,360.0,1.0,Semiurban,Y
LP007869,Male,Yes,0,Graduate,Yes,3967,0.0,196.0,360.0,1.0,Urban,Y
LP007870,Male,Yes,1,Graduate,No,4970,1253.0,227.0,300.0,1.0,Rural,Y
LP007871,Male,No,2,Graduate,Yes,3814,0.0,99.0,180.0,0.0,Semiurban,N
LP007872,Male,Yes,0,Not Graduate,No,6989,1886.0,257.0,360.0,0.0,Semiurban,N
LP007873,Male,Yes,0,Graduate,No,12503,1025.0,346.0,180.0,1.0,Semiurban,Y
LP007874,Male,Yes,3+,Graduate,No,7963,0.0,251.0,360.0,1.0,Urban,Y
LP007875,Female,Yes,0,Graduate,No,6720,2596.0,211.0,180.0,1.0,Urban,Y
LP007876,Male,Yes,0,Graduate,No,6589,635.0,289.0,360.0,1.0,Urban,Y
LP007877,Male,Yes,2,Graduate,No,3512,1159.0,75.0,360.0,1.0,Semiurban,Y
LP007878,Female,No,1,Graduate,No,5248,1554.0,189.0,360.0,1.0,Semiurban,Y
LP007879,Male,Yes,0,Graduate,No,2861,2411.0,123.0,360.0,1.0,Rural,Y
LP007880,Male,Yes,0,Graduate,No,4692,1384.0,174.0,360.0,1.0,Rural,Y
LP007881,Male,Yes,0,Graduate,No,4247,1347.0,186.0,360.0,1.0,Semiurban,Y
LP007882,Male,Yes,0,Graduate,No,2095,1268.0,80.0,360.0,1.0,Rural,Y
LP007883,Male,Yes,3+,Not Graduate,No,2877,979.0,109.0,360.0,1.0,Semiurban,Y
LP007884,Male,Yes,0,Graduate,No,4040,0.0,132.0,120.0,1.0,Semiurban,Y
LP007885,Male,Yes,3+,Graduate,No,5519,1717.0,245.0,360.0,1.0,Semiurban,Y
LP007886,Male,No,3+,Not Graduate,Yes,7418,0.0,206.0,360.0,1.0,Urban,Y
LP007887,Female,Yes,1,Not Graduate,Yes,2734,0.0,85.0,180.0,1.0,Rural,Y
LP007888,Male,Yes,0,Graduate,No,3373,1217.0,147.0,360.0,1.0,Semiurban,Y
LP007889,Male,Yes,0,Graduate,No,6992,1535.0,331.0,360.0,1.0,Rural,Y
LP007890,Male,Yes,1,Graduate,Yes,6346,0.0,161.0,360.0,0.0,Rural,N
LP007891,Male,Yes,3+,Graduate,No,2683,1889.0,105.0,360.0,1.0,Semiurban,Y
LP007892,Male,No,0,Graduate,No,2237,0.0,130.0,360.0,1.0,Semiurban,Y
LP007893,Male,Yes,0,Graduate,No,3391,950.0,186.0,360.0,1.0,Urban,Y
LP007894,Male,Yes,0,Graduate,Yes,4652,0.0,80.0,360.0,1.0,Rural,Y
LP007895,Male,Yes,0,Graduate,No,10659,0.0,550.0,360.0,1.0,Semiurban,N
LP007896,Male,Yes,0,Not Graduate,No,3711,1648.0,159.0,360.0,1.0,Semiurban,Y
LP007897,Male,Yes,2,Graduate,No,11203,0.0,247.0,360.0,1.0,Rural,Y
LP007898,Female,No,1,Not Graduate,No,5363,0.0,92.0,360.0,1.0,Urban,Y
LP007899,Male,No,1,Graduate,No,1413,0.0,26.0,360.0,0.0,Urban,N
LP007900,Male,Yes,0,Graduate,Yes,3213,2228.0,151.0,360.0,1.0,Rural,Y
LP007901,Male,Yes,1,Not Graduate,No,1941,1834.0,95.0,360.0,1.0,Urban,Y
LP007902,Male,Yes,0,Not Graduate,No,4646,1672.0,125.0,360.0,1.0,Urban,Y
LP007903,Male,Yes,0,Not Graduate,No,3176,2373.0,165.0,360.0,1.0,Semiurban,Y
LP007904,Male,No,0,Graduate,No,4829,0.0,163.0,360.0,0.0,Semiurban,N
LP007905,Female,Yes,1,Graduate,No,3402,0.0,108.0,360.0,1.0,Urban,Y
LP007906,Female,Yes,0,Graduate,No,3764,3278.0,140.0,180.0,1.0,Semiurban,Y
LP007907,Male,No,0,Graduate,No,4423,0.0,133.0,360.0,1.0,Urban,Y
LP007908,Male,Yes,0,Graduate,Yes,2351,2509.0,143.0,360.0,1.0,Semiurban,Y
LP007909,Male,Yes,0,Not Graduate,No,2940,1082.0,83.0,360.0,0.0,Rural,N
LP007910,Male,Yes,1,Graduate,No,4889,1848.0,165.0,360.0,0.0,Rural,N
LP007911,Male,No,0,Graduate,No,4165,1876.0,173.0,360.0,1.0,Rural,Y
LP007912,Female,Yes,1,Graduate,No,6178,1623.0,191.0,360.0,1.0,Rural,Y
LP007913,Male,Yes,3+,Graduate,No,2817,1580.0,151.0,120.0,0.0,Semiurban,N
LP007914,Male,Yes,3+,Not Graduate,Yes,2665,0.0,64.0,360.0,1.0,Semiurban,Y
LP007915,Male,Yes,0,Not Graduate,No,5694,4700.0,348.0,360.0,1.0,Rural,Y
LP007916,Male,No,0,Graduate,Yes,4388,0.0,178.0,360.0,1.0,Rural,Y
LP007917,Male,Yes,0,Not Graduate,No,1555,0.0,51.0,360.0,1.0,Rural,Y
LP007918,Male,No,2,Not Graduate,Yes,2776,0.0,66.0,180.0,1.0,Urban,Y
LP007919,Female,No,0,Graduate,No,9733,2165.0,339.0,360.0,0.0,Rural,N
LP007920,Male,Yes,2,Graduate,No,3065,1284.0,106.0,180.0,0.0,Rural,N
LP007921,Female,Yes,0,Graduate,No,4466,0.0,109.0,360.0,1.0,Rural,Y
LP007922,Male,No,0,Graduate,Yes,2380,0.0,62.0,360.0,1.0,Semiurban,Y
LP007923,Male,Yes,0,Not Graduate,No,6755,1397.0,212.0,180.0,1.0,Urban,Y
LP007924,Male,Yes,0,Graduate,Yes,3492,1226.0,156.0,360.0,1.0,Semiurban,Y
LP007925,Male,No,0,Graduate,No,3181,0.0,93.0,360.0,1.0,Semiurban,Y
LP007926,Male,Yes,1,Graduate,No,4281,0.0,94.0,360.0,1.0,Semiurban,Y
LP007927,Male,No,0,Not Graduate,No,3140,0.0,135.0,360.0,1.0,Semiurban,Y
LP007928,Male,No,1,Not Graduate,No,4611,0.0,186.0,360.0,1.0,Urban,Y
LP007929,Female,No,3+,Graduate,Yes,3742,0.0,75.0,360.0,1.0,Urban,Y
LP007930,Male,No,1,Graduate,No,1396,0.0,32.0,300.0,1.0,Semiurban,N
LP007931,Male,Yes,0,Graduate,No,4059,0.0,100.0,360.0,1.0,Rural,Y
LP007932,Male,No,2,Graduate,No,5745,0.0,190.0,360.0,1.0,Rural,Y
LP007933,Male,No,2,Graduate,No,1632,0.0,28.0,360.0,1.0,Rural,N
LP007934,Male,Yes,1,Graduate,No,2559,1520.0,97.0,180.0,1.0,Urban,Y
LP007935,Male,Yes,2,Graduate,No,5090,0.0,150.0,360.0,1.0,Semiurban,Y
LP007936,Male,No,0,Graduate,No,6406,2436.0,259.0,360.0,1.0,Urban,Y
LP007937,Male,Yes,0,Graduate,No,5487,2070.0,377.0,360.0,1.0,Semiurban,Y
LP007938,Male,Yes,0,Graduate,No,2932,1918.0,136.0,180.0,1.0,Semiurban,Y
LP007939,Female,Yes,0,Graduate,No,3988,0.0,149.0,360.0,0.0,Semiurban,N
LP007940,Male,Yes,1,Graduate,No,6163,3088.0,319.0,360.0,1.0,Rural,Y
LP007941,Male,No,0,Graduate,No,2666,2701.0,185.0,180.0,1.0,Semiurban,Y
LP007942,Male,Yes,2,Graduate,No,7559,825.0,259.0,360.0,1.0,Urban,Y
LP007943,Male,Yes,2,Graduate,No,3627,2317.0,143.0,180.0,1.0,Urban,Y
LP007944,Male,Yes,0,Not Graduate,No,4627,0.0,105.0,360.0,0.0,Urban,N
LP007945,Male,Yes,1,Not Graduate,No,4707,1451.0,271.0,360.0,1.0,Rural,Y
LP007946,Male,Yes,2,Graduate,No,2919,0.0,50.0,180.0,1.0,Urban,Y
LP007947,Female,No,3+,Graduate,No,7910,0.0,197.0,360.0,1.0,Rural,Y
LP007948,Male,Yes,1,Graduate,Yes,3051,2389.0,182.0,360.0,1.0,Urban,Y
LP007949,Male,No,1,Not Graduate,No,2315,0.0,36.0,180.0,1.0,Rural,Y
LP007950,Female,Yes,0,Graduate,No,2834,3443.0,196.0,360.0,1.0,Semiurban,Y
LP007951,Female,No,0,Graduate,No,5879,0.0,186.0,180.0,1.0,Urban,Y
LP007952,Male,Yes,1,Graduate,No,2130,1160.0,66.0,360.0,1.0,Urban,Y
LP007953,Male,No,3+,Not Graduate,No,2693,0.0,68.0,360.0,1.0,Semiurban,Y
LP007954,Male,Yes,0,Graduate,Yes,1435,0.0,29.0,360.0,1.0,Rural,Y
LP007955,Male,Yes,0,Graduate,Yes,4511,2370.0,176.0,360.0,1.0,Semiurban,Y
LP007956,Male,Yes,0,Graduate,No,4251,0.0,120.0,360.0,1.0,Urban,Y
LP007957,Male,Yes,0,Graduate,No,9975,1477.0,280.0,360.0,1.0,Urban,Y
LP007958,Male,No,2,Graduate,No,3265,0.0,78.0,360.0,0.0,Semiurban,N
LP007959,Male,No,2,Graduate,No,7310,0.0,142.0,360.0,1.0,Semiurban,Y
LP007960,Male,Yes,1,Graduate,No,3980,1696.0,108.0,360.0,0.0,Urban,N
LP007961,Male,Yes,0,Graduate,No,1560,1420.0,77.0,360.0,1.0,Urban,Y
LP007962,Male,No,0,Graduate,No,3736,0.0,130.0,300.0,1.0,Urban,Y
LP007963,Male,Yes,0,Graduate,Yes,5836,2096.0,220.0,360.0,0.0,Semiurban,N
LP007964,Male,No,3+,Graduate,No,2427,1499.0,99.0,180.0,1.0,Semiurban,Y
LP007965,Female,Yes,0,Graduate,No,5368,3639.0,331.0,360.0,1.0,Semiurban,Y
LP007966,Male,Yes,0,Graduate,Yes,2556,1222.0,115.0,360.0,1.0,Semiurban,Y
LP007967,Male,Yes,0,Graduate,No,3184,0.0,61.0,480.0,0.0,Urban,N
LP007968,Female,Yes,1,Graduate,No,1383,631.0,61.0,360.0,1.0,Urban,Y
LP007969,Male,Yes,0,Graduate,Yes,2747,0.0,84.0,360.0,1.0,Rural,Y
LP007970,Male,Yes,0,Graduate,No,6620,3777.0,194.0,360.0,1.0,Rural,Y
LP007971,Male,No,1,Graduate,No,1448,0.0,27.0,360.0,1.0,Semiurban,N
LP007972,Female,No,2,Graduate,Yes,1649,0.0,38.0,360.0,1.0,Urban,N
LP007973,Male,Yes,0,Graduate,No,9537,909.0,338.0,360.0,1.0,Semiurban,Y
LP007974,Male,Yes,0,Graduate,Yes,2924,1220.0,177.0,180.0,1.0,Semiurban,Y
LP007975,Male,Yes,0,Graduate,Yes,9000,1731.0,363.0,360.0,1.0,Rural,Y
LP007976,Female,Yes,1,Graduate,No,2917,2234.0,119.0,360.0,1.0,Urban,Y
LP007977,Female,No,0,Graduate,No,3823,0.0,117.0,360.0,1.0,Rural,Y
LP007978,Male,Yes,0,Not Graduate,No,4137,1878.0,137.0,360.0,1.0,Urban,Y
LP007979,Male,Yes,0,Graduate,Yes,2027,918.0,91.0,360.0,1.0,Urban,Y
LP007980,Male,Yes,0,Graduate,No,5662,2131.0,191.0,360.0,1.0,Rural,Y
LP007981,Male,No,0,Graduate,No,4070,0.0,64.0,360.0,1.0,Semiurban,Y
LP007982,Female,No,2,Graduate,Yes,3941,0.0,93.0,360.0,1.0,Semiurban,Y
LP007983,Male,Yes,1,Graduate,No,5116,1715.0,161.0,360.0,1.0,Semiurban,Y
LP007984,Male,Yes,0,Not Graduate,No,5482,750.0,149.0,360.0,1.0,Semiurban,Y
LP007985,Female,Yes,0,Graduate,No,7520,2028.0,237.0,300.0,1.0,Rural,Y
LP007986,Male,Yes,3+,Graduate,No,6217,2414.0,220.0,360.0,1.0,Semiurban,Y
LP007987,Male,Yes,0,Graduate,No,3050,970.0,92.0,360.0,0.0,Semiurban,N
LP007988,Male,Yes,0,Graduate,No,1409,0.0,51.0,360.0,1.0,Semiurban,Y
LP007989,Female,No,2,Graduate,No,3158,0.0,72.0,360.0,1.0,Rural,Y
LP007990,Male,Yes,1,Graduate,No,1816,1733.0,147.0,180.0,1.0,Rural,Y
LP007991,Male,Yes,3+,Graduate,No,3095,0.0,91.0,360.0,1.0,Semiurban,Y
LP007992,Male,Yes,2,Graduate,No,7011,1353.0,349.0,360.0,1.0,Semiurban,Y
LP007993,Female,No,2,Graduate,No,4219,0.0,140.0,360.0,0.0,Semiurban,N
LP007994,Male,Yes,1,Graduate,No,4963,1535.0,127.0,360.0,0.0,Urban,N
LP007995,Male,No,0,Graduate,No,2523,0.0,70.0,360.0,1.0,Urban,Y
LP007996,Male,No,2,Not Graduate,No,3500,0.0,134.0,360.0,1.0,Rural,Y
LP007997,Male,No,0,Graduate,No,1560,0.0,35.0,180.0,0.0,Rural,N
LP007998,Male,Yes,3+,Graduate,No,7153,2556.0,406.0,360.0,1.0,Urban,Y
LP007999,Male,No,2,Graduate,No,6585,0.0,123.0,360.0,1.0,Semiurban,Y
LP008000,Female,Yes,0,Graduate,No,4227,1150.0,186.0,120.0,1.0,Rural,Y
LP008001,Male,No,3+,Not Graduate,No,7099,0.0,203.0,360.0,0.0,Semiurban,N
LP008002,Male,No,0,Graduate,No,1000,0.0,57.0,360.0,0.0,Semiurban,N
LP008003,Male,Yes,2,Graduate,No,2137,0.0,38.0,360.0,1.0,Urban,Y
LP008004,Female,No,0,Graduate,No,8113,0.0,225.0,360.0,1.0,Semiurban,Y
LP008005,Male,Yes,1,Not Graduate,Yes,1293,1982.0,65.0,360.0,1.0,Urban,Y
LP008006,Male,No,2,Graduate,No,4049,0.0,130.0,360.0,1.0,Urban,Y
LP008007,Male,Yes,2,Graduate,No,7969,1452.0,189.0,360.0,0.0,Semiurban,N
LP008008,Male,Yes,3+,Graduate,Yes,3950,1039.0,104.0,360.0,1.0,Urban,Y
LP008009,Male,Yes,1,Graduate,No,2137,929.0,72.0,360.0,1.0,Semiurban,Y
LP008010,Male,No,2,Graduate,No,4566,2972.0,259.0,360.0,1.0,Semiurban,Y
LP008011,Female,No,0,Not Graduate,No,2300,0.0,38.0,360.0,0.0,Rural,N
LP008012,Female,Yes,0,Graduate,No,1884,2040.0,90.0,180.0,1.0,Urban,Y
LP008013,Male,Yes,3+,Not Graduate,No,4096,1839.0,193.0,360.0,1.0,Urban,Y
LP008014,Male,Yes,0,Graduate,No,12139,2073.0,403.0,360.0,1.0,Urban,Y
LP008015,Female,Yes,3+,Graduate,Yes,3931,0.0,106.0,360.0,0.0,Urban,N
LP008016,Male,No,0,Not Graduate,No,3633,0.0,63.0,360.0,0.0,Rural,N
LP008017,Male,No,0,Graduate,No,10535,776.0,348.0,360.0,1.0,Rural,Y
LP008018,Female,Yes,2,Graduate,No,6225,1104.0,213.0,360.0,1.0,Semiurban,Y
LP008019,Female,Yes,0,Graduate,No,3988,694.0,177.0,360.0,1.0,Urban,Y
LP008020,Male,Yes,0,Graduate,No,2437,2103.0,122.0,300.0,1.0,Rural,Y
LP008021,Male,Yes,2,Graduate,No,3553,2001.0,172.0,360.0,1.0,Urban,Y
LP008022,Male,Yes,0,Graduate,No,3339,2248.0,125.0,360.0,1.0,Urban,Y
LP008023,Male,Yes,0,Graduate,No,2558,3768.0,145.0,360.0,1.0,Semiurban,Y
LP008024,Female,Yes,0,Graduate,No,1198,2085.0,103.0,360.0,1.0,Urban,Y
LP008025,Male,Yes,0,Graduate,No,8730,1554.0,324.0,360.0,1.0,Rural,Y
LP008026,Male,Yes,1,Graduate,No,4097,4317.0,190.0,360.0,1.0,Semiurban,Y
LP008027,Male,Yes,1,Graduate,No,7661,966.0,249.0,360.0,1.0,Urban,Y
LP008028,Male,Yes,2,Graduate,No,2365,1073.0,70.0,360.0,1.0,Urban,Y
LP008029,Female,Yes,0,Graduate,No,3839,1712.0,140.0,360.0,1.0,Semiurban,Y
LP008030,Male,No,2,Graduate,No,5583,0.0,143.0,360.0,1.0,Semiurban,Y
LP008031,Female,Yes,1,Graduate,No,1914,1033.0,97.0,360.0,1.0,Semiurban,Y
LP008032,Male,Yes,0,Graduate,No,1803,2892.0,129.0,360.0,1.0,Semiurban,Y
LP008033,Male,No,0,Graduate,Yes,1574,0.0,54.0,360.0,1.0,Urban,Y
LP008034,Male,No,0,Graduate,No,3275,0.0,71.0,360.0,1.0,Urban,Y
LP008035,Male,Yes,2,Graduate,No,8653,2008.0,407.0,360.0,0.0,Rural,N
LP008036,Male,No,0,Not Graduate,No,5716,0.0,94.0,360.0,1.0,Urban,Y
LP008037,Male,No,0,Graduate,No,1604,0.0,54.0,360.0,0.0,Semiurban,N
LP008038,Male,No,0,Graduate,Yes,4342,0.0,117.0,360.0,1.0,Semiurban,Y
LP008039,Male,Yes,1,Graduate,No,7403,0.0,258.0,360.0,1.0,Semiurban,Y
LP008040,Male,Yes,0,Graduate,No,6345,770.0,214.0,360.0,0.0,Semiurban,N
LP008041,Male,Yes,0,Graduate,No,5352,3839.0,272.0,360.0,1.0,Semiurban,Y
LP008042,Male,Yes,0,Graduate,No,2901,0.0,71.0,360.0,1.0,Semiurban,Y
LP008043,Male,No,0,Not Graduate,No,3163,0.0,95.0,360.0,1.0,Semiurban,Y
LP008044,Male,Yes,0,Graduate,No,3681,0.0,119.0,120.0,1.0,Rural,Y
LP008045,Male,Yes,1,Graduate,No,4230,1540.0,110.0,360.0,1.0,Semiurban,Y
LP008046,Male,Yes,1,Graduate,Yes,2259,0.0,43.0,360.0,1.0,Semiurban,Y
LP008047,Male,Yes,0,Graduate,No,6666,1663.0,297.0,360.0,1.0,Urban,Y
LP008048,Female,No,0,Graduate,Yes,3415,0.0,69.0,360.0,1.0,Rural,Y
LP008049,Male,No,0,Graduate,No,2412,1549.0,71.0,360.0,1.0,Semiurban,Y
LP008050,Male,Yes,2,Graduate,No,3335,0.0,67.0,360.0,1.0,Semiurban,Y
LP008051,Male,Yes,0,Graduate,No,2717,688.0,102.0,360.0,1.0,Semiurban,Y
LP008052,Male,Yes,2,Graduate,No,3608,0.0,111.0,360.0,1.0,Urban,Y
LP008053,Female,Yes,0,Graduate,No,3573,0.0,119.0,360.0,0.0,Semiurban,N
LP008054,Male,No,0,Not Graduate,No,3190,1001.0,145.0,360.0,1.0,Semiurban,Y
LP008055,Male,No,1,Graduate,Yes,1684,0.0,39.0,480.0,1.0,Urban,Y
LP008056,Male,No,0,Graduate,No,4892,3138.0,235.0,360.0,1.0,Urban,Y
LP008057,Male,No,2,Graduate,No,11276,0.0,428.0,360.0,0.0,Semiurban,N
LP008058,Male,Yes,0,Graduate,No,5260,0.0,163.0,480.0,1.0,Urban,Y
LP008059,Male,Yes,3+,Graduate,Yes,3848,726.0,145.0,360.0,1.0,Urban,Y
LP008060,Male,Yes,2,Graduate,No,4062,0.0,141.0,360.0,1.0,Urban,Y
LP008061,Male,Yes,2,Graduate,No,2453,4836.0,186.0,360.0,1.0,Urban,Y
LP008062,Male,Yes,3+,Graduate,No,3294,0.0,142.0,360.0,1.0,Rural,Y
LP008063,Male,Yes,0,Graduate,No,7221,0.0,196.0,360.0,0.0,Semiurban,N
LP008064,Male,Yes,0,Not Graduate,No,2658,0.0,109.0,180.0,1.0,Semiurban,Y
LP008065,Male,Yes,0,Graduate,Yes,10303,683.0,293.0,360.0,1.0,Rural,Y
LP008066,Male,No,0,Graduate,No,6921,0.0,287.0,360.0,0.0,Semiurban,N
LP008067,Male,No,0,Graduate,Yes,1270,0.0,47.0,360.0,1.0,Semiurban,N
LP008068,Male,No,0,Not Graduate,No,8353,0.0,241.0,360.0,1.0,Rural,Y
LP008069,Female,Yes,1,Graduate,No,8882,0.0,183.0,360.0,1.0,Urban,Y
LP008070,Male,Yes,2,Graduate,No,3030,3291.0,152.0,360.0,1.0,Urban,Y
LP008071,Female,Yes,2,Graduate,No,4928,1641.0,191.0,360.0,1.0,Semiurban,Y
LP008072,Male,Yes,0,Graduate,No,3622,0.0,101.0,360.0,1.0,Semiurban,Y
LP008073,Male,Yes,2,Graduate,No,2108,1326.0,91.0,360.0,1.0,Semiurban,Y
LP008074,Male,Yes,2,Graduate,No,5409,0.0,155.0,360.0,1.0,Urban,Y
LP008075,Male,No,1,Graduate,Yes,4664,1100.0,177.0,360.0,1.0,Rural,Y
LP008076,Male,Yes,3+,Graduate,Yes,2534,1381.0,179.0,360.0,1.0,Rural,Y
LP008077,Male,Yes,0,Graduate,Yes,3595,1433.0,109.0,360.0,1.0,Semiurban,Y
LP008078,Male,No,0,Not Graduate,No,3458,0.0,115.0,180.0,0.0,Rural,N
LP008079,Male,Yes,0,Graduate,No,4397,1414.0,139.0,360.0,1.0,Urban,Y
LP008080,Male,Yes,0,Graduate,Yes,3379,1694.0,119.0,360.0,1.0,Rural,Y
LP008081,Male,Yes,0,Graduate,No,5541,0.0,141.0,360.0,1.0,Rural,Y
LP008082,Male,Yes,0,Graduate,No,2256,1376.0,105.0,360.0,0.0,Rural,N
LP008083,Male,Yes,0,Graduate,No,4343,2309.0,167.0,360.0,1.0,Semiurban,Y
LP008084,Male,Yes,0,Not Graduate,No,6632,977.0,258.0,360.0,0.0,Semiurban,N
LP008085,Male,Yes,0,Graduate,No,4830,1003.0,180.0,360.0,1.0,Rural,Y
LP008086,Male,Yes,0,Graduate,No,3493,757.0,92.0,360.0,1.0,Urban,Y
LP008087,Male,Yes,2,Graduate,No,4390,0.0,100.0,480.0,1.0,Urban,Y
LP008088,Male,Yes,0,Graduate,No,1866,0.0,34.0,360.0,1.0,Semiurban,Y
LP008089,Female,Yes,0,Graduate,No,5681,2831.0,240.0,180.0,1.0,Rural,Y
LP008090,Male,Yes,1,Graduate,No,1874,0.0,63.0,360.0,1.0,Semiurban,Y
LP008091,Male,Yes,0,Not Graduate,No,3740,0.0,171.0,360.0,1.0,Rural,Y
LP008092,Male,Yes,0,Graduate,No,7444,1644.0,245.0,180.0,1.0,Semiurban,Y
LP008093,Male,Yes,2,Graduate,No,2266,4232.0,186.0,360.0,1.0,Semiurban,Y
LP008094,Male,Yes,2,Graduate,No,5414,1311.0,228.0,360.0,1.0,Urban,Y
LP008095,Male,Yes,0,Not Graduate,No,2097,0.0,36.0,360.0,0.0,Urban,N
LP008096,Male,Yes,3+,Not Graduate,No,2430,1194.0,89.0,360.0,1.0,Semiurban,Y
LP008097,Male,Yes,1,Graduate,No,4061,1828.0,152.0,360.0,1.0,Rural,Y
LP008098,Female,Yes,1,Graduate,No,4472,1112.0,115.0,360.0,1.0,Semiurban,Y
LP008099,Female,Yes,2,Not Graduate,No,5920,0.0,125.0,360.0,0.0,Rural,N
LP008100,Male,No,0,Graduate,No,5045,0.0,104.0,360.0,0.0,Urban,N
LP008101,Male,Yes,1,Graduate,No,2772,5896.0,226.0,180.0,1.0,Rural,Y
LP008102,Male,Yes,1,Graduate,Yes,2763,2172.0,162.0,360.0,1.0,Rural,Y
LP008103,Female,No,1,Graduate,No,5268,920.0,195.0,360.0,1.0,Rural,Y
LP008104,Male,No,1,Graduate,No,4216,0.0,215.0,180.0,1.0,Rural,Y
LP008105,Male,Yes,0,Graduate,No,5368,1430.0,319.0,360.0,1.0,Semiurban,Y
LP008106,Male,No,0,Graduate,No,1480,1269.0,78.0,360.0,1.0,Semiurban,Y
LP008107,Male,Yes,0,Graduate,No,2624,2102.0,115.0,360.0,1.0,Urban,Y
LP008108,Male,Yes,1,Graduate,No,4063,2232.0,271.0,360.0,1.0,Urban,Y
LP008109,Female,Yes,2,Graduate,No,5055,0.0,103.0,360.0,1.0,Urban,Y
LP008110,Male,Yes,0,Graduate,No,2834,1431.0,180.0,360.0,0.0,Semiurban,N
LP008111,Male,Yes,0,Graduate,No,2919,2248.0,151.0,360.0,1.0,Rural,Y
LP008112,Male,Yes,0,Graduate,No,2070,0.0,31.0,360.0,1.0,Semiurban,Y
LP008113,Male,Yes,2,Graduate,No,4454,0.0,251.0,300.0,1.0,Rural,Y
LP008114,Male,Yes,0,Graduate,No,7105,0.0,268.0,360.0,1.0,Urban,Y
LP008115,Female,Yes,2,Not Graduate,No,4072,1933.0,144.0,360.0,0.0,Urban,N
LP008116,Male,Yes,0,Graduate,No,1958,1784.0,130.0,360.0,1.0,Semiurban,Y
LP008117,Male,No,0,Graduate,Yes,3404,0.0,60.0,360.0,1.0,Semiurban,Y
LP008118,Male,No,0,Graduate,No,4869,1721.0,167.0,360.0,1.0,Urban,Y
LP008119,Male,Yes,0,Graduate,No,2643,1216.0,112.0,360.0,1.0,Semiurban,Y
LP008120,Male,Yes,1,Graduate,No,7856,2810.0,336.0,360.0,0.0,Urban,N
LP008121,Male,Yes,0,Graduate,No,1096,1844.0,56.0,360.0,1.0,Semiurban,Y
LP008122,Female,Yes,0,Graduate,No,1762,1971.0,82.0,360.0,1.0,Semiurban,Y
LP008123,Male,Yes,0,Graduate,Yes,4925,0.0,158.0,360.0,0.0,Semiurban,N
LP008124,Male,Yes,0,Graduate,No,4637,2391.0,242.0,360.0,1.0,Semiurban,Y
LP008125,Male,No,0,Not Graduate,No,9786,1014.0,292.0,180.0,1.0,Semiurban,Y
LP008126,Male,Yes,0,Graduate,No,2606,1651.0,89.0,360.0,1.0,Semiurban,Y
LP008127,Male,No,0,Graduate,No,3226,1237.0,115.0,360.0,1.0,Urban,Y
LP008128,Male,Yes,2,Graduate,No,2303,0.0,75.0,180.0,1.0,Urban,Y
LP008129,Male,No,0,Not Graduate,No,1262,0.0,41.0,360.0,1.0,Rural,N
LP008130,Female,No,0,Graduate,No,3852,0.0,99.0,180.0,0.0,Urban,N
LP008131,Male,Yes,3+,Not Graduate,No,5070,1980.0,231.0,360.0,1.0,Rural,Y
LP008132,Female,Yes,0,Graduate,No,19022,0.0,462.0,360.0,1.0,Urban,Y
LP008133,Male,No,0,Not Graduate,No,4589,630.0,157.0,360.0,1.0,Semiurban,Y
LP008134,Male,Yes,0,Not Graduate,No,7649,3058.0,265.0,360.0,0.0,Urban,N
LP008135,Male,Yes,0,Graduate,No,4687,957.0,287.0,360.0,1.0,Semiurban,Y
LP008136,Male,Yes,0,Graduate,No,5553,3848.0,264.0,360.0,1.0,Semiurban,Y
LP008137,Male,No,0,Graduate,Yes,5227,1461.0,335.0,360.0,1.0,Rural,Y
LP008138,Male,Yes,0,Not Graduate,Yes,2919,1292.0,124.0,360.0,1.0,Semiurban,Y
LP008139,Male,Yes,1,Not Graduate,Yes,4246,3988.0,182.0,360.0,1.0,Urban,Y
LP008140,Male,Yes,1,Graduate,No,1784,903.0,66.0,360.0,0.0,Urban,N
LP008141,Female,Yes,1,Not Graduate,No,3449,2802.0,252.0,360.0,1.0,Semiurban,Y
LP008142,Male,No,0,Graduate,No,3002,0.0,64.0,360.0,1.0,Semiurban,Y
LP008143,Male,Yes,3+,Not Graduate,No,4698,1058.0,292.0,360.0,1.0,Urban,Y
LP008144,Male,Yes,1,Not Graduate,Yes,2184,2353.0,111.0,360.0,1.0,Semiurban,Y
LP008145,Female,No,0,Graduate,No,3233,0.0,97.0,360.0,1.0,Semiurban,Y
LP008146,Male,No,3+,Graduate,No,6039,0.0,187.0,360.0,1.0,Semiurban,Y
LP008147,Male,Yes,0,Graduate,No,6839,5032.0,282.0,360.0,1.0,Semiurban,Y
LP008148,Female,Yes,1,Graduate,No,6968,0.0,279.0,360.0,1.0,Semiurban,Y
LP008149,Male,Yes,0,Graduate,Yes,7208,1774.0,180.0,360.0,1.0,Semiurban,Y
LP008150,Female,Yes,0,Graduate,No,2560,829.0,112.0,360.0,1.0,Semiurban,Y
LP008151,Male,Yes,1,Graduate,No,3082,0.0,83.0,360.0,1.0,Semiurban,Y
LP008152,Male,Yes,3+,Graduate,Yes,3102,896.0,117.0,120.0,1.0,Rural,Y
LP008153,Male,No,0,Graduate,No,4058,957.0,165.0,360.0,0.0,Semiurban,N
LP008154,Male,Yes,0,Not Graduate,No,3857,1635.0,133.0,360.0,1.0,Semiurban,Y
LP008155,Male,Yes,0,Graduate,No,9023,1435.0,379.0,360.0,1.0,Semiurban,Y
LP008156,Female,Yes,1,Graduate,No,2012,1862.0,124.0,360.0,1.0,Rural,Y
LP008157,Male,Yes,0,Graduate,No,3855,1160.0,170.0,360.0,1.0,Urban,Y
LP008158,Male,No,0,Graduate,No,2970,692.0,99.0,180.0,0.0,Semiurban,N
LP008159,Male,Yes,0,Graduate,Yes,4074,1512.0,183.0,360.0,1.0,Urban,Y
LP008160,Male,No,0,Graduate,No,3702,0.0,117.0,360.0,1.0,Semiurban,Y
LP008161,Male,Yes,2,Graduate,No,1000,1377.0,82.0,360.0,1.0,Rural,Y
LP008162,Male,Yes,3+,Graduate,No,5404,0.0,148.0,180.0,1.0,Semiurban,Y
LP008163,Male,Yes,0,Not Graduate,No,3454,2909.0,161.0,360.0,0.0,Semiurban,N
LP008164,Male,Yes,0,Graduate,No,2370,0.0,69.0,360.0,1.0,Semiurban,Y
LP008165,Male,Yes,0,Graduate,No,3099,1355.0,95.0,360.0,0.0,Urban,N
LP008166,Male,Yes,0,Graduate,No,3348,2342.0,163.0,360.0,1.0,Urban,Y
LP008167,Male,No,0,Graduate,No,7054,1370.0,435.0,180.0,1.0,Semiurban,Y
LP008168,Male,Yes,3+,Graduate,No,3242,0.0,101.0,180.0,1.0,Urban,Y
LP008169,Male,No,2,Graduate,Yes,2020,0.0,66.0,360.0,1.0,Urban,Y
LP008170,Male,No,2,Not Graduate,No,5994,2580.0,250.0,360.0,1.0,Rural,Y
LP008171,Male,Yes,0,Graduate,No,8803,1468.0,249.0,240.0,1.0,Rural,Y
LP008172,Male,Yes,0,Graduate,No,5850,805.0,199.0,180.0,0.0,Semiurban,N
LP008173,Female,Yes,0,Graduate,No,5166,906.0,262.0,360.0,1.0,Semiurban,Y
LP008174,Male,Yes,0,Graduate,No,5393,0.0,157.0,360.0,1.0,Rural,Y
LP008175,Male,Yes,2,Not Graduate,No,6662,6242.0,301.0,360.0,1.0,Rural,Y
LP008176,Female,No,0,Graduate,No,5827,0.0,154.0,360.0,1.0,Semiurban,Y
LP008177,Male,Yes,0,Not Graduate,No,2885,3692.0,194.0,360.0,1.0,Rural,Y
LP008178,Male,Yes,0,Graduate,No,6529,1845.0,152.0,360.0,0.0,Rural,N
LP008179,Male,Yes,3+,Graduate,No,2363,1686.0,113.0,360.0,1.0,Rural,Y
LP008180,Male,Yes,0,Graduate,No,6367,1611.0,150.0,360.0,1.0,Urban,Y
LP008181,Female,Yes,0,Graduate,No,8883,924.0,207.0,360.0,1.0,Urban,Y
LP008182,Male,No,2,Graduate,No,2310,0.0,56.0,360.0,1.0,Semiurban,Y
LP008183,Male,No,0,Graduate,No,2355,0.0,59.0,360.0,1.0,Semiurban,Y
LP008184,Male,Yes,0,Not Graduate,No,3313,863.0,96.0,360.0,1.0,Semiurban,Y
LP008185,Male,No,2,Graduate,No,3578,0.0,109.0,360.0,1.0,Urban,Y
LP008186,Male,No,3+,Graduate,No,3242,0.0,85.0,360.0,1.0,Urban,Y
LP008187,Male,No,0,Not Graduate,No,5217,0.0,86.0,120.0,1.0,Urban,Y
LP008188,Male,Yes,0,Not Graduate,No,3647,3442.0,124.0,360.0,1.0,Rural,Y
LP008189,Male,Yes,0,Graduate,No,6428,1709.0,203.0,360.0,1.0,Semiurban,Y
LP008190,Male,Yes,0,Graduate,No,2047,0.0,71.0,360.0,1.0,Urban,Y
LP008191,Female,No,1,Not Graduate,No,2464,0.0,84.0,360.0,1.0,Semiurban,Y
LP008192,Male,No,0,Graduate,No,4675,0.0,219.0,360.0,0.0,Rural,N
LP008193,Male,Yes,0,Not Graduate,No,2641,0.0,70.0,360.0,1.0,Rural,Y
LP008194,Male,Yes,0,Graduate,Yes,3874,0.0,97.0,360.0,1.0,Urban,Y
LP008195,Male,No,0,Graduate,No,4873,0.0,93.0,360.0,1.0,Semiurban,Y
LP008196,Male,No,0,Graduate,No,2859,0.0,109.0,360.0,1.0,Rural,Y
LP008197,Female,Yes,0,Graduate,No,1000,1733.0,92.0,360.0,0.0,Urban,N
LP008198,Male,No,0,Graduate,No,5598,0.0,92.0,360.0,1.0,Semiurban,Y
LP008199,Male,Yes,0,Graduate,No,7598,0.0,446.0,360.0,1.0,Rural,Y
LP008200,Male,Yes,2,Graduate,No,3198,0.0,110.0,360.0,1.0,Rural,Y
LP008201,Male,Yes,0,Graduate,No,5404,904.0,158.0,360.0,1.0,Urban,Y
LP008202,Male,Yes,0,Graduate,No,8760,2611.0,382.0,360.0,1.0,Urban,Y
LP008203,Male,Yes,0,Not Graduate,No,6523,1676.0,238.0,120.0,1.0,Rural,Y
LP008204,Male,Yes,0,Graduate,No,2951,0.0,48.0,120.0,0.0,Rural,N
LP008205,Male,Yes,0,Graduate,No,3411,2262.0,121.0,180.0,1.0,Rural,Y
LP008206,Male,No,2,Graduate,No,1891,0.0,45.0,360.0,1.0,Rural,Y
LP008207,Male,Yes,0,Not Graduate,No,2238,0.0,70.0,360.0,1.0,Rural,Y
LP008208,Male,Yes,2,Graduate,No,2210,1675.0,75.0,180.0,1.0,Urban,Y
LP008209,Female,Yes,0,Graduate,No,3660,0.0,89.0,360.0,1.0,Urban,Y
LP008210,Male,Yes,3+,Graduate,No,4183,1008.0,146.0,360.0,1.0,Rural,Y
LP008211,Male,No,0,Graduate,No,2290,0.0,46.0,360.0,1.0,Semiurban,Y
LP008212,Male,Yes,2,Graduate,No,3794,2056.0,105.0,360.0,1.0,Semiurban,Y
LP008213,Male,Yes,2,Graduate,No,9888,555.0,241.0,360.0,1.0,Urban,Y
LP008214,Male,No,0,Graduate,No,4129,3432.0,220.0,360.0,1.0,Semiurban,Y
LP008215,Male,No,0,Graduate,No,5100,0.0,144.0,360.0,1.0,Urban,Y
LP008216,Male,Yes,1,Not Graduate,No,2759,1527.0,120.0,360.0,1.0,Urban,Y
LP008217,Male,Yes,0,Graduate,No,5365,1244.0,143.0,360.0,1.0,Semiurban,Y
LP008218,Male,Yes,2,Graduate,No,2639,781.0,115.0,360.0,1.0,Semiurban,Y
LP008219,Female,Yes,3+,Graduate,Yes,4454,1483.0,206.0,360.0,1.0,Rural,Y
LP008220,Female,Yes,0,Graduate,No,4735,0.0,101.0,360.0,1.0,Rural,Y
LP008221,Male,Yes,0,Graduate,No,2263,1688.0,97.0,360.0,1.0,Rural,Y
LP008222,Male,Yes,0,Not Graduate,No,4995,1067.0,195.0,360.0,0.0,Rural,N
LP008223,Male,Yes,3+,Graduate,Yes,1881,0.0,84.0,180.0,1.0,Rural,N
LP008224,Male,Yes,2,Graduate,No,1931,2593.0,98.0,360.0,1.0,Semiurban,Y
LP008225,Male,No,3+,Graduate,Yes,4641,0.0,121.0,360.0,0.0,Urban,N
LP008226,Male,Yes,0,Graduate,No,2185,2315.0,132.0,360.0,1.0,Rural,Y
LP008227,Male,Yes,0,Graduate,No,2398,0.0,49.0,360.0,1.0,Semiurban,Y
LP008228,Male,Yes,0,Not Graduate,No,4510,1830.0,161.0,360.0,1.0,Semiurban,Y
LP008229,Female,No,2,Not Graduate,No,4489,0.0,88.0,360.0,1.0,Semiurban,Y
LP008230,Female,Yes,0,Graduate,No,4655,673.0,136.0,360.0,1.0,Semiurban,Y
LP008231,Female,Yes,1,Graduate,No,6904,613.0,350.0,360.0,1.0,Semiurban,Y
LP008232,Male,Yes,3+,Graduate,No,2539,1454.0,87.0,180.0,1.0,Rural,Y
LP008233,Male,Yes,2,Graduate,No,2576,817.0,94.0,480.0,1.0,Semiurban,Y
LP008234,Female,No,0,Graduate,Yes,2920,0.0,83.0,180.0,1.0,Semiurban,Y
LP008235,Male,Yes,3+,Graduate,No,10672,1063.0,360.0,360.0,1.0,Urban,Y
LP008236,Male,Yes,0,Not Graduate,No,2453,1713.0,101.0,360.0,1.0,Urban,Y
LP008237,Male,Yes,1,Not Graduate,No,1828,1988.0,71.0,360.0,1.0,Rural,Y
LP008238,Female,No,0,Graduate,No,3247,0.0,85.0,180.0,1.0,Urban,Y
LP008239,Male,Yes,0,Graduate,No,3006,0.0,74.0,360.0,1.0,Rural,Y
LP008240,Male,Yes,2,Graduate,No,9461,1399.0,328.0,360.0,1.0,Rural,Y
LP008241,Female,Yes,0,Graduate,No,3178,0.0,78.0,360.0,0.0,Rural,N
LP008242,Male,Yes,0,Graduate,No,4885,4158.0,315.0,360.0,1.0,Semiurban,Y
LP008243,Male,Yes,2,Not Graduate,No,3567,1750.0,115.0,360.0,1.0,Semiurban,Y
LP008244,Female,Yes,1,Not Graduate,Yes,2761,0.0,110.0,480.0,1.0,Urban,Y
LP008245,Male,Yes,1,Graduate,Yes,8440,1701.0,245.0,300.0,1.0,Rural,Y
LP008246,Male,Yes,2,Graduate,No,5444,1463.0,140.0,360.0,1.0,Urban,Y
LP008247,Male,Yes,2,Not Graduate,No,9117,1293.0,260.0,360.0,1.0,Semiurban,Y
LP008248,Male,No,2,Graduate,Yes,6678,2967.0,217.0,360.0,1.0,Rural,Y
LP008249,Male,No,0,Not Graduate,No,1414,0.0,30.0,300.0,1.0,Semiurban,Y
LP008250,Male,No,1,Graduate,No,4353,0.0,161.0,360.0,1.0,Rural,Y
LP008251,Male,Yes,1,Graduate,No,2496,0.0,92.0,360.0,1.0,Rural,Y
LP008252,Male,Yes,2,Graduate,No,6059,0.0,205.0,360.0,1.0,Semiurban,Y
LP008253,Male,Yes,0,Graduate,No,3469,870.0,98.0,360.0,0.0,Semiurban,N
LP008254,Female,Yes,2,Graduate,No,1264,1963.0,93.0,120.0,1.0,Semiurban,Y
LP008255,Male,Yes,0,Graduate,No,1000,0.0,20.0,480.0,1.0,Urban,N
LP008256,Male,Yes,0,Graduate,No,2685,2765.0,146.0,360.0,1.0,Semiurban,Y
LP008257,Male,No,0,Graduate,No,1929,0.0,43.0,360.0,0.0,Semiurban,N
LP008258,Male,Yes,0,Graduate,No,3458,851.0,187.0,360.0,1.0,Urban,Y
LP008259,Male,Yes,0,Graduate,No,4618,1430.0,197.0,360.0,1.0,Rural,Y
LP008260,Male,Yes,0,Graduate,No,4451,1589.0,142.0,360.0,1.0,Urban,Y
LP008261,Male,No,2,Graduate,Yes,7266,0.0,240.0,300.0,1.0,Urban,Y
LP008262,Male,Yes,3+,Graduate,No,4335,784.0,165.0,360.0,1.0,Urban,Y
LP008263,Male,No,2,Graduate,No,9231,1403.0,430.0,360.0,1.0,Rural,Y
LP008264,Male,Yes,0,Graduate,No,1025,1390.0,106.0,360.0,1.0,Rural,Y
LP008265,Male,No,0,Graduate,No,4900,0.0,182.0,360.0,0.0,Urban,N
LP008266,Male,No,1,Graduate,No,2695,0.0,63.0,360.0,1.0,Urban,Y
LP008267,Male,Yes,2,Graduate,No,4819,0.0,164.0,360.0,1.0,Urban,Y
LP008268,Male,Yes,0,Graduate,No,6024,2012.0,199.0,360.0,1.0,Semiurban,Y
LP008269,Male,No,0,Not Graduate,No,1000,0.0,25.0,360.0,1.0,Urban,N
LP008270,Male,Yes,1,Graduate,No,8560,675.0,163.0,360.0,1.0,Semiurban,Y
LP008271,Male,Yes,3+,Graduate,No,5173,0.0,126.0,300.0,1.0,Semiurban,Y
LP008272,Male,No,1,Graduate,No,5934,0.0,180.0,360.0,1.0,Rural,Y
LP008273,Female,No,2,Graduate,No,1466,1374.0,83.0,360.0,1.0,Rural,Y
LP008274,Male,No,2,Not Graduate,No,3561,0.0,103.0,360.0,1.0,Rural,Y
LP008275,Male,Yes,2,Graduate,Yes,6063,1618.0,218.0,180.0,1.0,Rural,Y
LP008276,Male,No,2,Not Graduate,Yes,2768,2890.0,246.0,84.0,1.0,Semiurban,N
LP008277,Male,Yes,2,Graduate,No,2249,639.0,78.0,180.0,1.0,Rural,Y
LP008278,Female,Yes,1,Graduate,Yes,4925,1133.0,186.0,360.0,1.0,Urban,Y
LP008279,Female,No,0,Graduate,No,5482,0.0,256.0,360.0,1.0,Semiurban,Y
LP008280,Male,No,2,Graduate,No,6976,1315.0,269.0,60.0,1.0,Rural,N
LP008281,Male,No,0,Not Graduate,No,8025,0.0,347.0,480.0,1.0,Semiurban,Y
LP008282,Male,No,2,Graduate,No,4811,3501.0,225.0,360.0,1.0,Rural,Y
LP008283,Male,Yes,0,Graduate,No,7168,1969.0,205.0,360.0,0.0,Rural,N
LP008284,Male,Yes,2,Graduate,No,4193,3718.0,159.0,360.0,1.0,Urban,Y
LP008285,Male,Yes,1,Graduate,Yes,2562,0.0,54.0,360.0,1.0,Urban,Y
LP008286,Male,No,2,Graduate,No,3053,0.0,94.0,360.0,1.0,Semiurban,Y
LP008287,Female,Yes,2,Graduate,No,2006,1651.0,98.0,180.0,1.0,Urban,Y
LP008288,Male,Yes,2,Not Graduate,No,5274,0.0,206.0,360.0,1.0,Semiurban,Y
LP008289,Male,Yes,0,Graduate,No,2164,1356.0,83.0,360.0,1.0,Urban,Y
LP008290,Male,Yes,0,Graduate,No,2315,3513.0,180.0,360.0,0.0,Urban,N
LP008291,Male,Yes,2,Graduate,Yes,4463,0.0,107.0,360.0,1.0,Semiurban,Y
LP008292,Male,Yes,0,Graduate,No,10591,0.0,246.0,360.0,0.0,Semiurban,N
LP008293,Male,Yes,0,Graduate,No,3703,1751.0,177.0,360.0,1.0,Semiurban,Y
LP008294,Male,Yes,0,Not Graduate,No,4549,1412.0,106.0,180.0,1.0,Rural,Y
LP008295,Male,Yes,0,Graduate,No,8322,6393.0,417.0,360.0,1.0,Rural,Y
LP008296,Male,No,1,Graduate,Yes,2669,0.0,118.0,360.0,1.0,Rural,Y
LP008297,Female,No,0,Graduate,Yes,5286,2065.0,206.0,360.0,1.0,Urban,Y
LP008298,Male,No,0,Graduate,Yes,2821,1033.0,160.0,360.0,1.0,Rural,Y
LP008299,Male,No,0,Graduate,No,3738,1640.0,165.0,360.0,1.0,Semiurban,Y
LP008300,Male,No,0,Graduate,No,1741,0.0,28.0,360.0,0.0,Semiurban,N
LP008301,Male,Yes,1,Graduate,Yes,2326,684.0,132.0,360.0,1.0,Urban,Y
LP008302,Male,Yes,0,Graduate,No,2443,0.0,84.0,60.0,1.0,Semiurban,N
LP008303,Male,Yes,0,Graduate,No,4579,1094.0,177.0,360.0,1.0,Semiurban,Y
LP008304,Female,Yes,0,Not Graduate,No,6138,0.0,127.0,360.0,1.0,Rural,Y
LP008305,Male,Yes,2,Not Graduate,No,3276,2478.0,166.0,360.0,1.0,Urban,Y
LP008306,Male,Yes,0,Graduate,No,8547,2357.0,362.0,360.0,1.0,Rural,Y
LP008307,Male,Yes,0,Graduate,No,2845,1359.0,222.0,360.0,1.0,Urban,Y
LP008308,Male,Yes,0,Graduate,No,6054,2271.0,237.0,360.0,1.0,Urban,Y
LP008309,Male,No,0,Graduate,No,3975,533.0,98.0,360.0,1.0,Rural,Y
LP008310,Male,Yes,0,Graduate,No,3561,1851.0,83.0,360.0,1.0,Semiurban,Y
LP008311,Male,Yes,0,Graduate,No,3120,0.0,99.0,360.0,1.0,Semiurban,Y
LP008312,Male,No,2,Graduate,Yes,4798,0.0,100.0,360.0,1.0,Urban,Y
LP008313,Male,No,0,Not Graduate,No,3836,0.0,116.0,360.0,1.0,Rural,Y
LP008314,Male,No,0,Graduate,No,5747,0.0,152.0,360.0,1.0,Rural,Y
LP008315,Male,No,3+,Graduate,Yes,5012,0.0,161.0,360.0,1.0,Semiurban,Y
LP008316,Male,Yes,3+,Graduate,No,2225,450.0,53.0,360.0,1.0,Semiurban,Y
LP008317,Male,Yes,0,Not Graduate,No,3035,581.0,126.0,360.0,1.0,Rural,Y
LP008318,Male,No,0,Graduate,No,4244,0.0,97.0,360.0,1.0,Rural,Y
LP008319,Male,Yes,2,Graduate,No,3323,4140.0,176.0,360.0,1.0,Semiurban,Y
LP008320,Female,Yes,0,Not Graduate,No,4414,0.0,78.0,360.0,0.0,Rural,N
LP008321,Male,Yes,0,Not Graduate,No,1268,2830.0,111.0,360.0,1.0,Urban,Y
LP008322,Male,Yes,0,Graduate,No,5285,3828.0,233.0,180.0,1.0,Urban,Y
LP008323,Male,Yes,3+,Graduate,No,5016,1255.0,94.0,180.0,1.0,Semiurban,Y
LP008324,Male,Yes,2,Graduate,No,2836,1931.0,96.0,360.0,1.0,Semiurban,Y
LP008325,Male,Yes,2,Not Graduate,No,3006,0.0,89.0,300.0,1.0,Semiurban,Y
LP008326,Female,Yes,0,Graduate,No,2802,3748.0,158.0,180.0,1.0,Semiurban,Y
LP008327,Male,No,0,Graduate,No,2258,0.0,56.0,360.0,1.0,Semiurban,Y
LP008328,Male,Yes,0,Graduate,No,2224,401.0,73.0,360.0,1.0,Semiurban,Y
LP008329,Male,Yes,0,Not Graduate,No,5444,0.0,164.0,360.0,1.0,Semiurban,Y
LP008330,Male,Yes,0,Graduate,Yes,4867,1624.0,189.0,180.0,1.0,Rural,Y
LP008331,Male,No,1,Graduate,Yes,3208,1243.0,116.0,360.0,1.0,Semiurban,Y
LP008332,Female,No,0,Not Graduate,Yes,4328,2122.0,200.0,360.0,1.0,Semiurban,Y
LP008333,Female,Yes,2,Not Graduate,No,2002,1417.0,79.0,360.0,0.0,Semiurban,N
LP008334,Male,Yes,1,Graduate,No,4351,0.0,157.0,180.0,1.0,Rural,Y
LP008335,Male,Yes,0,Graduate,No,4267,1589.0,322.0,360.0,0.0,Urban,N
LP008336,Male,Yes,0,Graduate,No,11397,0.0,315.0,360.0,1.0,Urban,Y
LP008337,Male,Yes,1,Graduate,Yes,6964,0.0,153.0,360.0,1.0,Urban,Y
LP008338,Male,Yes,2,Not Graduate,Yes,7042,1191.0,204.0,360.0,1.0,Urban,Y
LP008339,Female,Yes,0,Graduate,No,2748,4721.0,341.0,360.0,0.0,Rural,N
LP008340,Male,Yes,0,Graduate,No,1196,2033.0,83.0,360.0,1.0,Urban,Y
LP008341,Female,Yes,0,Graduate,No,3147,0.0,77.0,360.0,1.0,Semiurban,Y
LP008342,Male,No,1,Not Graduate,No,6139,0.0,182.0,240.0,1.0,Urban,Y
LP008343,Male,No,1,Graduate,No,4001,0.0,65.0,360.0,1.0,Rural,Y
LP008344,Male,Yes,2,Graduate,No,4423,1676.0,176.0,360.0,1.0,Semiurban,Y
LP008345,Male,Yes,0,Not Graduate,No,4177,2963.0,201.0,180.0,1.0,Urban,Y
LP008346,Male,No,0,Graduate,Yes,2359,0.0,47.0,360.0,0.0,Rural,N
LP008347,Male,Yes,0,Graduate,No,2703,872.0,92.0,360.0,1.0,Semiurban,Y
LP008348,Female,No,1,Graduate,No,2418,0.0,83.0,360.0,0.0,Rural,N
LP008349,Male,Yes,0,Graduate,Yes,1166,986.0,38.0,240.0,1.0,Rural,Y
LP008350,Male,No,1,Graduate,No,2088,0.0,45.0,360.0,1.0,Rural,Y
LP008351,Female,No,1,Graduate,No,2790,0.0,95.0,240.0,1.0,Urban,Y
LP008352,Female,Yes,3+,Graduate,No,9725,1156.0,275.0,360.0,0.0,Urban,N
LP008353,Male,Yes,0,Graduate,Yes,3583,0.0,76.0,360.0,1.0,Urban,Y
LP008354,Male,Yes,0,Not Graduate,No,2173,0.0,48.0,360.0,1.0,Urban,Y
LP008355,Male,No,2,Not Graduate,No,2952,0.0,59.0,360.0,1.0,Semiurban,Y
LP008356,Female,No,2,Not Graduate,No,8202,0.0,310.0,360.0,1.0,Urban,Y
LP008357,Male,Yes,0,Graduate,No,6629,0.0,220.0,360.0,1.0,Semiurban,Y
LP008358,Male,Yes,0,Not Graduate,No,2511,436.0,105.0,360.0,1.0,Semiurban,Y
LP008359,Male,No,1,Graduate,Yes,5520,0.0,152.0,180.0,1.0,Semiurban,Y
LP008360,Male,No,0,Not Graduate,No,2283,0.0,82.0,360.0,1.0,Urban,Y
LP008361,Male,Yes,1,Graduate,No,4185,1686.0,152.0,360.0,1.0,Urban,Y
LP008362,Male,Yes,0,Graduate,No,5969,3445.0,376.0,360.0,0.0,Urban,N
LP008363,Male,No,1,Graduate,Yes,3879,0.0,114.0,360.0,1.0,Rural,Y
LP008364,Male,Yes,0,Graduate,No,2231,4043.0,147.0,360.0,1.0,Urban,Y
LP008365,Male,No,2,Graduate,No,3153,1881.0,182.0,360.0,1.0,Urban,Y
LP008366,Male,Yes,2,Graduate,No,3162,2436.0,129.0,360.0,1.0,Rural,Y
LP008367,Male,Yes,2,Graduate,Yes,2067,1393.0,153.0,360.0,1.0,Urban,Y
LP008368,Male,No,2,Graduate,No,3996,0.0,104.0,240.0,1.0,Semiurban,Y
LP008369,Male,Yes,0,Graduate,No,2500,2684.0,244.0,360.0,1.0,Semiurban,Y
LP008370,Male,Yes,2,Graduate,No,3755,1233.0,121.0,360.0,1.0,Rural,Y
LP008371,Male,Yes,0,Graduate,No,1942,0.0,57.0,360.0,1.0,Semiurban,Y
LP008372,Male,Yes,3+,Graduate,No,2687,1136.0,84.0,360.0,0.0,Semiurban,N
LP008373,Male,Yes,1,Graduate,No,13993,1198.0,332.0,480.0,1.0,Semiurban,Y
LP008374,Female,Yes,0,Graduate,No,4151,2506.0,169.0,360.0,1.0,Urban,Y
LP008375,Male,Yes,3+,Graduate,No,1298,1228.0,63.0,360.0,1.0,Semiurban,Y
LP008376,Female,No,0,Graduate,Yes,7385,1448.0,196.0,360.0,1.0,Semiurban,Y
